spec_name	pep	mod	score	bm25_score	ion_ratio	intensity_ratio	delta_bm25_score	delta_ion_ratio	delta_intensity_ratio	aa_position	aa_type	pep_length	bm25_pep	bm25_mod	ion_pep	ion_mod	intensity_pep	intensity_mod
20150615_HepG2_Phos_BGP_mono_70ug_3.12022.12022.2.1.dta	ALSPVTSR	3,Phospho[S];	1.000000	9.712573	0.140000	0.210726	0.888450	0.020000	0.020313	0.375	[0, 0, 0, 0, 0, 0, 0, 0, 0, 0, 0, 0, 0, 0, 0, 0, 0, 0, 1, 0, 0, 0, 0, 0, 0, 0]	[0, 1, 0, 0, 0]	TVAPVTSR	3,Phospho[A];	ISAPVTSR	3,Phospho[A];	ISAPVTSR	3,Phospho[A];
20150615_HepG2_Phos_BGP_mono_70ug_3.12022.12022.2.1.dta	ALSPVTSR	6,Phospho[T];	0.000000	2.877935	0.060000	0.061728	-2.986441	-0.026667	-0.057959	0.75	[0, 0, 0, 0, 0, 0, 0, 0, 0, 0, 0, 0, 0, 0, 0, 0, 0, 0, 0, 1, 0, 0, 0, 0, 0, 0]	[0, 1, 0, 0, 0]	ALPSVTSR	4,Phospho[S];	ALSPVTSR	4,Phospho[P];	ALSPVTSR	4,Phospho[P];
20150615_HepG2_Phos_BGP_mono_70ug_3.12022.12022.2.1.dta	ALSPVTSR	7,Phospho[S];	0.000000	2.089477	0.046667	0.044186	-2.065339	-0.013333	-0.033424	0.875	[0, 0, 0, 0, 0, 0, 0, 0, 0, 0, 0, 0, 0, 0, 0, 0, 0, 0, 1, 0, 0, 0, 0, 0, 0, 0]	[0, 1, 0, 0, 0]	ALSPSSIR	4,Phospho[P];	ALSVPSTR	5,Phospho[P];	ALSPSTVR	7,Phospho[V];
20150615_HepG2_Phos_BGP_mono_70ug_3.12022.12022.2.1.dta	ALSPVTSR	8,Phospho[R];	-1.000000	2.093879	0.053333	0.047264	-1.160918	-0.006667	-0.014464	1.0	[0, 0, 0, 0, 0, 0, 0, 0, 0, 0, 0, 0, 0, 0, 0, 0, 0, 1, 0, 0, 0, 0, 0, 0, 0, 0]	[0, 1, 0, 0, 0]	ALSPLSRS	5,Phospho[L];	ALSPLSSR	5,Phospho[L];	ALSPVTRS	6,Phospho[T];
20150615_HepG2_Phos_BGP_mono_70ug_3.12022.12022.2.1.dta	ALSPVTSR	1,Phospho[A];	-1.000000	9.317757	0.133333	0.219711	0.493634	0.013333	0.029299	0.125	[1, 0, 0, 0, 0, 0, 0, 0, 0, 0, 0, 0, 0, 0, 0, 0, 0, 0, 0, 0, 0, 0, 0, 0, 0, 0]	[0, 1, 0, 0, 0]	ISAPVTSR	3,Phospho[A];	SIAPVTSR	3,Phospho[A];	SIAPVTSR	3,Phospho[A];
20150615_HepG2_Phos_BGP_mono_70ug_3.12022.12022.2.1.dta	ALSPVTSR	2,Phospho[L];	-1.000000	9.317757	0.133333	0.219711	0.493634	0.013333	0.029299	0.25	[0, 0, 0, 0, 0, 0, 0, 0, 0, 0, 0, 1, 0, 0, 0, 0, 0, 0, 0, 0, 0, 0, 0, 0, 0, 0]	[0, 1, 0, 0, 0]	TVAPVTSR	3,Phospho[A];	ISAPVTSR	3,Phospho[A];	ISAPVTSR	3,Phospho[A];
20150615_HepG2_Phos_BGP_mono_70ug_3.12039.12039.3.5.dta	ERSDSGGSSSEPFDR	3,Phospho[S];	0.000000	10.690836	0.173333	0.260273	-1.120015	-0.006667	-0.004283	0.2	[0, 0, 0, 0, 0, 0, 0, 0, 0, 0, 0, 0, 0, 0, 0, 0, 0, 0, 1, 0, 0, 0, 0, 0, 0, 0]	[0, 0, 1, 0, 0]	ERDSSGGSSSEPFDR	6,Phospho[G];	ERDSGSGSSSEPFDR	6,Phospho[S];	ESDRSGGSSSEPFDR	5,Phospho[S];
20150615_HepG2_Phos_BGP_mono_70ug_3.12039.12039.3.5.dta	ERSDSGGSSSEPFDR	5,Phospho[S];	1.000000	12.322038	0.193333	0.278463	-0.118719	0.000000	0.000000	0.3333333333333333	[0, 0, 0, 0, 0, 0, 0, 0, 0, 0, 0, 0, 0, 0, 0, 0, 0, 0, 1, 0, 0, 0, 0, 0, 0, 0]	[0, 0, 1, 0, 0]	ERSDSGGSSSEPFDR	7,Phospho[G];	ERSDSNSSSEPFDR	6,Phospho[N];	ERSDGGSSSSEPFDR	7,Phospho[S];
20150615_HepG2_Phos_BGP_mono_70ug_3.12039.12039.3.5.dta	ERSDSGGSSSEPFDR	8,Phospho[S];	0.000000	12.211373	0.193333	0.291318	-0.110665	0.000000	0.012855	0.5333333333333333	[0, 0, 0, 0, 0, 0, 0, 0, 0, 0, 0, 0, 0, 0, 0, 0, 0, 0, 1, 0, 0, 0, 0, 0, 0, 0]	[0, 0, 1, 0, 0]	ERSDSGGSSSEPFDR	6,Phospho[G];	ERSDSNSSSEPFDR	5,Phospho[S];	ERSDSNSSSEPFDR	5,Phospho[S];
20150615_HepG2_Phos_BGP_mono_70ug_3.12039.12039.3.5.dta	ERSDSGGSSSEPFDR	9,Phospho[S];	0.000000	10.091097	0.166667	0.261705	-0.767625	-0.006667	0.001692	0.6	[0, 0, 0, 0, 0, 0, 0, 0, 0, 0, 0, 0, 0, 0, 0, 0, 0, 0, 1, 0, 0, 0, 0, 0, 0, 0]	[0, 0, 1, 0, 0]	ERSDSGSGSSEPFDR	7,Phospho[S];	ERSDSSGGSSEPFDR	8,Phospho[G];	ERSDSSGGSSEPFDR	8,Phospho[G];
20150615_HepG2_Phos_BGP_mono_70ug_3.12039.12039.3.5.dta	ERSDSGGSSSEPFDR	10,Phospho[S];	0.000000	9.218518	0.146667	0.229171	-0.151009	-0.013333	-0.011778	0.6666666666666666	[0, 0, 0, 0, 0, 0, 0, 0, 0, 0, 0, 0, 0, 0, 0, 0, 0, 0, 1, 0, 0, 0, 0, 0, 0, 0]	[0, 0, 1, 0, 0]	ERSDSGGALCCPFDR	9,Phospho[L];	ERSDSGGAICCPFDR	9,Phospho[I];	ERSDSGGAICCPFDR	9,Phospho[I];
20150615_HepG2_Phos_BGP_mono_70ug_3.12039.12039.3.5.dta	ERSDSGGSSSEPFDR	10,Phospho[S];	-1.000000	9.218518	0.146667	0.229171	-0.151009	-0.013333	-0.011778	0.6666666666666666	[0, 0, 0, 0, 0, 0, 0, 0, 0, 0, 0, 0, 0, 0, 0, 0, 0, 0, 1, 0, 0, 0, 0, 0, 0, 0]	[0, 0, 1, 0, 0]	ERSDSGGALCCPFDR	9,Phospho[L];	ERSDSGGAICCPFDR	9,Phospho[I];	ERSDSGGAICCPFDR	9,Phospho[I];
20150615_HepG2_Phos_BGP_mono_70ug_3.12039.12039.3.5.dta	ERSDSGGSSSEPFDR	15,Phospho[R];	-1.000000	3.864724	0.093333	0.104974	-0.384073	0.013333	0.015646	1.0	[0, 0, 0, 0, 0, 0, 0, 0, 0, 0, 0, 0, 0, 0, 0, 0, 0, 1, 0, 0, 0, 0, 0, 0, 0, 0]	[0, 0, 1, 0, 0]	ERSDSGGSSSEGSKWG	15,Phospho[W];	ERSDSGGSSSEGSKWG	15,Phospho[W];	ERSDSGGSSSEGSKWG	15,Phospho[W];
20150615_HepG2_Phos_BGP_mono_70ug_3.12039.12039.3.5.dta	ERSDSGGSSSEPFDR	3,Phospho[S];	-1.000000	10.690836	0.173333	0.260273	-1.120015	-0.006667	-0.004283	0.2	[0, 0, 0, 0, 0, 0, 0, 0, 0, 0, 0, 0, 0, 0, 0, 0, 0, 0, 1, 0, 0, 0, 0, 0, 0, 0]	[0, 0, 1, 0, 0]	ERDSSGGSSSEPFDR	6,Phospho[G];	ERDSGSGSSSEPFDR	6,Phospho[S];	ESDRSGGSSSEPFDR	5,Phospho[S];
20150615_HepG2_Phos_BGP_mono_70ug_3.12404.12404.2.6.dta	SFSSQRPGMER	1,Phospho[S];	0.000000	3.201541	0.142857	0.143958	0.305480	0.017857	0.016367	0.09090909090909091	[0, 0, 0, 0, 0, 0, 0, 0, 0, 0, 0, 0, 0, 0, 0, 0, 0, 0, 1, 0, 0, 0, 0, 0, 0, 0]	[0, 0, 1, 0, 0]	YASSQRPGMER	4,Phospho[S];	YASSQRPGMER	4,Phospho[S];	YASSQRPGMER	4,Phospho[S];
20150615_HepG2_Phos_BGP_mono_70ug_3.12404.12404.2.6.dta	SFSSQRPGMER	3,Phospho[S];	1.000000	3.567848	0.142857	0.143958	0.626410	0.017857	0.014705	0.2727272727272727	[0, 0, 0, 0, 0, 0, 0, 0, 0, 0, 0, 0, 0, 0, 0, 0, 0, 0, 1, 0, 0, 0, 0, 0, 0, 0]	[0, 0, 1, 0, 0]	SQFSSRPGMER	5,Phospho[S];	SSFSQRPGMER	3,Phospho[F];	SAYQSRPGMER	5,Phospho[S];
20150615_HepG2_Phos_BGP_mono_70ug_3.12404.12404.2.6.dta	SFSSQRPGMER	4,Phospho[S];	0.000000	2.896061	0.125000	0.127590	-0.294862	-0.008929	-0.002077	0.36363636363636365	[0, 0, 0, 0, 0, 0, 0, 0, 0, 0, 0, 0, 0, 0, 0, 0, 0, 0, 1, 0, 0, 0, 0, 0, 0, 0]	[0, 0, 1, 0, 0]	SAYSQRPGMER	3,Phospho[Y];	SFSQSRPGMER	5,Phospho[S];	SFQSSRPGMER	5,Phospho[S];
20150615_HepG2_Phos_BGP_mono_70ug_3.12404.12404.2.6.dta	SFSSQRPGMER	8,Phospho[G];	-1.000000	1.094348	0.071429	0.058913	-0.638153	-0.008929	-0.006187	0.7272727272727273	[0, 0, 0, 0, 0, 0, 1, 0, 0, 0, 0, 0, 0, 0, 0, 0, 0, 0, 0, 0, 0, 0, 0, 0, 0, 0]	[0, 0, 1, 0, 0]	SFSSQRPMGER	7,Phospho[P];	SFSSQRPMGER	7,Phospho[P];	SFSSQRPGMER	7,Phospho[P];
20150615_HepG2_Phos_BGP_mono_70ug_3.12404.12404.2.6.dta	SFSSQRPGMER	10,Phospho[E];	-1.000000	0.889849	0.062500	0.058653	-0.203034	0.000000	0.003895	0.9090909090909091	[0, 0, 0, 0, 1, 0, 0, 0, 0, 0, 0, 0, 0, 0, 0, 0, 0, 0, 0, 0, 0, 0, 0, 0, 0, 0]	[0, 0, 1, 0, 0]	SFSSQRPGMRE	9,Phospho[M];	SFSSQRPGMRE	9,Phospho[M];	SFSSQRPGMRE	9,Phospho[M];
20150615_HepG2_Phos_BGP_mono_70ug_3.12533.12533.2.5.dta	LQEDPNYSPQR	7,Phospho[Y];	0.000000	5.314954	0.177966	0.198547	0.000000	0.000000	0.005991	0.6363636363636364	[0, 0, 0, 0, 0, 0, 0, 0, 0, 0, 0, 0, 0, 0, 0, 0, 0, 0, 0, 0, 0, 0, 0, 0, 1, 0]	[0, 0, 1, 0, 0]	LQEDPNSYQPR	7,Phospho[S];	LQEDPNSYQPR	7,Phospho[S];	LQEDPYNSPQR	8,Phospho[S];
20150615_HepG2_Phos_BGP_mono_70ug_3.12533.12533.2.5.dta	LQEDPNYSPQR	8,Phospho[S];	1.000000	5.924785	0.194915	0.210588	0.734065	0.016949	0.012041	0.7272727272727273	[0, 0, 0, 0, 0, 0, 0, 0, 0, 0, 0, 0, 0, 0, 0, 0, 0, 0, 1, 0, 0, 0, 0, 0, 0, 0]	[0, 0, 1, 0, 0]	LQEDPNYSGAPR	7,Phospho[Y];	LQEDPNYSGAPR	7,Phospho[Y];	LQEDPNYSGAPR	7,Phospho[Y];
20150615_HepG2_Phos_BGP_mono_70ug_3.12533.12533.2.5.dta	LQEDPNYSPQR	1,Phospho[L];	-1.000000	4.202909	0.118644	0.191782	-0.401692	0.000000	0.013527	0.09090909090909091	[0, 0, 0, 0, 0, 0, 0, 0, 0, 0, 0, 1, 0, 0, 0, 0, 0, 0, 0, 0, 0, 0, 0, 0, 0, 0]	[0, 0, 1, 0, 0]	DPATTPNYSPQR	5,Phospho[T];	EQDIPNYSPQR	4,Phospho[I];	QIEDPNYSPQR	2,Phospho[I];
20150615_HepG2_Phos_BGP_mono_70ug_3.12821.12821.2.7.dta	SSLGSHQLPR	1,Phospho[S];	1.000000	13.804486	0.180000	0.255810	2.589786	0.033333	0.053956	0.1	[0, 0, 0, 0, 0, 0, 0, 0, 0, 0, 0, 0, 0, 0, 0, 0, 0, 0, 1, 0, 0, 0, 0, 0, 0, 0]	[0, 1, 0, 0, 0]	SSVASHQLPR	2,Phospho[S];	KESSHQLPR	3,Phospho[S];	KESSHQLPR	3,Phospho[S];
20150615_HepG2_Phos_BGP_mono_70ug_3.12821.12821.2.7.dta	SSLGSHQLPR	2,Phospho[S];	0.000000	13.804486	0.180000	0.255810	1.472862	0.020000	0.020632	0.2	[0, 0, 0, 0, 0, 0, 0, 0, 0, 0, 0, 0, 0, 0, 0, 0, 0, 0, 1, 0, 0, 0, 0, 0, 0, 0]	[0, 1, 0, 0, 0]	STVGSHQLPR	2,Phospho[T];	SVTGSHQLPR	3,Phospho[T];	SVTGSHQLPR	3,Phospho[T];
20150615_HepG2_Phos_BGP_mono_70ug_3.12821.12821.2.7.dta	SSLGSHQLPR	5,Phospho[S];	0.000000	6.768109	0.100000	0.153717	-5.563514	-0.060000	-0.081462	0.5	[0, 0, 0, 0, 0, 0, 0, 0, 0, 0, 0, 0, 0, 0, 0, 0, 0, 0, 1, 0, 0, 0, 0, 0, 0, 0]	[0, 1, 0, 0, 0]	SVTGSHQLPR	2,Phospho[V];	STVGSHQLPR	2,Phospho[T];	SVTGSHQLPR	2,Phospho[V];
20150615_HepG2_Phos_BGP_mono_70ug_3.12821.12821.2.7.dta	SSLGSHQLPR	7,Phospho[Q];	-1.000000	2.493798	0.046667	0.066697	-4.274311	-0.046667	-0.079861	0.7	[0, 0, 0, 0, 0, 0, 0, 0, 0, 0, 0, 0, 0, 0, 0, 0, 1, 0, 0, 0, 0, 0, 0, 0, 0, 0]	[0, 1, 0, 0, 0]	SSLGSHQIPR	5,Phospho[S];	SSLSGHQLPR	5,Phospho[G];	SSLSGHQLPR	5,Phospho[G];
20150615_HepG2_Phos_BGP_mono_70ug_3.12821.12821.2.7.dta	SSLGSHQLPR	9,Phospho[P];	-1.000000	0.044410	0.040000	0.043260	-2.857165	-0.013333	-0.022531	0.9	[0, 0, 0, 0, 0, 0, 0, 0, 0, 0, 0, 0, 0, 0, 0, 1, 0, 0, 0, 0, 0, 0, 0, 0, 0, 0]	[0, 1, 0, 0, 0]	SSLGSGAHIPR	8,Phospho[H];	SSLGSIGHAPR	6,Phospho[I];	SSLGSQHIPR	7,Phospho[H];
20150615_HepG2_Phos_BGP_mono_70ug_3.12821.12821.2.7.dta	SSLGSHQLPR	10,Phospho[R];	-1.000000	0.050886	0.046667	0.047983	-2.396809	0.000000	-0.018714	1.0	[0, 0, 0, 0, 0, 0, 0, 0, 0, 0, 0, 0, 0, 0, 0, 0, 0, 1, 0, 0, 0, 0, 0, 0, 0, 0]	[0, 1, 0, 0, 0]	SSLGSHGAIPR	7,Phospho[G];	SSLGSHGAIPR	8,Phospho[A];	SSLGSHQIPR	7,Phospho[Q];
20150615_HepG2_Phos_BGP_mono_70ug_3.13368.13368.2.8.dta	ASAPSPNAQVACDHCLK	2,Phospho[S];12,Carbamidomethyl[C];15,Carbamidomethyl[C];	1.000000	13.009896	0.364865	0.456379	-0.736163	0.000000	0.001441	0.11764705882352941	[0, 0, 0, 0, 0, 0, 0, 0, 0, 0, 0, 0, 0, 0, 0, 0, 0, 0, 1, 0, 0, 0, 0, 0, 0, 0]	[0, 0, 0, 1, 0]	PSAASPNAQVACDHCLK	2,Phospho[S];12,Carbamidomethyl[C];15,Carbamidomethyl[C];	SPAASPNAQVACDHCLK	1,Phospho[S];12,Carbamidomethyl[C];15,Carbamidomethyl[C];	PTAGSPNAQVACDHCLK	1,Phospho[P];12,Carbamidomethyl[C];15,Carbamidomethyl[C];
20150615_HepG2_Phos_BGP_mono_70ug_3.13368.13368.2.8.dta	ASAPSPNAQVACDHCLK	5,Phospho[S];12,Carbamidomethyl[C];15,Carbamidomethyl[C];	0.000000	13.683463	0.378378	0.468465	0.148778	0.027027	0.020130	0.29411764705882354	[0, 0, 0, 0, 0, 0, 0, 0, 0, 0, 0, 0, 0, 0, 0, 0, 0, 0, 1, 0, 0, 0, 0, 0, 0, 0]	[0, 0, 0, 1, 0]	ASASPPGGAQVACDHCLK	4,Phospho[S];13,Carbamidomethyl[C];16,Carbamidomethyl[C];	AQVDPNAQVACDHCLK	4,Phospho[D];11,Carbamidomethyl[C];14,Carbamidomethyl[C];	AQVDPNAQVACDHCLK	4,Phospho[D];11,Carbamidomethyl[C];14,Carbamidomethyl[C];
20150615_HepG2_Phos_BGP_mono_70ug_3.13368.13368.2.8.dta	ASAPSPNAQVACDHCLK	11,Phospho[A];12,Carbamidomethyl[C];15,Carbamidomethyl[C];	-1.000000	5.667759	0.216216	0.209153	-2.655449	-0.027027	-0.071901	0.6470588235294118	[1, 0, 0, 0, 0, 0, 0, 0, 0, 0, 0, 0, 0, 0, 0, 0, 0, 0, 0, 0, 0, 0, 0, 0, 0, 0]	[0, 0, 0, 1, 0]	ASAPSPNAQAVCDHCLK	8,Phospho[A];12,Carbamidomethyl[C];15,Carbamidomethyl[C];	ASAPSPNAQIGCDHCLK	8,Phospho[A];12,Carbamidomethyl[C];15,Carbamidomethyl[C];	ASAPSPNAQIGCDHCLK	8,Phospho[A];12,Carbamidomethyl[C];15,Carbamidomethyl[C];
20150615_HepG2_Phos_BGP_mono_70ug_3.13368.13368.2.8.dta	ASAPSPNAQVACDHCLK	12,Carbamidomethyl[C];15,Phospho[C];15,Carbamidomethyl[C];	-1.000000	2.131097	0.148649	0.105439	-2.493094	-0.054054	-0.079750	0.8823529411764706	[0, 0, 1, 0, 0, 0, 0, 0, 0, 0, 0, 0, 0, 0, 0, 0, 0, 0, 0, 0, 0, 0, 0, 0, 0, 0]	[0, 0, 0, 1, 0]	ASAPSPNAQVACGDHGCLK	13,Phospho[G];	ASAPSPNAQVAGCDHCLK	13,Phospho[C];16,Carbamidomethyl[C];	ASAPSPNAQVAGCDHCLK	13,Phospho[C];16,Carbamidomethyl[C];
20150615_HepG2_Phos_BGP_mono_70ug_3.13368.13368.2.8.dta	ASAPSPNAQVACDHCLK	12,Carbamidomethyl[C];15,Phospho[C];15,Carbamidomethyl[C];	-1.000000	2.131097	0.148649	0.105439	-2.493094	-0.054054	-0.079750	0.8823529411764706	[0, 0, 1, 0, 0, 0, 0, 0, 0, 0, 0, 0, 0, 0, 0, 0, 0, 0, 0, 0, 0, 0, 0, 0, 0, 0]	[0, 0, 0, 1, 0]	ASAPSPNAQVACGDHGCLK	13,Phospho[G];	ASAPSPNAQVAGCDHCLK	13,Phospho[C];16,Carbamidomethyl[C];	ASAPSPNAQVAGCDHCLK	13,Phospho[C];16,Carbamidomethyl[C];
20150615_HepG2_Phos_BGP_mono_70ug_3.13418.13418.3.6.dta	TSCRLSGGLGAGSCR	1,Phospho[T];3,Carbamidomethyl[C];14,Carbamidomethyl[C];	0.000000	8.461212	0.133333	0.209297	0.821883	0.006667	0.021427	0.06666666666666667	[0, 0, 0, 0, 0, 0, 0, 0, 0, 0, 0, 0, 0, 0, 0, 0, 0, 0, 0, 1, 0, 0, 0, 0, 0, 0]	[0, 0, 1, 0, 0]	YGHFLSGGLGAGSCR	2,Phospho[G];14,Carbamidomethyl[C];	GFNWLSGGLGAGSCR	4,Phospho[W];14,Carbamidomethyl[C];	GFNWLSGGLGAGSCR	4,Phospho[W];14,Carbamidomethyl[C];
20150615_HepG2_Phos_BGP_mono_70ug_3.13418.13418.3.6.dta	TSCRLSGGLGAGSCR	2,Phospho[S];3,Carbamidomethyl[C];14,Carbamidomethyl[C];	0.000000	8.461212	0.133333	0.209297	0.000000	0.006667	0.021427	0.13333333333333333	[0, 0, 0, 0, 0, 0, 0, 0, 0, 0, 0, 0, 0, 0, 0, 0, 0, 0, 1, 0, 0, 0, 0, 0, 0, 0]	[0, 0, 1, 0, 0]	TSCRLSGGLGAGSCR	1,Phospho[T];3,Carbamidomethyl[C];14,Carbamidomethyl[C];	TVGRCTSGGLGAGSCR	6,Phospho[T];15,Carbamidomethyl[C];	GFNWLSGGLGAGSCR	4,Phospho[W];14,Carbamidomethyl[C];
20150615_HepG2_Phos_BGP_mono_70ug_3.13418.13418.3.6.dta	TSCRLSGGLGAGSCR	3,Carbamidomethyl[C];6,Phospho[S];14,Carbamidomethyl[C];	1.000000	8.760344	0.133333	0.196422	0.398923	0.006667	-0.000625	0.4	[0, 0, 0, 0, 0, 0, 0, 0, 0, 0, 0, 0, 0, 0, 0, 0, 0, 0, 1, 0, 0, 0, 0, 0, 0, 0]	[0, 0, 1, 0, 0]	TSCRTVNLGAGSCR	3,Carbamidomethyl[C];5,Phospho[T];13,Carbamidomethyl[C];	TSCRLNSLGAGSCR	3,Carbamidomethyl[C];8,Phospho[L];13,Carbamidomethyl[C];	TSRMTQGGLGAGSCR	6,Phospho[Q];14,Carbamidomethyl[C];
20150615_HepG2_Phos_BGP_mono_70ug_3.13418.13418.3.6.dta	TSCRLSGGLGAGSCR	3,Carbamidomethyl[C];13,Phospho[S];14,Carbamidomethyl[C];	0.000000	4.189540	0.086667	0.092233	-1.689697	-0.020000	-0.041349	0.8666666666666667	[0, 0, 0, 0, 0, 0, 0, 0, 0, 0, 0, 0, 0, 0, 0, 0, 0, 0, 1, 0, 0, 0, 0, 0, 0, 0]	[0, 0, 1, 0, 0]	TSCRLSGGLGGASCR	3,Carbamidomethyl[C];10,Phospho[G];14,Carbamidomethyl[C];	TSCRLSGGLGGASCR	3,Carbamidomethyl[C];10,Phospho[G];14,Carbamidomethyl[C];	TSCRLSGGLAGSGCR	3,Carbamidomethyl[C];11,Phospho[G];14,Carbamidomethyl[C];
20150615_HepG2_Phos_BGP_mono_70ug_3.13418.13418.3.6.dta	TSCRLSGGLGAGSCR	3,Carbamidomethyl[C];8,Phospho[G];14,Carbamidomethyl[C];	-1.000000	8.202154	0.140000	0.198062	-0.322048	0.013333	0.001641	0.5333333333333333	[0, 0, 0, 0, 0, 0, 1, 0, 0, 0, 0, 0, 0, 0, 0, 0, 0, 0, 0, 0, 0, 0, 0, 0, 0, 0]	[0, 0, 1, 0, 0]	TSCRLNSIGAGSCR	3,Carbamidomethyl[C];8,Phospho[I];13,Carbamidomethyl[C];	TSCRLGGSLGAGSCR	3,Carbamidomethyl[C];9,Phospho[L];14,Carbamidomethyl[C];	TSCRLSNIGAGSCR	3,Carbamidomethyl[C];6,Phospho[S];13,Carbamidomethyl[C];
20150615_HepG2_Phos_BGP_mono_70ug_3.13418.13418.3.6.dta	TSCRLSGGLGAGSCR	3,Carbamidomethyl[C];7,Phospho[G];14,Carbamidomethyl[C];	-1.000000	8.197569	0.133333	0.194599	-0.326632	0.006667	-0.001822	0.4666666666666667	[0, 0, 0, 0, 0, 0, 1, 0, 0, 0, 0, 0, 0, 0, 0, 0, 0, 0, 0, 0, 0, 0, 0, 0, 0, 0]	[0, 0, 1, 0, 0]	TSCRLNSIGAGSCR	3,Carbamidomethyl[C];8,Phospho[I];13,Carbamidomethyl[C];	TSCRTVNLGAGSCR	3,Carbamidomethyl[C];5,Phospho[T];13,Carbamidomethyl[C];	TSCRISNLGAGSCR	3,Carbamidomethyl[C];6,Phospho[S];13,Carbamidomethyl[C];
20150615_HepG2_Phos_BGP_mono_70ug_3.13418.13418.3.6.dta	TSCRLSGGLGAGSCR	3,Carbamidomethyl[C];11,Phospho[A];14,Carbamidomethyl[C];	-1.000000	6.503533	0.120000	0.149049	-0.893199	-0.006667	-0.018171	0.7333333333333333	[1, 0, 0, 0, 0, 0, 0, 0, 0, 0, 0, 0, 0, 0, 0, 0, 0, 0, 0, 0, 0, 0, 0, 0, 0, 0]	[0, 0, 1, 0, 0]	TSCRLSGGAVAGSCR	3,Carbamidomethyl[C];9,Phospho[A];14,Carbamidomethyl[C];	TSCRLSGGAVAGSCR	3,Carbamidomethyl[C];9,Phospho[A];14,Carbamidomethyl[C];	TSCRLSGGAVAGSCR	3,Carbamidomethyl[C];9,Phospho[A];14,Carbamidomethyl[C];
20150615_HepG2_Phos_BGP_mono_70ug_3.13418.13418.3.6.dta	TSCRLSGGLGAGSCR	3,Carbamidomethyl[C];6,Phospho[S];14,Carbamidomethyl[C];	-1.000000	8.760344	0.133333	0.196422	0.398923	0.006667	-0.000625	0.4	[0, 0, 0, 0, 0, 0, 0, 0, 0, 0, 0, 0, 0, 0, 0, 0, 0, 0, 1, 0, 0, 0, 0, 0, 0, 0]	[0, 0, 1, 0, 0]	TSCRTVNLGAGSCR	3,Carbamidomethyl[C];5,Phospho[T];13,Carbamidomethyl[C];	TSCRLNSLGAGSCR	3,Carbamidomethyl[C];8,Phospho[L];13,Carbamidomethyl[C];	TSRMTQGGLGAGSCR	6,Phospho[Q];14,Carbamidomethyl[C];
20150615_HepG2_Phos_BGP_mono_70ug_3.16108.16108.3.9.dta	LEHSSFPEGPGPGSGDEANGPR	4,Phospho[S];	0.000000	9.385091	0.160000	0.202043	-1.620261	-0.020000	-0.022506	0.18181818181818182	[0, 0, 0, 0, 0, 0, 0, 0, 0, 0, 0, 0, 0, 0, 0, 0, 0, 0, 1, 0, 0, 0, 0, 0, 0, 0]	[0, 0, 0, 0, 1]	LESHSFPEGPGPGSGDEANGPR	6,Phospho[F];	LEHSYAPEGPGPGSGDEANGPR	5,Phospho[Y];	LESHSFPEGPGPGSGDEANGPR	6,Phospho[F];
20150615_HepG2_Phos_BGP_mono_70ug_3.16108.16108.3.9.dta	LEHSSFPEGPGPGSGDEANGPR	5,Phospho[S];	0.000000	10.258128	0.180000	0.223302	-1.841707	0.000000	-0.015705	0.22727272727272727	[0, 0, 0, 0, 0, 0, 0, 0, 0, 0, 0, 0, 0, 0, 0, 0, 0, 0, 1, 0, 0, 0, 0, 0, 0, 0]	[0, 0, 0, 0, 1]	LEHSFSPEGPGPGSGDEANGPR	8,Phospho[E];	LEHSFSEPGPGPGSGDEANGPR	8,Phospho[P];	LEHSFSEPGPGPGSGDEANGPR	8,Phospho[P];
20150615_HepG2_Phos_BGP_mono_70ug_3.16108.16108.3.9.dta	LEHSSFPEGPGPGSGDEANGPR	14,Phospho[S];	1.000000	16.598927	0.253333	0.322133	-0.089421	0.013333	0.003906	0.6363636363636364	[0, 0, 0, 0, 0, 0, 0, 0, 0, 0, 0, 0, 0, 0, 0, 0, 0, 0, 1, 0, 0, 0, 0, 0, 0, 0]	[0, 0, 0, 0, 1]	LEHSSFPEGPGGPGSDEANGPR	12,Phospho[G];	LEHSSFPEGPGPGSGDEANGPR	11,Phospho[G];	LEHSSFPEGPGPGSGDEANGPR	11,Phospho[G];
20150615_HepG2_Phos_BGP_mono_70ug_3.16108.16108.3.9.dta	LEHSSFPEGPGPGSGDEANGPR	14,Phospho[S];	-1.000000	16.598927	0.253333	0.322133	-0.089421	0.013333	0.003906	0.6363636363636364	[0, 0, 0, 0, 0, 0, 0, 0, 0, 0, 0, 0, 0, 0, 0, 0, 0, 0, 1, 0, 0, 0, 0, 0, 0, 0]	[0, 0, 0, 0, 1]	LEHSSFPEGPGGPGSDEANGPR	12,Phospho[G];	LEHSSFPEGPGPGSGDEANGPR	11,Phospho[G];	LEHSSFPEGPGPGSGDEANGPR	11,Phospho[G];
20150615_HepG2_Phos_BGP_mono_70ug_3.16108.16108.3.9.dta	LEHSSFPEGPGPGSGDEANGPR	16,Phospho[D];	-1.000000	14.901848	0.220000	0.286054	-1.424360	-0.026667	-0.022110	0.7272727272727273	[0, 0, 0, 1, 0, 0, 0, 0, 0, 0, 0, 0, 0, 0, 0, 0, 0, 0, 0, 0, 0, 0, 0, 0, 0, 0]	[0, 0, 0, 0, 1]	LEHSSFPEGPGPGSDGEANGPR	14,Phospho[S];	LEHSSFPEGPGPSNDEANGPR	13,Phospho[S];	LEHSSFPEGPGPSNDEANGPR	13,Phospho[S];
20150615_HepG2_Phos_BGP_mono_70ug_3.16108.16108.3.9.dta	LEHSSFPEGPGPGSGDEANGPR	6,Phospho[F];	-1.000000	11.861182	0.193333	0.240858	-1.840352	0.000000	-0.015705	0.2727272727272727	[0, 0, 0, 0, 0, 1, 0, 0, 0, 0, 0, 0, 0, 0, 0, 0, 0, 0, 0, 0, 0, 0, 0, 0, 0, 0]	[0, 0, 0, 0, 1]	LEHSSFGPEPGPGSGDEANGPR	9,Phospho[E];	LEHSSFGPEPGPGSGDEANGPR	9,Phospho[E];	LEHSSFEPGPGPGSGDEANGPR	8,Phospho[P];
20150615_HepG2_Phos_BGP_mono_70ug_3.16714.16714.2.1.dta	GRSFAGNLNTYK	3,Phospho[S];	1.000000	8.937713	0.106667	0.119288	-0.010986	0.000000	0.000000	0.25	[0, 0, 0, 0, 0, 0, 0, 0, 0, 0, 0, 0, 0, 0, 0, 0, 0, 0, 1, 0, 0, 0, 0, 0, 0, 0]	[0, 0, 1, 0, 0]	PVHNAGNLNTYK	3,Phospho[H];	VPNHAGNLNTYK	3,Phospho[N];	GRSFAGNLNTYK	4,Phospho[F];
20150615_HepG2_Phos_BGP_mono_70ug_3.16714.16714.2.1.dta	GRSFAGNLNTYK	10,Phospho[T];	0.000000	4.912520	0.053333	0.072736	-1.688672	-0.026667	-0.022136	0.8333333333333334	[0, 0, 0, 0, 0, 0, 0, 0, 0, 0, 0, 0, 0, 0, 0, 0, 0, 0, 0, 1, 0, 0, 0, 0, 0, 0]	[0, 0, 1, 0, 0]	GRSFAGNIGGTYK	7,Phospho[N];	GRSFAGNLNTYK	8,Phospho[L];	GRSFAGNINTYK	8,Phospho[I];
20150615_HepG2_Phos_BGP_mono_70ug_3.16714.16714.2.1.dta	GRSFAGNLNTYK	11,Phospho[Y];	0.000000	4.015138	0.053333	0.065046	-1.218077	-0.006667	-0.008997	0.9166666666666666	[0, 0, 0, 0, 0, 0, 0, 0, 0, 0, 0, 0, 0, 0, 0, 0, 0, 0, 0, 0, 0, 0, 0, 0, 1, 0]	[0, 0, 1, 0, 0]	GRSFAGNNITYK	8,Phospho[N];	GRSFAGNQVTYK	8,Phospho[Q];	GRSFAGNNITYK	8,Phospho[N];
20150615_HepG2_Phos_BGP_mono_70ug_3.16714.16714.2.1.dta	GRSFAGNLNTYK	11,Phospho[Y];	-1.000000	4.015138	0.053333	0.065046	-1.218077	-0.006667	-0.008997	0.9166666666666666	[0, 0, 0, 0, 0, 0, 0, 0, 0, 0, 0, 0, 0, 0, 0, 0, 0, 0, 0, 0, 0, 0, 0, 0, 1, 0]	[0, 0, 1, 0, 0]	GRSFAGNNITYK	8,Phospho[N];	GRSFAGNQVTYK	8,Phospho[Q];	GRSFAGNNITYK	8,Phospho[N];
20150615_HepG2_Phos_BGP_mono_70ug_3.16714.16714.2.1.dta	GRSFAGNLNTYK	1,Phospho[G];	-1.000000	8.150778	0.093333	0.102565	-0.797920	-0.013333	-0.016723	0.08333333333333333	[0, 0, 0, 0, 0, 0, 1, 0, 0, 0, 0, 0, 0, 0, 0, 0, 0, 0, 0, 0, 0, 0, 0, 0, 0, 0]	[0, 0, 1, 0, 0]	PVHNAGNLNTYK	3,Phospho[H];	VPHNAGNLNTYK	4,Phospho[N];	GRSFAGNLNTYK	4,Phospho[F];
20150615_HepG2_Phos_BGP_mono_70ug_3.16714.16714.2.1.dta	GRSFAGNLNTYK	2,Phospho[R];	-1.000000	8.150778	0.093333	0.102565	-0.797920	-0.013333	-0.016723	0.16666666666666666	[0, 0, 0, 0, 0, 0, 0, 0, 0, 0, 0, 0, 0, 0, 0, 0, 0, 1, 0, 0, 0, 0, 0, 0, 0, 0]	[0, 0, 1, 0, 0]	PVHNAGNLNTYK	3,Phospho[H];	VPHNAGNLNTYK	4,Phospho[N];	GRAYAGNLNTYK	3,Phospho[A];
20150615_HepG2_Phos_BGP_mono_70ug_3.17204.17204.3.5.dta	DGTAPPPQSPGSPGTGQDEEWSDEESPR	3,Phospho[T];	0.000000	6.230383	0.180000	0.213018	-2.048920	-0.006667	-0.015927	0.10714285714285714	[0, 0, 0, 0, 0, 0, 0, 0, 0, 0, 0, 0, 0, 0, 0, 0, 0, 0, 0, 1, 0, 0, 0, 0, 0, 0]	[0, 0, 0, 0, 1]	DGPATPPQSPGSPGTGQDEEWSDEESPR	6,Phospho[P];	DSAPAPPQSPGSPGTGQDEEWSDEESPR	5,Phospho[A];	DSAPAPPQSPGSPGTGQDEEWSDEESPR	5,Phospho[A];
20150615_HepG2_Phos_BGP_mono_70ug_3.17204.17204.3.5.dta	DGTAPPPQSPGSPGTGQDEEWSDEESPR	9,Phospho[S];	0.000000	10.805830	0.213333	0.245820	-2.179318	-0.033333	-0.028652	0.32142857142857145	[0, 0, 0, 0, 0, 0, 0, 0, 0, 0, 0, 0, 0, 0, 0, 0, 0, 0, 1, 0, 0, 0, 0, 0, 0, 0]	[0, 0, 0, 0, 1]	DGTAPPPAGSGPSPGTGQDEEWSDEESPR	11,Phospho[G];	DGTAPPPAGSGPSPGTGQDEEWSDEESPR	11,Phospho[G];	DGTAPPPAGSGPSPGTGQDEEWSDEESPR	11,Phospho[G];
20150615_HepG2_Phos_BGP_mono_70ug_3.17204.17204.3.5.dta	DGTAPPPQSPGSPGTGQDEEWSDEESPR	12,Phospho[S];	0.000000	13.098580	0.260000	0.291711	-2.139818	-0.013333	-0.012358	0.42857142857142855	[0, 0, 0, 0, 0, 0, 0, 0, 0, 0, 0, 0, 0, 0, 0, 0, 0, 0, 1, 0, 0, 0, 0, 0, 0, 0]	[0, 0, 0, 0, 1]	DGTAPPPQSPSGGPTGQDEEWSDEESPR	14,Phospho[P];	DGTAPPPQSPGSPASGQDEEWSDEESPR	14,Phospho[A];	DGTAPPPQSPGSPASGQDEEWSDEESPR	14,Phospho[A];
20150615_HepG2_Phos_BGP_mono_70ug_3.17204.17204.3.5.dta	DGTAPPPQSPGSPGTGQDEEWSDEESPR	15,Phospho[T];	0.000000	15.552826	0.280000	0.309785	-0.809780	-0.006667	-0.006278	0.5357142857142857	[0, 0, 0, 0, 0, 0, 0, 0, 0, 0, 0, 0, 0, 0, 0, 0, 0, 0, 0, 1, 0, 0, 0, 0, 0, 0]	[0, 0, 0, 0, 1]	DGTAPPPQSPGSPGGTQDEEWSDEESPR	16,Phospho[T];	DGTAPPPQSPGSPNTQDEEWSDEESPR	15,Phospho[T];	DGTAPPPQSPGSPNTQDEEWSDEESPR	15,Phospho[T];
20150615_HepG2_Phos_BGP_mono_70ug_3.17204.17204.3.5.dta	DGTAPPPQSPGSPGTGQDEEWSDEESPR	22,Phospho[S];	1.000000	17.682170	0.320000	0.342747	0.852867	-0.006667	0.004535	0.7857142857142857	[0, 0, 0, 0, 0, 0, 0, 0, 0, 0, 0, 0, 0, 0, 0, 0, 0, 0, 1, 0, 0, 0, 0, 0, 0, 0]	[0, 0, 0, 0, 1]	DGTAPPPQSPGSPGTGQDEEWSDEESPR	21,Phospho[W];	DGTAPPPQSPGSPGTGQDFDGDPDEESPR	21,Phospho[G];	DGTAPPPQSPGSPGTGQDFDGDPDEESPR	21,Phospho[G];
20150615_HepG2_Phos_BGP_mono_70ug_3.17204.17204.3.5.dta	DGTAPPPQSPGSPGTGQDEEWSDEESPR	26,Phospho[S];	0.000000	13.244216	0.280000	0.275455	-0.942307	-0.006667	-0.014108	0.9285714285714286	[0, 0, 0, 0, 0, 0, 0, 0, 0, 0, 0, 0, 0, 0, 0, 0, 0, 0, 1, 0, 0, 0, 0, 0, 0, 0]	[0, 0, 0, 0, 1]	DGTAPPPQSPGSPGTGQDEEWSDEEPSR	24,Phospho[E];	DGTAPPPQSPGSPGTGQDEEWSDEEPSR	24,Phospho[E];	DGTAPPPQSPGSPGTGQDEEWSEDTDPR	23,Phospho[E];
20150615_HepG2_Phos_BGP_mono_70ug_3.17204.17204.3.5.dta	DGTAPPPQSPGSPGTGQDEEWSDEESPR	20,Phospho[E];	-1.000000	16.235309	0.306667	0.328128	-0.855163	-0.013333	-0.010084	0.7142857142857143	[0, 0, 0, 0, 1, 0, 0, 0, 0, 0, 0, 0, 0, 0, 0, 0, 0, 0, 0, 0, 0, 0, 0, 0, 0, 0]	[0, 0, 0, 0, 1]	DGTAPPPQSPGSPGTGQDEWESDEESPR	22,Phospho[S];	DGTAPPPQSPGSPGTGQDEEWSDEESPR	22,Phospho[S];	DGTAPPPQSPGSPGTGQDFDGDPDEESPR	21,Phospho[G];
20150615_HepG2_Phos_BGP_mono_70ug_3.17204.17204.3.5.dta	DGTAPPPQSPGSPGTGQDEEWSDEESPR	4,Phospho[A];	-1.000000	8.086725	0.200000	0.246448	-0.318952	0.013333	0.017503	0.14285714285714285	[1, 0, 0, 0, 0, 0, 0, 0, 0, 0, 0, 0, 0, 0, 0, 0, 0, 0, 0, 0, 0, 0, 0, 0, 0, 0]	[0, 0, 0, 0, 1]	DGTSKFQSPGSPGTGQDEEWSDEESPR	6,Phospho[F];	DSAPAPPQSPGSPGTGQDEEWSDEESPR	5,Phospho[A];	DSAPAPPQSPGSPGTGQDEEWSDEESPR	5,Phospho[A];
20150615_HepG2_Phos_BGP_mono_70ug_3.17204.17204.3.5.dta	DGTAPPPQSPGSPGTGQDEEWSDEESPR	22,Phospho[S];	-1.000000	17.682170	0.320000	0.342747	0.852867	-0.006667	0.004535	0.7857142857142857	[0, 0, 0, 0, 0, 0, 0, 0, 0, 0, 0, 0, 0, 0, 0, 0, 0, 0, 1, 0, 0, 0, 0, 0, 0, 0]	[0, 0, 0, 0, 1]	DGTAPPPQSPGSPGTGQDEEWSDEESPR	21,Phospho[W];	DGTAPPPQSPGSPGTGQDFDGDPDEESPR	21,Phospho[G];	DGTAPPPQSPGSPGTGQDFDGDPDEESPR	21,Phospho[G];
20150615_HepG2_Phos_BGP_mono_70ug_3.17204.17204.3.5.dta	DGTAPPPQSPGSPGTGQDEEWSDEESPR	2,Phospho[G];	-1.000000	6.230383	0.180000	0.213018	-1.856341	-0.006667	-0.015927	0.07142857142857142	[0, 0, 0, 0, 0, 0, 1, 0, 0, 0, 0, 0, 0, 0, 0, 0, 0, 0, 0, 0, 0, 0, 0, 0, 0, 0]	[0, 0, 0, 0, 1]	DGTAPPPQSPGSPGTGQDEEWSDEESPR	4,Phospho[A];	DSAPAPPQSPGSPGTGQDEEWSDEESPR	5,Phospho[A];	DSAPAPPQSPGSPGTGQDEEWSDEESPR	5,Phospho[A];
20150615_HepG2_Phos_BGP_mono_70ug_3.17204.17204.3.5.dta	DGTAPPPQSPGSPGTGQDEEWSDEESPR	1,Phospho[D];	-1.000000	6.230383	0.180000	0.213018	-0.693491	0.000000	0.000000	0.03571428571428571	[0, 0, 0, 1, 0, 0, 0, 0, 0, 0, 0, 0, 0, 0, 0, 0, 0, 0, 0, 0, 0, 0, 0, 0, 0, 0]	[0, 0, 0, 0, 1]	SEGAPPPQSPGSPGTGQDEEWSDEESPR	3,Phospho[G];	SEAGPPPQSPGSPGTGQDEEWSDEESPR	4,Phospho[G];	SEAGPPPQSPGSPGTGQDEEWSDEESPR	4,Phospho[G];
20150615_HepG2_Phos_BGP_mono_70ug_3.17204.17204.3.5.dta	DGTAPPPQSPGSPGTGQDEEWSDEESPR	18,Phospho[D];	-1.000000	15.560083	0.286667	0.315772	-0.675225	-0.020000	-0.016475	0.6428571428571429	[0, 0, 0, 1, 0, 0, 0, 0, 0, 0, 0, 0, 0, 0, 0, 0, 0, 0, 0, 0, 0, 0, 0, 0, 0, 0]	[0, 0, 0, 0, 1]	DGTAPPPQSPGSPGTQGDEEWSDEESPR	19,Phospho[E];	DGTAPPPQSPGSPGTGQDEEWSDEESPR	20,Phospho[E];	DGTAPPPQSPGSPGGDTGAEEWSDEESPR	18,Phospho[G];
20150615_HepG2_Phos_BGP_mono_70ug_3.17260.17260.2.9.dta	SLSPQEDALTGSR	1,Phospho[S];	0.000000	11.990277	0.242424	0.355339	0.797468	0.068182	0.100613	0.07692307692307693	[0, 0, 0, 0, 0, 0, 0, 0, 0, 0, 0, 0, 0, 0, 0, 0, 0, 0, 1, 0, 0, 0, 0, 0, 0, 0]	[0, 0, 1, 0, 0]	TPVSQEDALTGSR	4,Phospho[S];	ISPSQEDALTGSR	4,Phospho[S];	PISSQEDALTGSR	3,Phospho[S];
20150615_HepG2_Phos_BGP_mono_70ug_3.17260.17260.2.9.dta	SLSPQEDALTGSR	3,Phospho[S];	1.000000	13.335261	0.219697	0.332334	1.525634	0.015152	0.015359	0.23076923076923078	[0, 0, 0, 0, 0, 0, 0, 0, 0, 0, 0, 0, 0, 0, 0, 0, 0, 0, 1, 0, 0, 0, 0, 0, 0, 0]	[0, 0, 1, 0, 0]	SSIPGAEDALTGSR	2,Phospho[S];	SVTPQEDALTGSR	3,Phospho[T];	SVTPQEDALTGSR	3,Phospho[T];
20150615_HepG2_Phos_BGP_mono_70ug_3.17260.17260.2.9.dta	SLSPQEDALTGSR	10,Phospho[T];	0.000000	2.279835	0.106061	0.103460	-2.532940	-0.030303	-0.036853	0.7692307692307693	[0, 0, 0, 0, 0, 0, 0, 0, 0, 0, 0, 0, 0, 0, 0, 0, 0, 0, 0, 1, 0, 0, 0, 0, 0, 0]	[0, 0, 1, 0, 0]	SLSPQEGEITGSR	7,Phospho[G];	SLSPQETTPTGSR	8,Phospho[T];	SLSPQETTPTGSR	9,Phospho[P];
20150615_HepG2_Phos_BGP_mono_70ug_3.17260.17260.2.9.dta	SLSPQEDALTGSR	12,Phospho[S];	0.000000	1.457701	0.113636	0.101226	-0.822135	-0.007576	-0.018760	0.9230769230769231	[0, 0, 0, 0, 0, 0, 0, 0, 0, 0, 0, 0, 0, 0, 0, 0, 0, 0, 1, 0, 0, 0, 0, 0, 0, 0]	[0, 0, 1, 0, 0]	SLSPQEDAITGSR	10,Phospho[T];	SLSPQEDATGVTR	12,Phospho[T];	SLSPQEDAASISR	11,Phospho[I];
20150615_HepG2_Phos_BGP_mono_70ug_3.17260.17260.2.9.dta	SLSPQEDALTGSR	13,Phospho[R];	-1.000000	1.958081	0.121212	0.106010	-0.041264	0.007576	0.003330	1.0	[0, 0, 0, 0, 0, 0, 0, 0, 0, 0, 0, 0, 0, 0, 0, 0, 0, 1, 0, 0, 0, 0, 0, 0, 0, 0]	[0, 0, 1, 0, 0]	SLSPQEDALSSAR	11,Phospho[S];	SLSPQEDALSSAR	10,Phospho[S];	SLSPQEDALSSAR	10,Phospho[S];
20150615_HepG2_Phos_BGP_mono_70ug_3.17260.17260.2.9.dta	SLSPQEDALTGSR	11,Phospho[G];	-1.000000	1.457701	0.113636	0.101226	-2.542237	-0.015152	-0.031581	0.8461538461538461	[0, 0, 0, 0, 0, 0, 1, 0, 0, 0, 0, 0, 0, 0, 0, 0, 0, 0, 0, 0, 0, 0, 0, 0, 0, 0]	[0, 0, 1, 0, 0]	SLSPQEDAIASSR	8,Phospho[A];	SLSPQEDIATGSR	9,Phospho[A];	SLSPQEDAISASR	8,Phospho[A];
20150615_HepG2_Phos_BGP_mono_70ug_3.17260.17260.2.9.dta	SLSPQEDALTGSR	3,Phospho[S];	-1.000000	13.335261	0.219697	0.332334	1.525634	0.015152	0.015359	0.23076923076923078	[0, 0, 0, 0, 0, 0, 0, 0, 0, 0, 0, 0, 0, 0, 0, 0, 0, 0, 1, 0, 0, 0, 0, 0, 0, 0]	[0, 0, 1, 0, 0]	SSIPGAEDALTGSR	2,Phospho[S];	SVTPQEDALTGSR	3,Phospho[T];	SVTPQEDALTGSR	3,Phospho[T];
20150615_HepG2_Phos_BGP_mono_70ug_3.17260.17260.2.9.dta	SLSPQEDALTGSR	7,Phospho[D];	-1.000000	5.749449	0.143939	0.161934	-3.260681	0.007576	-0.035244	0.5384615384615384	[0, 0, 0, 1, 0, 0, 0, 0, 0, 0, 0, 0, 0, 0, 0, 0, 0, 0, 0, 0, 0, 0, 0, 0, 0, 0]	[0, 0, 1, 0, 0]	SLSPEQDALTGSR	4,Phospho[P];	SLSQPEDALTGSR	5,Phospho[P];	SLSPEQDALTGSR	4,Phospho[P];
20150615_HepG2_Phos_BGP_mono_70ug_3.17475.17475.3.3.dta	SLPAPVAQRPDSPGGGLQAPGQK	1,Phospho[S];	0.000000	12.486687	0.193333	0.256901	-1.484239	-0.006667	-0.009944	0.043478260869565216	[0, 0, 0, 0, 0, 0, 0, 0, 0, 0, 0, 0, 0, 0, 0, 0, 0, 0, 1, 0, 0, 0, 0, 0, 0, 0]	[0, 0, 0, 0, 1]	ISPAPVAQRPDSPGGGLQAPGQK	3,Phospho[P];	ISAPPVAQRPDSPGGGLQAPGQK	3,Phospho[A];	ISPAPVAQRPDSPGGGLQAPGQK	3,Phospho[P];
20150615_HepG2_Phos_BGP_mono_70ug_3.17475.17475.3.3.dta	SLPAPVAQRPDSPGGGLQAPGQK	12,Phospho[S];	1.000000	16.031422	0.233333	0.277234	0.357698	0.013333	0.024562	0.5217391304347826	[0, 0, 0, 0, 0, 0, 0, 0, 0, 0, 0, 0, 0, 0, 0, 0, 0, 0, 1, 0, 0, 0, 0, 0, 0, 0]	[0, 0, 0, 0, 1]	SLPAPVAQVGGQNPGGGLQAPGQK	12,Phospho[Q];	SLPAPVAQVGANGGPGGGLQAPGQK	12,Phospho[N];	SLPAPVAQVGANGGPGGGLQAPGQK	12,Phospho[N];
20150615_HepG2_Phos_BGP_mono_70ug_3.17475.17475.3.3.dta	SLPAPVAQRPDSPGGGLQAPGQK	23,Phospho[K];	-1.000000	7.396866	0.140000	0.163039	-0.611401	0.006667	0.010085	1.0	[0, 0, 0, 0, 0, 0, 0, 0, 0, 0, 1, 0, 0, 0, 0, 0, 0, 0, 0, 0, 0, 0, 0, 0, 0, 0]	[0, 0, 0, 0, 1]	SLPAPVAQRPDSPGGGLQAPNAK	22,Phospho[A];	SLPAPVAQRPDSPGGGLQAPGKQ	21,Phospho[G];	SLPAPVAQRPDSPGGGLQAPGQK	22,Phospho[Q];
20150615_HepG2_Phos_BGP_mono_70ug_3.19122.19122.2.4.dta	DCSYGAVTSPTSTLESR	2,Carbamidomethyl[C];3,Phospho[S];	0.000000	10.254055	0.203883	0.269352	-1.333360	-0.009709	-0.001215	0.17647058823529413	[0, 0, 0, 0, 0, 0, 0, 0, 0, 0, 0, 0, 0, 0, 0, 0, 0, 0, 1, 0, 0, 0, 0, 0, 0, 0]	[0, 0, 0, 1, 0]	DCSYQVTSPTSTLESR	2,Carbamidomethyl[C];5,Phospho[Q];	DCSYGAVTSPTSTLESR	2,Carbamidomethyl[C];5,Phospho[G];	GYSCDGAVTSPTSTLESR	5,Phospho[D];
20150615_HepG2_Phos_BGP_mono_70ug_3.19122.19122.2.4.dta	DCSYGAVTSPTSTLESR	2,Carbamidomethyl[C];4,Phospho[Y];	0.000000	12.126830	0.203883	0.282360	0.093724	-0.038835	-0.033494	0.23529411764705882	[0, 0, 0, 0, 0, 0, 0, 0, 0, 0, 0, 0, 0, 0, 0, 0, 0, 0, 0, 0, 0, 0, 0, 0, 1, 0]	[0, 0, 0, 1, 0]	DCSYGIGTSPTSTLESR	2,Carbamidomethyl[C];6,Phospho[I];	DCSYGVATSPTSTLESR	2,Carbamidomethyl[C];6,Phospho[V];	DCSYGIGTSPTSTLESR	2,Carbamidomethyl[C];6,Phospho[I];
20150615_HepG2_Phos_BGP_mono_70ug_3.19122.19122.2.4.dta	DCSYGAVTSPTSTLESR	2,Carbamidomethyl[C];8,Phospho[T];	0.000000	13.315858	0.291262	0.344909	0.005627	0.009709	0.005596	0.47058823529411764	[0, 0, 0, 0, 0, 0, 0, 0, 0, 0, 0, 0, 0, 0, 0, 0, 0, 0, 0, 1, 0, 0, 0, 0, 0, 0]	[0, 0, 0, 1, 0]	DCSYGAVSTPTSTLESR	2,Carbamidomethyl[C];9,Phospho[T];	DCSYGATVSPTSTLESR	2,Carbamidomethyl[C];7,Phospho[T];	DCSYGAVSTPTSTLESR	2,Carbamidomethyl[C];9,Phospho[T];
20150615_HepG2_Phos_BGP_mono_70ug_3.19122.19122.2.4.dta	DCSYGAVTSPTSTLESR	2,Carbamidomethyl[C];9,Phospho[S];	1.000000	14.421181	0.300971	0.353666	1.746554	0.038835	0.037811	0.5294117647058824	[0, 0, 0, 0, 0, 0, 0, 0, 0, 0, 0, 0, 0, 0, 0, 0, 0, 0, 1, 0, 0, 0, 0, 0, 0, 0]	[0, 0, 0, 1, 0]	DCSYGAVTSTPSTLESR	2,Carbamidomethyl[C];8,Phospho[T];	DCSYGAVTSPTSTLESR	2,Carbamidomethyl[C];10,Phospho[P];	DCSYGGITSPTSTLESR	2,Carbamidomethyl[C];7,Phospho[I];
20150615_HepG2_Phos_BGP_mono_70ug_3.19122.19122.2.4.dta	DCSYGAVTSPTSTLESR	2,Carbamidomethyl[C];11,Phospho[T];	0.000000	12.095148	0.262136	0.293765	-0.579479	-0.009709	-0.007229	0.6470588235294118	[0, 0, 0, 0, 0, 0, 0, 0, 0, 0, 0, 0, 0, 0, 0, 0, 0, 0, 0, 1, 0, 0, 0, 0, 0, 0]	[0, 0, 0, 1, 0]	DCSYGAVTSTPSTLESR	2,Carbamidomethyl[C];8,Phospho[T];	DCSYGAVTPSTSTLESR	2,Carbamidomethyl[C];10,Phospho[S];	DCSYGAVTPSTSTLESR	2,Carbamidomethyl[C];10,Phospho[S];
20150615_HepG2_Phos_BGP_mono_70ug_3.19122.19122.2.4.dta	DCSYGAVTSPTSTLESR	2,Carbamidomethyl[C];12,Phospho[S];	0.000000	11.259876	0.271845	0.289711	-0.829740	0.009709	0.001542	0.7058823529411765	[0, 0, 0, 0, 0, 0, 0, 0, 0, 0, 0, 0, 0, 0, 0, 0, 0, 0, 1, 0, 0, 0, 0, 0, 0, 0]	[0, 0, 0, 1, 0]	DCSYGAVTSTPSTLESR	2,Carbamidomethyl[C];11,Phospho[P];	DCSYGAVTSPTSTLESR	2,Carbamidomethyl[C];10,Phospho[P];	DCSYGAVTSTPSTLESR	2,Carbamidomethyl[C];11,Phospho[P];
20150615_HepG2_Phos_BGP_mono_70ug_3.19122.19122.2.4.dta	DCSYGAVTSPTSTLESR	2,Carbamidomethyl[C];13,Phospho[T];	0.000000	10.471321	0.262136	0.276993	-0.835312	0.009709	-0.002818	0.7647058823529411	[0, 0, 0, 0, 0, 0, 0, 0, 0, 0, 0, 0, 0, 0, 0, 0, 0, 0, 0, 1, 0, 0, 0, 0, 0, 0]	[0, 0, 0, 1, 0]	DCSYGAVTSPTTSIESR	2,Carbamidomethyl[C];11,Phospho[T];	DCSYGAVTSPTTSLESR	2,Carbamidomethyl[C];11,Phospho[T];	DCSYGAVTSPSTTLESR	2,Carbamidomethyl[C];10,Phospho[P];
20150615_HepG2_Phos_BGP_mono_70ug_3.19122.19122.2.4.dta	DCSYGAVTSPTSTLESR	2,Carbamidomethyl[C];16,Phospho[S];	0.000000	8.239081	0.242718	0.245088	-1.321813	0.009709	-0.005901	0.9411764705882353	[0, 0, 0, 0, 0, 0, 0, 0, 0, 0, 0, 0, 0, 0, 0, 0, 0, 0, 1, 0, 0, 0, 0, 0, 0, 0]	[0, 0, 0, 1, 0]	DCSYGAVTSPTSTITDR	2,Carbamidomethyl[C];13,Phospho[T];	DCSYGAVTSPTSITESR	2,Carbamidomethyl[C];14,Phospho[T];	DCSYGAVTSPTSTITDR	2,Carbamidomethyl[C];13,Phospho[T];
20150615_HepG2_Phos_BGP_mono_70ug_3.19122.19122.2.4.dta	DCSYGAVTSPTSTLESR	2,Carbamidomethyl[C];13,Phospho[T];	-1.000000	10.471321	0.262136	0.276993	-0.835312	0.009709	-0.002818	0.7647058823529411	[0, 0, 0, 0, 0, 0, 0, 0, 0, 0, 0, 0, 0, 0, 0, 0, 0, 0, 0, 1, 0, 0, 0, 0, 0, 0]	[0, 0, 0, 1, 0]	DCSYGAVTSPTTSIESR	2,Carbamidomethyl[C];11,Phospho[T];	DCSYGAVTSPTTSLESR	2,Carbamidomethyl[C];11,Phospho[T];	DCSYGAVTSPSTTLESR	2,Carbamidomethyl[C];10,Phospho[P];
20150615_HepG2_Phos_BGP_mono_70ug_3.19122.19122.2.4.dta	DCSYGAVTSPTSTLESR	2,Carbamidomethyl[C];9,Phospho[S];	-1.000000	14.421181	0.300971	0.353666	1.746554	0.038835	0.037811	0.5294117647058824	[0, 0, 0, 0, 0, 0, 0, 0, 0, 0, 0, 0, 0, 0, 0, 0, 0, 0, 1, 0, 0, 0, 0, 0, 0, 0]	[0, 0, 0, 1, 0]	DCSYGAVTSTPSTLESR	2,Carbamidomethyl[C];8,Phospho[T];	DCSYGAVTSPTSTLESR	2,Carbamidomethyl[C];10,Phospho[P];	DCSYGGITSPTSTLESR	2,Carbamidomethyl[C];7,Phospho[I];
20150615_HepG2_Phos_BGP_mono_70ug_3.19122.19122.2.4.dta	DCSYGAVTSPTSTLESR	2,Carbamidomethyl[C];16,Phospho[S];	-1.000000	8.239081	0.242718	0.245088	-1.321813	0.009709	-0.005901	0.9411764705882353	[0, 0, 0, 0, 0, 0, 0, 0, 0, 0, 0, 0, 0, 0, 0, 0, 0, 0, 1, 0, 0, 0, 0, 0, 0, 0]	[0, 0, 0, 1, 0]	DCSYGAVTSPTSTITDR	2,Carbamidomethyl[C];13,Phospho[T];	DCSYGAVTSPTSITESR	2,Carbamidomethyl[C];14,Phospho[T];	DCSYGAVTSPTSTITDR	2,Carbamidomethyl[C];13,Phospho[T];
20150615_HepG2_Phos_BGP_mono_70ug_3.19122.19122.2.4.dta	DCSYGAVTSPTSTLESR	2,Carbamidomethyl[C];14,Phospho[L];	-1.000000	9.699895	0.233010	0.252961	-0.784643	0.000000	-0.008942	0.8235294117647058	[0, 0, 0, 0, 0, 0, 0, 0, 0, 0, 0, 1, 0, 0, 0, 0, 0, 0, 0, 0, 0, 0, 0, 0, 0, 0]	[0, 0, 0, 1, 0]	DCSYGAVTSPSTITESR	2,Carbamidomethyl[C];11,Phospho[S];	DCSYGAVTSPSTITESR	2,Carbamidomethyl[C];11,Phospho[S];	DCSYGAVTSPSTITESR	2,Carbamidomethyl[C];11,Phospho[S];
20150615_HepG2_Phos_BGP_mono_70ug_3.19122.19122.2.4.dta	DCSYGAVTSPTSTLESR	2,Carbamidomethyl[C];4,Phospho[Y];	-1.000000	12.126830	0.203883	0.282360	0.093724	-0.038835	-0.033494	0.23529411764705882	[0, 0, 0, 0, 0, 0, 0, 0, 0, 0, 0, 0, 0, 0, 0, 0, 0, 0, 0, 0, 0, 0, 0, 0, 1, 0]	[0, 0, 0, 1, 0]	DCSYGIGTSPTSTLESR	2,Carbamidomethyl[C];6,Phospho[I];	DCSYGVATSPTSTLESR	2,Carbamidomethyl[C];6,Phospho[V];	DCSYGIGTSPTSTLESR	2,Carbamidomethyl[C];6,Phospho[I];
20150615_HepG2_Phos_BGP_mono_70ug_3.19122.19122.2.4.dta	DCSYGAVTSPTSTLESR	2,Carbamidomethyl[C];7,Phospho[V];	-1.000000	14.320912	0.300971	0.374170	1.595806	0.019417	0.043079	0.4117647058823529	[0, 0, 0, 0, 0, 0, 0, 0, 0, 0, 0, 0, 0, 0, 0, 0, 0, 0, 0, 0, 0, 1, 0, 0, 0, 0]	[0, 0, 0, 1, 0]	DCSYGAVTPSTSTLESR	2,Carbamidomethyl[C];9,Phospho[P];	DCSYGAISSPTSTLESR	2,Carbamidomethyl[C];7,Phospho[I];	DCSYGATVSPTSTLESR	2,Carbamidomethyl[C];8,Phospho[V];
20150615_HepG2_Phos_BGP_mono_70ug_3.19122.19122.2.4.dta	DCSYGAVTSPTSTLESR	2,Carbamidomethyl[C];6,Phospho[A];	-1.000000	12.033106	0.242718	0.315855	-1.282752	-0.038835	-0.023993	0.35294117647058826	[1, 0, 0, 0, 0, 0, 0, 0, 0, 0, 0, 0, 0, 0, 0, 0, 0, 0, 0, 0, 0, 0, 0, 0, 0, 0]	[0, 0, 0, 1, 0]	DCSYGAVTSPTSTLESR	2,Carbamidomethyl[C];8,Phospho[T];	DCSYGASISPTSTLESR	2,Carbamidomethyl[C];7,Phospho[S];	DCSYGATVSPTSTLESR	2,Carbamidomethyl[C];9,Phospho[S];
20150615_HepG2_Phos_BGP_mono_70ug_3.19122.19122.2.4.dta	DCSYGAVTSPTSTLESR	2,Carbamidomethyl[C];5,Phospho[G];	-1.000000	11.446679	0.213592	0.289336	-1.255037	-0.067961	-0.041754	0.29411764705882354	[0, 0, 0, 0, 0, 0, 1, 0, 0, 0, 0, 0, 0, 0, 0, 0, 0, 0, 0, 0, 0, 0, 0, 0, 0, 0]	[0, 0, 0, 1, 0]	DCSYGASLSPTSTLESR	2,Carbamidomethyl[C];8,Phospho[L];	DCSYGATVSPTSTLESR	2,Carbamidomethyl[C];8,Phospho[V];	DCSYGASISPTSTLESR	2,Carbamidomethyl[C];7,Phospho[S];
20150615_HepG2_Phos_BGP_mono_70ug_3.22590.22590.2.2.dta	YQPLASTASDNDFVTPEPR	1,Phospho[Y];	0.000000	11.396984	0.194030	0.278977	-1.806231	0.007463	0.013882	0.05263157894736842	[0, 0, 0, 0, 0, 0, 0, 0, 0, 0, 0, 0, 0, 0, 0, 0, 0, 0, 0, 0, 0, 0, 0, 0, 1, 0]	[0, 0, 0, 1, 0]	YQIPASTASDNDFVTPEPR	3,Phospho[I];	QYPLASTASDNDFVTPEPR	4,Phospho[L];	QPIYASTASDNDFVTPEPR	4,Phospho[Y];
20150615_HepG2_Phos_BGP_mono_70ug_3.22590.22590.2.2.dta	YQPLASTASDNDFVTPEPR	6,Phospho[S];	1.000000	13.941046	0.231343	0.330307	0.861416	0.022388	0.033780	0.3157894736842105	[0, 0, 0, 0, 0, 0, 0, 0, 0, 0, 0, 0, 0, 0, 0, 0, 0, 0, 1, 0, 0, 0, 0, 0, 0, 0]	[0, 0, 0, 1, 0]	YQPLSAATSDNDFVTPEPR	6,Phospho[A];	YQPLSAATSDNDFVTPEPR	6,Phospho[A];	YQPLSAATSDNDFVTPEPR	6,Phospho[A];
20150615_HepG2_Phos_BGP_mono_70ug_3.22590.22590.2.2.dta	YQPLASTASDNDFVTPEPR	7,Phospho[T];	0.000000	12.421244	0.223881	0.319268	-0.658385	0.014925	0.022741	0.3684210526315789	[0, 0, 0, 0, 0, 0, 0, 0, 0, 0, 0, 0, 0, 0, 0, 0, 0, 0, 0, 1, 0, 0, 0, 0, 0, 0]	[0, 0, 0, 1, 0]	YQPLGTATSDNDFVTPEPR	6,Phospho[T];	YQPLGTATSDNDFVTPEPR	6,Phospho[T];	YQPLGTATSDNDFVTPEPR	6,Phospho[T];
20150615_HepG2_Phos_BGP_mono_70ug_3.22590.22590.2.2.dta	YQPLASTASDNDFVTPEPR	9,Phospho[S];	0.000000	9.914121	0.194030	0.276982	-1.655365	-0.014925	-0.023266	0.47368421052631576	[0, 0, 0, 0, 0, 0, 0, 0, 0, 0, 0, 0, 0, 0, 0, 0, 0, 0, 1, 0, 0, 0, 0, 0, 0, 0]	[0, 0, 0, 1, 0]	YQPLASTASDNDFVTPEPR	8,Phospho[A];	YQPLASATSDNDFVTPEPR	8,Phospho[T];	YQPLASATSDNDFVTPEPR	8,Phospho[T];
20150615_HepG2_Phos_BGP_mono_70ug_3.22590.22590.2.2.dta	YQPLASTASDNDFVTPEPR	15,Phospho[T];	0.000000	4.646543	0.141791	0.189048	-1.228262	-0.022388	-0.027746	0.7894736842105263	[0, 0, 0, 0, 0, 0, 0, 0, 0, 0, 0, 0, 0, 0, 0, 0, 0, 0, 0, 1, 0, 0, 0, 0, 0, 0]	[0, 0, 0, 1, 0]	YQPLASTASDNEAVYPEPR	14,Phospho[V];	YQPLASTASDNDFSIPEPR	12,Phospho[D];	YQPLASTASDNEAVYPEPR	15,Phospho[Y];
20150615_HepG2_Phos_BGP_mono_70ug_3.22590.22590.2.2.dta	YQPLASTASDNDFVTPEPR	8,Phospho[A];	-1.000000	11.569486	0.208955	0.300248	-1.510143	0.000000	0.003722	0.42105263157894735	[1, 0, 0, 0, 0, 0, 0, 0, 0, 0, 0, 0, 0, 0, 0, 0, 0, 0, 0, 0, 0, 0, 0, 0, 0, 0]	[0, 0, 0, 1, 0]	YQPLGTATSDNDFVTPEPR	6,Phospho[T];	YQPLGTATSDNDFVTPEPR	6,Phospho[T];	YQPLGTATSDNDFVTPEPR	6,Phospho[T];
20150615_HepG2_Phos_BGP_mono_70ug_3.22590.22590.2.2.dta	YQPLASTASDNDFVTPEPR	17,Phospho[E];	-1.000000	3.685210	0.134328	0.165744	-0.961333	-0.007463	-0.023304	0.8947368421052632	[0, 0, 0, 0, 1, 0, 0, 0, 0, 0, 0, 0, 0, 0, 0, 0, 0, 0, 0, 0, 0, 0, 0, 0, 0, 0]	[0, 0, 0, 1, 0]	YQPLASTASDNDFISEPPR	15,Phospho[S];	YQPLASTASDNDFISEPPR	15,Phospho[S];	YQPLASTASDNDFSIPEPR	15,Phospho[I];
20150615_HepG2_Phos_BGP_mono_70ug_3.22590.22590.2.2.dta	YQPLASTASDNDFVTPEPR	14,Phospho[V];	-1.000000	5.626889	0.156716	0.213389	-1.530479	-0.007463	-0.017394	0.7368421052631579	[0, 0, 0, 0, 0, 0, 0, 0, 0, 0, 0, 0, 0, 0, 0, 0, 0, 0, 0, 0, 0, 1, 0, 0, 0, 0]	[0, 0, 0, 1, 0]	YQPLASTASDNFDVTPEPR	11,Phospho[N];	YQPLASTASDDNFVTPEPR	12,Phospho[N];	YQPLASTASDGGFDVTPEPR	11,Phospho[G];
20150615_HepG2_Phos_BGP_mono_70ug_3.22590.22590.2.2.dta	YQPLASTASDNDFVTPEPR	2,Phospho[Q];	-1.000000	11.393160	0.186567	0.282001	-2.407731	-0.014925	0.002938	0.10526315789473684	[0, 0, 0, 0, 0, 0, 0, 0, 0, 0, 0, 0, 0, 0, 0, 0, 1, 0, 0, 0, 0, 0, 0, 0, 0, 0]	[0, 0, 0, 1, 0]	YAGPIASTASDNDFVTPEPR	6,Phospho[A];	YQPIASTASDNDFVTPEPR	4,Phospho[I];	YGAPALSTASDNDFVTPEPR	6,Phospho[L];
20150615_HepG2_Phos_BGP_mono_70ug_3.22590.22590.2.2.dta	YQPLASTASDNDFVTPEPR	3,Phospho[P];	-1.000000	13.203216	0.186567	0.271746	-0.597675	-0.014925	-0.007318	0.15789473684210525	[0, 0, 0, 0, 0, 0, 0, 0, 0, 0, 0, 0, 0, 0, 0, 1, 0, 0, 0, 0, 0, 0, 0, 0, 0, 0]	[0, 0, 0, 1, 0]	YAGPIASTASDNDFVTPEPR	6,Phospho[A];	YQPLASTASDNDFVTPEPR	4,Phospho[L];	YGAPALSTASDNDFVTPEPR	6,Phospho[L];
20150615_HepG2_Phos_BGP_mono_70ug_3.27402.27402.2.4.dta	DMSPLSETEMALGK	3,Phospho[S];	1.000000	13.607582	0.246269	0.330760	1.349640	0.022388	0.029890	0.21428571428571427	[0, 0, 0, 0, 0, 0, 0, 0, 0, 0, 0, 0, 0, 0, 0, 0, 0, 0, 1, 0, 0, 0, 0, 0, 0, 0]	[0, 0, 1, 0, 0]	DMSPISETEMALGK	2,Phospho[M];	ETCPLSETEMALGK	3,Phospho[C];	DSMPISETEMALGK	3,Phospho[M];
20150615_HepG2_Phos_BGP_mono_70ug_3.27402.27402.2.4.dta	DMSPLSETEMALGK	6,Phospho[S];	0.000000	8.257785	0.171642	0.218633	-1.820391	-0.007463	-0.028036	0.42857142857142855	[0, 0, 0, 0, 0, 0, 0, 0, 0, 0, 0, 0, 0, 0, 0, 0, 0, 0, 1, 0, 0, 0, 0, 0, 0, 0]	[0, 0, 1, 0, 0]	DMSPIESTEMALGK	4,Phospho[P];	DMSPIESTEMALGK	4,Phospho[P];	DMSPIESTEMALGK	4,Phospho[P];
20150615_HepG2_Phos_BGP_mono_70ug_3.27402.27402.2.4.dta	DMSPLSETEMALGK	8,Phospho[T];	0.000000	6.533486	0.141791	0.176222	-2.610111	-0.022388	-0.046652	0.5714285714285714	[0, 0, 0, 0, 0, 0, 0, 0, 0, 0, 0, 0, 0, 0, 0, 0, 0, 0, 0, 1, 0, 0, 0, 0, 0, 0]	[0, 0, 1, 0, 0]	DMSPISTEEMALGK	5,Phospho[I];	DMSPLSTEEMALGK	5,Phospho[L];	DMSPLSTEEMALGK	5,Phospho[L];
20150615_HepG2_Phos_BGP_mono_70ug_3.27402.27402.2.4.dta	DMSPLSETEMALGK	12,Phospho[L];	-1.000000	3.183940	0.149254	0.151369	-1.588626	0.029851	-0.000362	0.8571428571428571	[0, 0, 0, 0, 0, 0, 0, 0, 0, 0, 0, 1, 0, 0, 0, 0, 0, 0, 0, 0, 0, 0, 0, 0, 0, 0]	[0, 0, 1, 0, 0]	DMSPLSETMAIEGK	12,Phospho[E];	DMSPLSETEVCIGK	9,Phospho[E];	DMSPLSETEVCIGK	9,Phospho[E];
20150615_HepG2_Phos_BGP_mono_70ug_3.27402.27402.2.4.dta	DMSPLSETEMALGK	14,Phospho[K];	-1.000000	1.439678	0.126866	0.113838	-1.726503	0.000000	-0.022261	1.0	[0, 0, 0, 0, 0, 0, 0, 0, 0, 0, 1, 0, 0, 0, 0, 0, 0, 0, 0, 0, 0, 0, 0, 0, 0, 0]	[0, 0, 1, 0, 0]	DMSPLSETEMLAKG	11,Phospho[L];	DMSPLSETEMIAGK	12,Phospho[A];	DMSPLSETEMLAKG	11,Phospho[L];
20150615_HepG2_Phos_BGP_mono_70ug_3.28259.28259.3.3.dta	HRHSPTGPPGFPR	4,Phospho[S];	1.000000	12.352023	0.279070	0.375307	1.387283	0.023256	0.022807	0.3076923076923077	[0, 0, 0, 0, 0, 0, 0, 0, 0, 0, 0, 0, 0, 0, 0, 0, 0, 0, 1, 0, 0, 0, 0, 0, 0, 0]	[0, 0, 1, 0, 0]	SHHRPTGPPGFPR	1,Phospho[S];	RHSHPTGPPGFPR	4,Phospho[H];	SHHRPTGPPGFPR	1,Phospho[S];
20150615_HepG2_Phos_BGP_mono_70ug_3.28259.28259.3.3.dta	HRHSPTGPPGFPR	6,Phospho[T];	0.000000	9.741442	0.209302	0.299709	-0.853387	-0.034884	-0.040083	0.46153846153846156	[0, 0, 0, 0, 0, 0, 0, 0, 0, 0, 0, 0, 0, 0, 0, 0, 0, 0, 0, 1, 0, 0, 0, 0, 0, 0]	[0, 0, 1, 0, 0]	HRHPSTGPPGFPR	5,Phospho[S];	HRSHTPGPPGFPR	4,Phospho[H];	HRHSPSAPPGFPR	4,Phospho[S];
20150615_HepG2_Phos_BGP_mono_70ug_3.28259.28259.3.3.dta	HRHSPTGPPGFPR	12,Phospho[P];	-1.000000	3.335171	0.093023	0.089616	-0.760206	-0.011628	-0.025177	0.9230769230769231	[0, 0, 0, 0, 0, 0, 0, 0, 0, 0, 0, 0, 0, 0, 0, 1, 0, 0, 0, 0, 0, 0, 0, 0, 0, 0]	[0, 0, 1, 0, 0]	HRHSPTGPPGFRP	11,Phospho[F];	HRHSPTGPPGFRP	11,Phospho[F];	HRHSPTGPGPFPR	11,Phospho[F];
20150615_HepG2_Phos_BGP_mono_70ug_3.28259.28259.3.3.dta	HRHSPTGPPGFPR	13,Phospho[R];	-1.000000	3.335171	0.093023	0.089616	-0.542089	-0.011628	-0.025177	1.0	[0, 0, 0, 0, 0, 0, 0, 0, 0, 0, 0, 0, 0, 0, 0, 0, 0, 1, 0, 0, 0, 0, 0, 0, 0, 0]	[0, 0, 1, 0, 0]	HRHSPTGPPFRPG	12,Phospho[P];	HRHSPTGPPFRPG	12,Phospho[P];	HRHSPTGPPGFPR	11,Phospho[F];
20150615_HepG2_Phos_BGP_mono_70ug_2.10383.10383.3.7.dta	HVSPVTPPR	3,Phospho[S];	1.000000	9.204542	0.140000	0.214178	-0.118381	0.006667	0.009271	0.3333333333333333	[0, 0, 0, 0, 0, 0, 0, 0, 0, 0, 0, 0, 0, 0, 0, 0, 0, 0, 1, 0, 0, 0, 0, 0, 0, 0]	[0, 1, 0, 0, 0]	HPATLTPPR	5,Phospho[L];	HSVPVTPPR	5,Phospho[V];	HVPSVTPPR	4,Phospho[S];
20150615_HepG2_Phos_BGP_mono_70ug_2.10383.10383.3.7.dta	HVSPVTPPR	6,Phospho[T];	0.000000	7.905103	0.106667	0.175156	-0.278924	-0.006667	-0.006470	0.6666666666666666	[0, 0, 0, 0, 0, 0, 0, 0, 0, 0, 0, 0, 0, 0, 0, 0, 0, 0, 0, 1, 0, 0, 0, 0, 0, 0]	[0, 1, 0, 0, 0]	HVGVVEPPR	5,Phospho[V];	HVSPISPPR	6,Phospho[S];	HVSPTVPPR	6,Phospho[V];
20150615_HepG2_Phos_BGP_mono_70ug_2.10383.10383.3.7.dta	HVSPVTPPR	8,Phospho[P];	-1.000000	4.262961	0.080000	0.101945	-3.642142	-0.026667	-0.073212	0.8888888888888888	[0, 0, 0, 0, 0, 0, 0, 0, 0, 0, 0, 0, 0, 0, 0, 1, 0, 0, 0, 0, 0, 0, 0, 0, 0, 0]	[0, 1, 0, 0, 0]	HVSPSIPPR	5,Phospho[S];	HVSPISPPR	5,Phospho[I];	HVSPISPPR	5,Phospho[I];
20150615_HepG2_Phos_BGP_mono_70ug_2.10383.10383.3.7.dta	HVSPVTPPR	1,Phospho[H];	-1.000000	8.277464	0.126667	0.184215	-0.170988	0.000000	-0.001298	0.1111111111111111	[0, 0, 0, 0, 0, 0, 0, 1, 0, 0, 0, 0, 0, 0, 0, 0, 0, 0, 0, 0, 0, 0, 0, 0, 0, 0]	[0, 1, 0, 0, 0]	VHPSVTPPR	3,Phospho[P];	YTRVTPPR	3,Phospho[R];	YTRVTPPR	3,Phospho[R];
20150615_HepG2_Phos_BGP_mono_70ug_2.10437.10437.2.9.dta	QSLPASPR	2,Phospho[S];	0.000000	6.402047	0.093333	0.165902	-0.578611	-0.006667	-0.012237	0.25	[0, 0, 0, 0, 0, 0, 0, 0, 0, 0, 0, 0, 0, 0, 0, 0, 0, 0, 1, 0, 0, 0, 0, 0, 0, 0]	[0, 1, 0, 0, 0]	AGSIPASPR	5,Phospho[P];	QSIAPSPR	3,Phospho[I];	QSIAPSPR	3,Phospho[I];
20150615_HepG2_Phos_BGP_mono_70ug_2.10437.10437.2.9.dta	QSLPASPR	6,Phospho[S];	1.000000	8.371510	0.146667	0.222327	0.543873	0.006667	0.007097	0.75	[0, 0, 0, 0, 0, 0, 0, 0, 0, 0, 0, 0, 0, 0, 0, 0, 0, 0, 1, 0, 0, 0, 0, 0, 0, 0]	[0, 1, 0, 0, 0]	QSLPSARP	6,Phospho[A];	QSIPSAPR	6,Phospho[A];	QSIPSAPR	6,Phospho[A];
20150615_HepG2_Phos_BGP_mono_70ug_2.10437.10437.2.9.dta	QSLPASPR	7,Phospho[P];	-1.000000	6.891948	0.126667	0.170654	-0.931598	-0.013333	-0.041109	0.875	[0, 0, 0, 0, 0, 0, 0, 0, 0, 0, 0, 0, 0, 0, 0, 1, 0, 0, 0, 0, 0, 0, 0, 0, 0, 0]	[0, 1, 0, 0, 0]	QSLPGTRP	6,Phospho[T];	QSLGTPPR	5,Phospho[T];	QSLPASRP	5,Phospho[A];
20150615_HepG2_Phos_BGP_mono_70ug_2.10437.10437.2.9.dta	QSLPASPR	1,Phospho[Q];	-1.000000	5.968355	0.093333	0.165006	-0.792660	0.000000	-0.009387	0.125	[0, 0, 0, 0, 0, 0, 0, 0, 0, 0, 0, 0, 0, 0, 0, 0, 1, 0, 0, 0, 0, 0, 0, 0, 0, 0]	[0, 1, 0, 0, 0]	NTIPASPR	4,Phospho[P];	AGSIPASPR	4,Phospho[I];	AGSLPASPR	4,Phospho[L];
20150615_HepG2_Phos_BGP_mono_70ug_2.10511.10511.2.5.dta	LNQSSPDNVTDTK	4,Phospho[S];	0.000000	13.997686	0.186667	0.287974	0.461066	0.013333	0.034217	0.3076923076923077	[0, 0, 0, 0, 0, 0, 0, 0, 0, 0, 0, 0, 0, 0, 0, 0, 0, 0, 1, 0, 0, 0, 0, 0, 0, 0]	[0, 0, 1, 0, 0]	LNNTSPDNVTDTK	5,Phospho[S];	LGGNTSPDNVTDTK	6,Phospho[S];	LGGNTSPDNVTDTK	6,Phospho[S];
20150615_HepG2_Phos_BGP_mono_70ug_2.10511.10511.2.5.dta	LNQSSPDNVTDTK	5,Phospho[S];	1.000000	15.305780	0.206667	0.302382	2.319057	0.053333	0.063033	0.38461538461538464	[0, 0, 0, 0, 0, 0, 0, 0, 0, 0, 0, 0, 0, 0, 0, 0, 0, 0, 1, 0, 0, 0, 0, 0, 0, 0]	[0, 0, 1, 0, 0]	LSTNNPDNVTDTK	2,Phospho[S];	LGGTGGSPDNVTDTK	4,Phospho[T];	LGGTGGSPDNVTDTK	4,Phospho[T];
20150615_HepG2_Phos_BGP_mono_70ug_2.10511.10511.2.5.dta	LNQSSPDNVTDTK	10,Phospho[T];	0.000000	7.551465	0.133333	0.183986	-2.467560	0.013333	-0.002936	0.7692307692307693	[0, 0, 0, 0, 0, 0, 0, 0, 0, 0, 0, 0, 0, 0, 0, 0, 0, 0, 0, 1, 0, 0, 0, 0, 0, 0]	[0, 0, 1, 0, 0]	LNQSSPDNTVDTK	7,Phospho[D];	LNQSSPVDNTDTK	7,Phospho[V];	LNQSSPDGGVTDTK	8,Phospho[G];
20150615_HepG2_Phos_BGP_mono_70ug_2.10511.10511.2.5.dta	LNQSSPDNVTDTK	12,Phospho[T];	0.000000	4.083208	0.106667	0.133899	-3.439265	-0.006667	-0.024786	0.9230769230769231	[0, 0, 0, 0, 0, 0, 0, 0, 0, 0, 0, 0, 0, 0, 0, 0, 0, 0, 0, 1, 0, 0, 0, 0, 0, 0]	[0, 0, 1, 0, 0]	LNQSSPDNSLDTK	10,Phospho[L];	LNQSSPDNVSETK	9,Phospho[V];	LNQSSPDNISDTK	9,Phospho[I];
20150615_HepG2_Phos_BGP_mono_70ug_2.10511.10511.2.5.dta	LNQSSPDNVTDTK	12,Phospho[T];	-1.000000	4.083208	0.106667	0.133899	-3.439265	-0.006667	-0.024786	0.9230769230769231	[0, 0, 0, 0, 0, 0, 0, 0, 0, 0, 0, 0, 0, 0, 0, 0, 0, 0, 0, 1, 0, 0, 0, 0, 0, 0]	[0, 0, 1, 0, 0]	LNQSSPDNSLDTK	10,Phospho[L];	LNQSSPDNVSETK	9,Phospho[V];	LNQSSPDNISDTK	9,Phospho[I];
20150615_HepG2_Phos_BGP_mono_70ug_2.10511.10511.2.5.dta	LNQSSPDNVTDTK	2,Phospho[N];	-1.000000	11.322255	0.140000	0.210068	-2.666683	-0.040000	-0.071032	0.15384615384615385	[0, 0, 0, 0, 0, 0, 0, 0, 0, 0, 0, 0, 0, 1, 0, 0, 0, 0, 0, 0, 0, 0, 0, 0, 0, 0]	[0, 0, 1, 0, 0]	VQQSSPDNVTDTK	4,Phospho[S];	INAGSSPDNVTDTK	5,Phospho[S];	INGASSPDNVTDTK	5,Phospho[S];
20150615_HepG2_Phos_BGP_mono_70ug_2.10511.10511.2.5.dta	LNQSSPDNVTDTK	4,Phospho[S];	-1.000000	13.997686	0.186667	0.287974	0.461066	0.013333	0.034217	0.3076923076923077	[0, 0, 0, 0, 0, 0, 0, 0, 0, 0, 0, 0, 0, 0, 0, 0, 0, 0, 1, 0, 0, 0, 0, 0, 0, 0]	[0, 0, 1, 0, 0]	LNNTSPDNVTDTK	5,Phospho[S];	LGGNTSPDNVTDTK	6,Phospho[S];	LGGNTSPDNVTDTK	6,Phospho[S];
20150615_HepG2_Phos_BGP_mono_70ug_2.10907.10907.2.2.dta	SFSSQRPVDR	1,Phospho[S];	0.000000	3.602380	0.086667	0.107022	0.694884	0.020000	0.030970	0.1	[0, 0, 0, 0, 0, 0, 0, 0, 0, 0, 0, 0, 0, 0, 0, 0, 0, 0, 1, 0, 0, 0, 0, 0, 0, 0]	[0, 1, 0, 0, 0]	YTSGQRPVDR	2,Phospho[T];	SFSSQRPVDR	4,Phospho[S];	SFSSQRPVDR	4,Phospho[S];
20150615_HepG2_Phos_BGP_mono_70ug_2.10907.10907.2.2.dta	SFSSQRPVDR	3,Phospho[S];	1.000000	4.068930	0.080000	0.094682	0.482052	0.013333	0.018630	0.3	[0, 0, 0, 0, 0, 0, 0, 0, 0, 0, 0, 0, 0, 0, 0, 0, 0, 0, 1, 0, 0, 0, 0, 0, 0, 0]	[0, 1, 0, 0, 0]	SYASQRPVDR	3,Phospho[A];	SYASQRPVDR	3,Phospho[A];	SFSSQRPVDR	4,Phospho[S];
20150615_HepG2_Phos_BGP_mono_70ug_2.10907.10907.2.2.dta	SFSSQRPVDR	4,Phospho[S];	0.000000	2.859190	0.066667	0.076052	-1.065081	-0.006667	-0.008230	0.4	[0, 0, 0, 0, 0, 0, 0, 0, 0, 0, 0, 0, 0, 0, 0, 0, 0, 0, 1, 0, 0, 0, 0, 0, 0, 0]	[0, 1, 0, 0, 0]	SFSSAGRPVDR	3,Phospho[S];	TYGSQRPVDR	2,Phospho[Y];	SNAYTRPVDR	5,Phospho[T];
20150615_HepG2_Phos_BGP_mono_70ug_2.10907.10907.2.2.dta	SFSSQRPVDR	9,Phospho[D];	-1.000000	2.249230	0.053333	0.054515	-0.239831	0.000000	-0.010790	0.9	[0, 0, 0, 1, 0, 0, 0, 0, 0, 0, 0, 0, 0, 0, 0, 0, 0, 0, 0, 0, 0, 0, 0, 0, 0, 0]	[0, 1, 0, 0, 0]	SFSSQRKTHT	7,Phospho[K];	SFSSQRTKHT	8,Phospho[K];	SFSSQRTKHT	8,Phospho[K];
20150615_HepG2_Phos_BGP_mono_70ug_2.10907.10907.2.2.dta	SFSSQRPVDR	10,Phospho[R];	-1.000000	3.604765	0.073333	0.095108	1.355535	0.020000	0.033821	1.0	[0, 0, 0, 0, 0, 0, 0, 0, 0, 0, 0, 0, 0, 0, 0, 0, 0, 1, 0, 0, 0, 0, 0, 0, 0, 0]	[0, 1, 0, 0, 0]	SFSSQRVPDR	9,Phospho[D];	SFSSQRTKTH	8,Phospho[K];	SFSSQRVPDR	8,Phospho[P];
20150615_HepG2_Phos_BGP_mono_70ug_2.11389.11389.2.4.dta	TEVSPVPR	1,Phospho[T];	0.000000	7.544742	0.113333	0.224506	-0.180745	-0.006667	0.013513	0.125	[0, 0, 0, 0, 0, 0, 0, 0, 0, 0, 0, 0, 0, 0, 0, 0, 0, 0, 0, 1, 0, 0, 0, 0, 0, 0]	[0, 1, 0, 0, 0]	TVESPVPR	4,Phospho[S];	EVTSPVPR	4,Phospho[S];	VTESPVPR	4,Phospho[S];
20150615_HepG2_Phos_BGP_mono_70ug_2.11389.11389.2.4.dta	TEVSPVPR	4,Phospho[S];	1.000000	9.180178	0.153333	0.233619	1.820749	0.040000	0.043914	0.5	[0, 0, 0, 0, 0, 0, 0, 0, 0, 0, 0, 0, 0, 0, 0, 0, 0, 0, 1, 0, 0, 0, 0, 0, 0, 0]	[0, 1, 0, 0, 0]	EVTSPVPR	3,Phospho[T];	ETVSPVPR	2,Phospho[T];	TEVPSVPR	5,Phospho[S];
20150615_HepG2_Phos_BGP_mono_70ug_2.11389.11389.2.4.dta	TEVSPVPR	8,Phospho[R];	-1.000000	4.810836	0.086667	0.120902	-1.275426	-0.013333	0.000663	1.0	[0, 0, 0, 0, 0, 0, 0, 0, 0, 0, 0, 0, 0, 0, 0, 0, 0, 1, 0, 0, 0, 0, 0, 0, 0, 0]	[0, 1, 0, 0, 0]	TEVSVRPP	6,Phospho[R];	TEVSRVPP	5,Phospho[R];	TEVSRVPP	5,Phospho[R];
20150615_HepG2_Phos_BGP_mono_70ug_2.11653.11653.2.8.dta	TQSPEFEAQSSK	1,Phospho[T];	0.000000	11.281949	0.173333	0.221362	0.753351	0.020000	0.031753	0.08333333333333333	[0, 0, 0, 0, 0, 0, 0, 0, 0, 0, 0, 0, 0, 0, 0, 0, 0, 0, 0, 1, 0, 0, 0, 0, 0, 0]	[0, 0, 1, 0, 0]	PQSTEFEAQSSK	4,Phospho[T];	QPSTEFEAQSSK	4,Phospho[T];	PQSTEFEAQSSK	4,Phospho[T];
20150615_HepG2_Phos_BGP_mono_70ug_2.11653.11653.2.8.dta	TQSPEFEAQSSK	3,Phospho[S];	1.000000	12.853061	0.193333	0.249352	1.577371	0.026667	0.032674	0.25	[0, 0, 0, 0, 0, 0, 0, 0, 0, 0, 0, 0, 0, 0, 0, 0, 0, 0, 1, 0, 0, 0, 0, 0, 0, 0]	[0, 0, 1, 0, 0]	TSQPEFEAQSSK	3,Phospho[Q];	TSQPEFEAQSSK	3,Phospho[Q];	TSQPEFEAQSSK	3,Phospho[Q];
20150615_HepG2_Phos_BGP_mono_70ug_2.11653.11653.2.8.dta	TQSPEFEAQSSK	10,Phospho[S];	0.000000	3.283629	0.106667	0.104264	-2.293614	-0.006667	-0.018966	0.8333333333333334	[0, 0, 0, 0, 0, 0, 0, 0, 0, 0, 0, 0, 0, 0, 0, 0, 0, 0, 1, 0, 0, 0, 0, 0, 0, 0]	[0, 0, 1, 0, 0]	TQSPEFAEQSSK	8,Phospho[E];	TQSPEFEAGASSK	8,Phospho[A];	TQSPEFEAGASSK	8,Phospho[A];
20150615_HepG2_Phos_BGP_mono_70ug_2.11653.11653.2.8.dta	TQSPEFEAQSSK	11,Phospho[S];	0.000000	1.686112	0.093333	0.090772	-2.803752	-0.013333	-0.019049	0.9166666666666666	[0, 0, 0, 0, 0, 0, 0, 0, 0, 0, 0, 0, 0, 0, 0, 0, 0, 0, 1, 0, 0, 0, 0, 0, 0, 0]	[0, 0, 1, 0, 0]	TQSPEFEGAASSK	10,Phospho[A];	TQSPEFEAGASSK	10,Phospho[A];	TQSPEFEANTSK	8,Phospho[A];
20150615_HepG2_Phos_BGP_mono_70ug_2.11653.11653.2.8.dta	TQSPEFEAQSSK	10,Phospho[S];	-1.000000	3.283629	0.106667	0.104264	-2.293614	-0.006667	-0.018966	0.8333333333333334	[0, 0, 0, 0, 0, 0, 0, 0, 0, 0, 0, 0, 0, 0, 0, 0, 0, 0, 1, 0, 0, 0, 0, 0, 0, 0]	[0, 0, 1, 0, 0]	TQSPEFAEQSSK	8,Phospho[E];	TQSPEFEAGASSK	8,Phospho[A];	TQSPEFEAGASSK	8,Phospho[A];
20150615_HepG2_Phos_BGP_mono_70ug_2.11653.11653.2.8.dta	TQSPEFEAQSSK	3,Phospho[S];	-1.000000	12.853061	0.193333	0.249352	1.577371	0.026667	0.032674	0.25	[0, 0, 0, 0, 0, 0, 0, 0, 0, 0, 0, 0, 0, 0, 0, 0, 0, 0, 1, 0, 0, 0, 0, 0, 0, 0]	[0, 0, 1, 0, 0]	TSQPEFEAQSSK	3,Phospho[Q];	TSQPEFEAQSSK	3,Phospho[Q];	TSQPEFEAQSSK	3,Phospho[Q];
20150615_HepG2_Phos_BGP_mono_70ug_2.11653.11653.2.8.dta	TQSPEFEAQSSK	2,Phospho[Q];	-1.000000	11.281949	0.173333	0.221362	-0.072711	0.000000	-0.002471	0.16666666666666666	[0, 0, 0, 0, 0, 0, 0, 0, 0, 0, 0, 0, 0, 0, 0, 0, 1, 0, 0, 0, 0, 0, 0, 0, 0, 0]	[0, 0, 1, 0, 0]	TQSEPFEAQSSK	3,Phospho[S];	TTNPEFEAQSSK	2,Phospho[T];	QSTPEFEAQSSK	3,Phospho[T];
20150615_HepG2_Phos_BGP_mono_70ug_2.11925.11925.2.7.dta	FSSVSSPQPR	2,Phospho[S];	0.000000	6.438849	0.086667	0.138082	-0.773922	-0.006667	-0.007609	0.2	[0, 0, 0, 0, 0, 0, 0, 0, 0, 0, 0, 0, 0, 0, 0, 0, 0, 0, 1, 0, 0, 0, 0, 0, 0, 0]	[0, 1, 0, 0, 0]	AYSVSSPQPR	3,Phospho[S];	TVGYSSPQPR	4,Phospho[Y];	TVGYSSPQPR	4,Phospho[Y];
20150615_HepG2_Phos_BGP_mono_70ug_2.11925.11925.2.7.dta	FSSVSSPQPR	3,Phospho[S];	1.000000	7.212771	0.100000	0.155211	0.638794	0.006667	0.015487	0.3	[0, 0, 0, 0, 0, 0, 0, 0, 0, 0, 0, 0, 0, 0, 0, 0, 0, 0, 1, 0, 0, 0, 0, 0, 0, 0]	[0, 1, 0, 0, 0]	KEYSSPQPR	3,Phospho[Y];	TVGYSSPQPR	4,Phospho[Y];	SVAYSSPQPR	4,Phospho[Y];
20150615_HepG2_Phos_BGP_mono_70ug_2.11925.11925.2.7.dta	FSSVSSPQPR	5,Phospho[S];	0.000000	4.218268	0.073333	0.108140	-0.004612	0.006667	0.000237	0.5	[0, 0, 0, 0, 0, 0, 0, 0, 0, 0, 0, 0, 0, 0, 0, 0, 0, 0, 1, 0, 0, 0, 0, 0, 0, 0]	[0, 1, 0, 0, 0]	FSSSVSPQPR	4,Phospho[S];	FSSVSPSQPR	4,Phospho[V];	FSATTSPQPR	3,Phospho[A];
20150615_HepG2_Phos_BGP_mono_70ug_2.11925.11925.2.7.dta	FSSVSSPQPR	6,Phospho[S];	0.000000	3.293729	0.060000	0.086461	-0.923698	-0.020000	0.002768	0.6	[0, 0, 0, 0, 0, 0, 0, 0, 0, 0, 0, 0, 0, 0, 0, 0, 0, 0, 1, 0, 0, 0, 0, 0, 0, 0]	[0, 1, 0, 0, 0]	FSSVSSQPPR	5,Phospho[S];	FSSVSSPQPR	4,Phospho[V];	FSSSPSVQPR	5,Phospho[P];
20150615_HepG2_Phos_BGP_mono_70ug_2.11925.11925.2.7.dta	FSSVSSPQPR	7,Phospho[P];	-1.000000	2.887715	0.053333	0.063899	-1.075571	-0.020000	-0.019794	0.7	[0, 0, 0, 0, 0, 0, 0, 0, 0, 0, 0, 0, 0, 0, 0, 1, 0, 0, 0, 0, 0, 0, 0, 0, 0, 0]	[0, 1, 0, 0, 0]	FSSVTNPSPR	5,Phospho[T];	FSSPSVSQPR	5,Phospho[S];	FSSSPSVQPR	5,Phospho[P];
20150615_HepG2_Phos_BGP_mono_70ug_2.11925.11925.2.7.dta	FSSVSSPQPR	8,Phospho[Q];	-1.000000	2.886733	0.053333	0.061238	-0.349101	-0.013333	-0.020744	0.8	[0, 0, 0, 0, 0, 0, 0, 0, 0, 0, 0, 0, 0, 0, 0, 0, 1, 0, 0, 0, 0, 0, 0, 0, 0, 0]	[0, 1, 0, 0, 0]	FSSVSNPTPR	5,Phospho[S];	FSSVTPNSPR	5,Phospho[T];	FSSVTPNSPR	5,Phospho[T];
20150615_HepG2_Phos_BGP_mono_70ug_2.11925.11925.2.7.dta	FSSVSSPQPR	10,Phospho[R];	-1.000000	1.368784	0.040000	0.039672	-0.839050	0.000000	-0.002906	1.0	[0, 0, 0, 0, 0, 0, 0, 0, 0, 0, 0, 0, 0, 0, 0, 0, 0, 1, 0, 0, 0, 0, 0, 0, 0, 0]	[0, 1, 0, 0, 0]	FSSVSSKNHV	7,Phospho[K];	FSSVSSKNHV	7,Phospho[K];	FSSVSSKNHV	7,Phospho[K];
20150615_HepG2_Phos_BGP_mono_70ug_2.11925.11925.2.7.dta	FSSVSSPQPR	1,Phospho[F];	-1.000000	6.438849	0.086667	0.138082	-0.773922	-0.006667	-0.007609	0.1	[0, 0, 0, 0, 0, 1, 0, 0, 0, 0, 0, 0, 0, 0, 0, 0, 0, 0, 0, 0, 0, 0, 0, 0, 0, 0]	[0, 1, 0, 0, 0]	AYSVSSPQPR	3,Phospho[S];	TVGYSSPQPR	4,Phospho[Y];	TVGYSSPQPR	4,Phospho[Y];
20150615_HepG2_Phos_BGP_mono_70ug_2.12290.12290.2.8.dta	DASEETSTSVMQK	3,Phospho[S];	1.000000	9.622300	0.113333	0.150545	-0.628544	-0.006667	-0.006601	0.23076923076923078	[0, 0, 0, 0, 0, 0, 0, 0, 0, 0, 0, 0, 0, 0, 0, 0, 0, 0, 1, 0, 0, 0, 0, 0, 0, 0]	[0, 0, 1, 0, 0]	TDGEETSTSVMQK	3,Phospho[G];	DTEGETSTSVMQK	3,Phospho[E];	TDGEETSTSVMQK	3,Phospho[G];
20150615_HepG2_Phos_BGP_mono_70ug_2.12290.12290.2.8.dta	DASEETSTSVMQK	6,Phospho[T];	0.000000	6.675117	0.086667	0.112427	-2.001095	-0.020000	-0.021664	0.46153846153846156	[0, 0, 0, 0, 0, 0, 0, 0, 0, 0, 0, 0, 0, 0, 0, 0, 0, 0, 0, 1, 0, 0, 0, 0, 0, 0]	[0, 0, 1, 0, 0]	DAESTESTSVMQK	4,Phospho[S];	DADTETSTSVMQK	4,Phospho[T];	DAAMPMSTSVMQK	5,Phospho[P];6,Oxidation[M];
20150615_HepG2_Phos_BGP_mono_70ug_2.12290.12290.2.8.dta	DASEETSTSVMQK	7,Phospho[S];	0.000000	5.772264	0.093333	0.107589	0.002225	0.000000	0.010357	0.5384615384615384	[0, 0, 0, 0, 0, 0, 0, 0, 0, 0, 0, 0, 0, 0, 0, 0, 0, 0, 1, 0, 0, 0, 0, 0, 0, 0]	[0, 0, 1, 0, 0]	DASEIACMSVMQK	7,Phospho[C];	DASEIACMSVMQK	7,Phospho[C];	DASEIACMSVMQK	7,Phospho[C];
20150615_HepG2_Phos_BGP_mono_70ug_2.12290.12290.2.8.dta	DASEETSTSVMQK	8,Phospho[T];	0.000000	4.917557	0.086667	0.095519	2.515776	0.033333	0.043150	0.6153846153846154	[0, 0, 0, 0, 0, 0, 0, 0, 0, 0, 0, 0, 0, 0, 0, 0, 0, 0, 0, 1, 0, 0, 0, 0, 0, 0]	[0, 0, 1, 0, 0]	DASEETSTTCLQK	11,Phospho[L];	DASEETSTTCLQK	11,Phospho[L];	DASEETSTTCLQK	11,Phospho[L];
20150615_HepG2_Phos_BGP_mono_70ug_2.12290.12290.2.8.dta	DASEETSTSVMQK	9,Phospho[S];	0.000000	4.064982	0.073333	0.081346	2.578886	0.040000	0.048480	0.6923076923076923	[0, 0, 0, 0, 0, 0, 0, 0, 0, 0, 0, 0, 0, 0, 0, 0, 0, 0, 1, 0, 0, 0, 0, 0, 0, 0]	[0, 0, 1, 0, 0]	DASEETSTGKEMK	11,Phospho[E];	DASEETSTGKEMK	11,Phospho[E];	DASEETSTGKEMK	11,Phospho[E];
20150615_HepG2_Phos_BGP_mono_70ug_2.12290.12290.2.8.dta	DASEETSTSVMQK	13,Phospho[K];	-1.000000	0.839845	0.040000	0.032503	0.005925	0.006667	0.003902	1.0	[0, 0, 0, 0, 0, 0, 0, 0, 0, 0, 1, 0, 0, 0, 0, 0, 0, 0, 0, 0, 0, 0, 0, 0, 0, 0]	[0, 0, 1, 0, 0]	DASEETSTSQKVM	11,Phospho[K];	DASEETSTSQKVM	11,Phospho[K];	DASEETSTSQKVM	11,Phospho[K];
20150615_HepG2_Phos_BGP_mono_70ug_2.12290.12290.2.8.dta	DASEETSTSVMQK	1,Phospho[D];	-1.000000	8.816251	0.113333	0.145504	-1.434593	-0.006667	-0.011641	0.07692307692307693	[0, 0, 0, 1, 0, 0, 0, 0, 0, 0, 0, 0, 0, 0, 0, 0, 0, 0, 0, 0, 0, 0, 0, 0, 0, 0]	[0, 0, 1, 0, 0]	TDGEETSTSVMQK	3,Phospho[G];	DTEGETSTSVMQK	3,Phospho[E];	TDGEETSTSVMQK	3,Phospho[G];
20150615_HepG2_Phos_BGP_mono_70ug_2.12290.12290.2.8.dta	DASEETSTSVMQK	3,Phospho[S];	-1.000000	9.622300	0.113333	0.150545	-0.628544	-0.006667	-0.006601	0.23076923076923078	[0, 0, 0, 0, 0, 0, 0, 0, 0, 0, 0, 0, 0, 0, 0, 0, 0, 0, 1, 0, 0, 0, 0, 0, 0, 0]	[0, 0, 1, 0, 0]	TDGEETSTSVMQK	3,Phospho[G];	DTEGETSTSVMQK	3,Phospho[E];	TDGEETSTSVMQK	3,Phospho[G];
20150615_HepG2_Phos_BGP_mono_70ug_2.12290.12290.2.8.dta	DASEETSTSVMQK	4,Phospho[E];	-1.000000	9.620010	0.106667	0.146314	-0.628658	-0.006667	-0.006601	0.3076923076923077	[0, 0, 0, 0, 1, 0, 0, 0, 0, 0, 0, 0, 0, 0, 0, 0, 0, 0, 0, 0, 0, 0, 0, 0, 0, 0]	[0, 0, 1, 0, 0]	ESEGETSTSVMQK	4,Phospho[G];	ESEGETSTSVMQK	4,Phospho[G];	ESEGETSTSVMQK	4,Phospho[G];
20150615_HepG2_Phos_BGP_mono_70ug_2.12642.12642.2.9.dta	AQTPPGPSLSGSK	3,Phospho[T];	1.000000	13.641416	0.213333	0.321673	0.870732	0.013333	0.031928	0.23076923076923078	[0, 0, 0, 0, 0, 0, 0, 0, 0, 0, 0, 0, 0, 0, 0, 0, 0, 0, 0, 1, 0, 0, 0, 0, 0, 0]	[0, 0, 1, 0, 0]	VNSPPGPSLSGSK	1,Phospho[V];	VNSPPGPSLSGSK	1,Phospho[V];	VNSPPGPSLSGSK	1,Phospho[V];
20150615_HepG2_Phos_BGP_mono_70ug_2.12642.12642.2.9.dta	AQTPPGPSLSGSK	8,Phospho[S];	0.000000	3.699716	0.100000	0.110030	-1.997143	-0.006667	-0.017698	0.6153846153846154	[0, 0, 0, 0, 0, 0, 0, 0, 0, 0, 0, 0, 0, 0, 0, 0, 0, 0, 1, 0, 0, 0, 0, 0, 0, 0]	[0, 0, 1, 0, 0]	AQTPGPSPLSGSK	6,Phospho[P];	AQTPPGPTVSGSK	6,Phospho[G];	AQTPGPSPLSGSK	5,Phospho[G];
20150615_HepG2_Phos_BGP_mono_70ug_2.12642.12642.2.9.dta	AQTPPGPSLSGSK	10,Phospho[S];	0.000000	2.300137	0.126667	0.120548	-1.162063	0.020000	0.010976	0.7692307692307693	[0, 0, 0, 0, 0, 0, 0, 0, 0, 0, 0, 0, 0, 0, 0, 0, 0, 0, 1, 0, 0, 0, 0, 0, 0, 0]	[0, 0, 1, 0, 0]	AQTPPGTVPSGSK	7,Phospho[T];	AQTPPGTVSPGSK	7,Phospho[T];	AQTPPGISPSGSK	7,Phospho[I];
20150615_HepG2_Phos_BGP_mono_70ug_2.12642.12642.2.9.dta	AQTPPGPSLSGSK	12,Phospho[S];	0.000000	0.956624	0.120000	0.108398	-1.331827	0.013333	0.003227	0.9230769230769231	[0, 0, 0, 0, 0, 0, 0, 0, 0, 0, 0, 0, 0, 0, 0, 0, 0, 0, 1, 0, 0, 0, 0, 0, 0, 0]	[0, 0, 1, 0, 0]	AQTPPGPSVTGSK	10,Phospho[T];	AQTPPGPSSIGSK	9,Phospho[S];	AQTPPGPSIGSSK	9,Phospho[I];
20150615_HepG2_Phos_BGP_mono_70ug_2.12642.12642.2.9.dta	AQTPPGPSLSGSK	13,Phospho[K];	-1.000000	0.956624	0.120000	0.108398	-0.652550	0.000000	-0.003794	1.0	[0, 0, 0, 0, 0, 0, 0, 0, 0, 0, 1, 0, 0, 0, 0, 0, 0, 0, 0, 0, 0, 0, 0, 0, 0, 0]	[0, 0, 1, 0, 0]	AQTPPGPSLGSSK	10,Phospho[G];	AQTPPGPSLGSSK	10,Phospho[G];	AQTPPGPSLGSSK	10,Phospho[G];
20150615_HepG2_Phos_BGP_mono_70ug_2.12642.12642.2.9.dta	AQTPPGPSLSGSK	2,Phospho[Q];	-1.000000	12.775678	0.206667	0.293943	-0.615200	-0.006667	-0.014343	0.15384615384615385	[0, 0, 0, 0, 0, 0, 0, 0, 0, 0, 0, 0, 0, 0, 0, 0, 1, 0, 0, 0, 0, 0, 0, 0, 0, 0]	[0, 0, 1, 0, 0]	AGATPPGPSLSGSK	4,Phospho[T];	QATPPGPSLSGSK	3,Phospho[T];	ATGAPPGPSLSGSK	4,Phospho[A];
20150615_HepG2_Phos_BGP_mono_70ug_2.12642.12642.2.9.dta	AQTPPGPSLSGSK	6,Phospho[G];	-1.000000	6.202199	0.126667	0.139220	-1.554175	-0.006667	-0.024946	0.46153846153846156	[0, 0, 0, 0, 0, 0, 1, 0, 0, 0, 0, 0, 0, 0, 0, 0, 0, 0, 0, 0, 0, 0, 0, 0, 0, 0]	[0, 0, 1, 0, 0]	AQTPPGPSLSGSK	5,Phospho[P];	AQTPPGPSLSGSK	5,Phospho[P];	AQTPPGPSLSGSK	5,Phospho[P];
20150615_HepG2_Phos_BGP_mono_70ug_2.12752.12752.2.2.dta	HVTLPSSPR	3,Phospho[T];	0.000000	8.695028	0.106667	0.197870	0.074984	-0.013333	-0.004648	0.3333333333333333	[0, 0, 0, 0, 0, 0, 0, 0, 0, 0, 0, 0, 0, 0, 0, 0, 0, 0, 0, 1, 0, 0, 0, 0, 0, 0]	[0, 1, 0, 0, 0]	HVTLSPSPR	4,Phospho[L];	HSIIPSSPR	5,Phospho[P];	VHTIPSSPR	4,Phospho[I];
20150615_HepG2_Phos_BGP_mono_70ug_2.12752.12752.2.2.dta	HVTLPSSPR	6,Phospho[S];	0.000000	10.571461	0.166667	0.246209	0.577318	0.006667	0.002978	0.6666666666666666	[0, 0, 0, 0, 0, 0, 0, 0, 0, 0, 0, 0, 0, 0, 0, 0, 0, 0, 1, 0, 0, 0, 0, 0, 0, 0]	[0, 1, 0, 0, 0]	HVTLDVGPR	7,Phospho[G];	HVTISPSPR	7,Phospho[S];	HVTLSPSPR	7,Phospho[S];
20150615_HepG2_Phos_BGP_mono_70ug_2.12752.12752.2.2.dta	HVTLPSSPR	7,Phospho[S];	1.000000	10.914084	0.173333	0.248497	1.317774	0.013333	0.030387	0.7777777777777778	[0, 0, 0, 0, 0, 0, 0, 0, 0, 0, 0, 0, 0, 0, 0, 0, 0, 0, 1, 0, 0, 0, 0, 0, 0, 0]	[0, 1, 0, 0, 0]	HVTLPRAEA	9,Phospho[A];	HVTLPRAEA	9,Phospho[A];	HVTLPSSPR	4,Phospho[L];
20150615_HepG2_Phos_BGP_mono_70ug_2.12752.12752.2.2.dta	HVTLPSSPR	9,Phospho[R];	-1.000000	9.469723	0.160000	0.207406	-0.120310	0.006667	-0.002471	1.0	[0, 0, 0, 0, 0, 0, 0, 0, 0, 0, 0, 0, 0, 0, 0, 0, 0, 1, 0, 0, 0, 0, 0, 0, 0, 0]	[0, 1, 0, 0, 0]	HVTLPARAE	8,Phospho[A];	HVTLPKNQG	8,Phospho[Q];	HVTLPARAE	8,Phospho[A];
20150615_HepG2_Phos_BGP_mono_70ug_2.12752.12752.2.2.dta	HVTLPSSPR	1,Phospho[H];	-1.000000	8.664618	0.106667	0.180371	1.256122	0.006667	0.024862	0.1111111111111111	[0, 0, 0, 0, 0, 0, 0, 1, 0, 0, 0, 0, 0, 0, 0, 0, 0, 0, 0, 0, 0, 0, 0, 0, 0, 0]	[0, 1, 0, 0, 0]	HVITPSSPR	3,Phospho[I];	VHTIPSSPR	1,Phospho[V];	VHTIPSSPR	1,Phospho[V];
20150615_HepG2_Phos_BGP_mono_70ug_2.12752.12752.2.2.dta	HVTLPSSPR	2,Phospho[V];	-1.000000	8.143679	0.100000	0.159906	-0.146422	-0.013333	-0.034709	0.2222222222222222	[0, 0, 0, 0, 0, 0, 0, 0, 0, 0, 0, 0, 0, 0, 0, 0, 0, 0, 0, 0, 0, 1, 0, 0, 0, 0]	[0, 1, 0, 0, 0]	HSIIPSSPR	5,Phospho[P];	HVTPISSPR	5,Phospho[I];	HVTPISSPR	4,Phospho[P];
20150615_HepG2_Phos_BGP_mono_70ug_2.13107.13107.3.6.dta	LVDVSPDRGSPPSR	5,Phospho[S];	1.000000	9.065170	0.120000	0.159600	0.000000	0.000000	0.000000	0.35714285714285715	[0, 0, 0, 0, 0, 0, 0, 0, 0, 0, 0, 0, 0, 0, 0, 0, 0, 0, 1, 0, 0, 0, 0, 0, 0, 0]	[0, 0, 1, 0, 0]	LVDVSPDRGSPPSR	4,Phospho[V];	LVDVSPDRGSPPSR	4,Phospho[V];	LVDVSPDRGSPPSR	4,Phospho[V];
20150615_HepG2_Phos_BGP_mono_70ug_2.13107.13107.3.6.dta	LVDVSPDRGSPPSR	10,Phospho[S];	0.000000	4.876547	0.080000	0.099356	-1.136307	-0.013333	-0.011411	0.7142857142857143	[0, 0, 0, 0, 0, 0, 0, 0, 0, 0, 0, 0, 0, 0, 0, 0, 0, 0, 1, 0, 0, 0, 0, 0, 0, 0]	[0, 0, 1, 0, 0]	LVDVSPDGRSPPSR	8,Phospho[G];	LVDVSPDRSGPPSR	7,Phospho[D];	LVDVSPRDGSPPSR	9,Phospho[G];
20150615_HepG2_Phos_BGP_mono_70ug_2.13107.13107.3.6.dta	LVDVSPDRGSPPSR	13,Phospho[S];	0.000000	2.532135	0.040000	0.056486	-0.989105	-0.013333	-0.010056	0.9285714285714286	[0, 0, 0, 0, 0, 0, 0, 0, 0, 0, 0, 0, 0, 0, 0, 0, 0, 0, 1, 0, 0, 0, 0, 0, 0, 0]	[0, 0, 1, 0, 0]	LVDVSPDRGSSPPR	11,Phospho[S];	LVDVSPDRGAAEPR	12,Phospho[E];	LVDVSPDRGSSPPR	11,Phospho[S];
20150615_HepG2_Phos_BGP_mono_70ug_2.13107.13107.3.6.dta	LVDVSPDRGSPPSR	13,Phospho[S];	-1.000000	2.532135	0.040000	0.056486	-0.989105	-0.013333	-0.010056	0.9285714285714286	[0, 0, 0, 0, 0, 0, 0, 0, 0, 0, 0, 0, 0, 0, 0, 0, 0, 0, 1, 0, 0, 0, 0, 0, 0, 0]	[0, 0, 1, 0, 0]	LVDVSPDRGSSPPR	11,Phospho[S];	LVDVSPDRGAAEPR	12,Phospho[E];	LVDVSPDRGSSPPR	11,Phospho[S];
20150615_HepG2_Phos_BGP_mono_70ug_2.13107.13107.3.6.dta	LVDVSPDRGSPPSR	1,Phospho[L];	-1.000000	11.454849	0.133333	0.230370	2.853043	0.020000	0.072283	0.07142857142857142	[0, 0, 0, 0, 0, 0, 0, 0, 0, 0, 0, 1, 0, 0, 0, 0, 0, 0, 0, 0, 0, 0, 0, 0, 0, 0]	[0, 0, 1, 0, 0]	IDVVSPDRGSPPSR	3,Phospho[V];	IDVVSPDRGSPPSR	3,Phospho[V];	IDVVSPDRGSPPSR	3,Phospho[V];
20150615_HepG2_Phos_BGP_mono_70ug_2.13107.13107.3.6.dta	LVDVSPDRGSPPSR	3,Phospho[D];	-1.000000	10.067860	0.133333	0.197685	0.232082	0.013333	0.011821	0.21428571428571427	[0, 0, 0, 1, 0, 0, 0, 0, 0, 0, 0, 0, 0, 0, 0, 0, 0, 0, 0, 0, 0, 0, 0, 0, 0, 0]	[0, 0, 1, 0, 0]	LVVDSPDRGSPPSR	1,Phospho[L];	LDVVSPDRGSPPSR	1,Phospho[L];	IVVDSPDRGSPPSR	1,Phospho[I];
20150615_HepG2_Phos_BGP_mono_70ug_2.13312.13312.2.3.dta	DKDVTLSPVK	5,Phospho[T];	0.000000	9.508497	0.120000	0.191612	0.099568	-0.006667	0.001472	0.5	[0, 0, 0, 0, 0, 0, 0, 0, 0, 0, 0, 0, 0, 0, 0, 0, 0, 0, 0, 1, 0, 0, 0, 0, 0, 0]	[0, 1, 0, 0, 0]	DKDVTVTPVK	6,Phospho[V];	DKDVITSPVK	7,Phospho[S];	DKDVTLSPVK	4,Phospho[V];
20150615_HepG2_Phos_BGP_mono_70ug_2.13312.13312.2.3.dta	DKDVTLSPVK	7,Phospho[S];	1.000000	11.397954	0.153333	0.203571	1.883132	0.020000	0.013136	0.7	[0, 0, 0, 0, 0, 0, 0, 0, 0, 0, 0, 0, 0, 0, 0, 0, 0, 0, 1, 0, 0, 0, 0, 0, 0, 0]	[0, 1, 0, 0, 0]	DKDVTSIPVK	5,Phospho[T];	DKDVTSIPVK	6,Phospho[S];	DKDVTLPSKV	8,Phospho[S];
20150615_HepG2_Phos_BGP_mono_70ug_2.13312.13312.2.3.dta	DKDVTLSPVK	10,Phospho[K];	-1.000000	9.787797	0.153333	0.186528	-0.675962	0.013333	0.009170	1.0	[0, 0, 0, 0, 0, 0, 0, 0, 0, 0, 1, 0, 0, 0, 0, 0, 0, 0, 0, 0, 0, 0, 0, 0, 0, 0]	[0, 1, 0, 0, 0]	DKDVTLSPVK	8,Phospho[P];	DKDVTLPSKV	7,Phospho[P];	DKDVTLPSKV	7,Phospho[P];
20150615_HepG2_Phos_BGP_mono_70ug_2.13312.13312.2.3.dta	DKDVTLSPVK	1,Phospho[D];	-1.000000	7.561490	0.113333	0.181260	-0.490556	0.006667	0.010539	0.1	[0, 0, 0, 1, 0, 0, 0, 0, 0, 0, 0, 0, 0, 0, 0, 0, 0, 0, 0, 0, 0, 0, 0, 0, 0, 0]	[0, 1, 0, 0, 0]	SVGDVTLSPVK	3,Phospho[G];	VSGDVTLSPVK	3,Phospho[G];	VSGDVTLSPVK	3,Phospho[G];
20150615_HepG2_Phos_BGP_mono_70ug_2.13350.13350.3.2.dta	EDPQARPLEGSSSEDSPPEGQAPPSHSPR	11,Phospho[S];	0.000000	13.001370	0.240000	0.253144	-0.949321	-0.013333	-0.007672	0.3793103448275862	[0, 0, 0, 0, 0, 0, 0, 0, 0, 0, 0, 0, 0, 0, 0, 0, 0, 0, 1, 0, 0, 0, 0, 0, 0, 0]	[0, 0, 0, 0, 1]	EDPQARPLEGMQMDSPPEGQAPPSHSPR	12,Phospho[Q];	EDPQARPLEGSSSEDSPPEGQAPPSHSPR	12,Phospho[S];	EDPQARPLEGSSSEDSPPEGQAPPSHSPR	12,Phospho[S];
20150615_HepG2_Phos_BGP_mono_70ug_2.13350.13350.3.2.dta	EDPQARPLEGSSSEDSPPEGQAPPSHSPR	12,Phospho[S];	0.000000	13.549400	0.253333	0.260816	-1.083368	0.000000	-0.007158	0.41379310344827586	[0, 0, 0, 0, 0, 0, 0, 0, 0, 0, 0, 0, 0, 0, 0, 0, 0, 0, 1, 0, 0, 0, 0, 0, 0, 0]	[0, 0, 0, 0, 1]	EDPQARPLEGSSTDDSPPEGQAPPSHSPR	15,Phospho[D];	EDPQARPLEGSACMPSPPEGQAPPSHSPR	14,Oxidation[M];15,Phospho[P];	EDPQARPLEGSSSEDSPPEGQAPPSHSPR	13,Phospho[S];
20150615_HepG2_Phos_BGP_mono_70ug_2.13350.13350.3.2.dta	EDPQARPLEGSSSEDSPPEGQAPPSHSPR	13,Phospho[S];	0.000000	14.032557	0.260000	0.267974	-2.260665	-0.026667	-0.042664	0.4482758620689655	[0, 0, 0, 0, 0, 0, 0, 0, 0, 0, 0, 0, 0, 0, 0, 0, 0, 0, 1, 0, 0, 0, 0, 0, 0, 0]	[0, 0, 0, 0, 1]	EDPQARPLEGSSSESDPPEGQAPPSHSPR	15,Phospho[S];	EDPQARPLEGSSESDSPPEGQAPPSHSPR	16,Phospho[S];	EDPQARPLEGSSCAPMPPEGQAPPSHSPR	15,Phospho[P];16,Oxidation[M];
20150615_HepG2_Phos_BGP_mono_70ug_2.13350.13350.3.2.dta	EDPQARPLEGSSSEDSPPEGQAPPSHSPR	16,Phospho[S];	0.000000	17.256366	0.300000	0.326446	-0.735435	0.006667	0.002003	0.5517241379310345	[0, 0, 0, 0, 0, 0, 0, 0, 0, 0, 0, 0, 0, 0, 0, 0, 0, 0, 1, 0, 0, 0, 0, 0, 0, 0]	[0, 0, 0, 0, 1]	EDPQARPLEGSSSEDSPPEGQAPPSHSPR	18,Phospho[P];	EDPQARPLEGSSACMPPPEGQAPPSHSPR	15,Oxidation[M];16,Phospho[P];	EDPQARPLEGSSACMPPPEGQAPPSHSPR	15,Oxidation[M];16,Phospho[P];
20150615_HepG2_Phos_BGP_mono_70ug_2.13350.13350.3.2.dta	EDPQARPLEGSSSEDSPPEGQAPPSHSPR	25,Phospho[S];	0.000000	22.832194	0.366667	0.383683	0.651069	0.000000	0.001872	0.8620689655172413	[0, 0, 0, 0, 0, 0, 0, 0, 0, 0, 0, 0, 0, 0, 0, 0, 0, 0, 1, 0, 0, 0, 0, 0, 0, 0]	[0, 0, 0, 0, 1]	EDPQARPLEGSSSEDSPPEGQAPSPHSPR	24,Phospho[S];	EDPQARPLEGSSSEDSPPEGQAPPSHSPR	26,Phospho[H];	EDPQARPLEGSSSEDSPPEGQAPSSPHPR	27,Phospho[H];
20150615_HepG2_Phos_BGP_mono_70ug_2.13350.13350.3.2.dta	EDPQARPLEGSSSEDSPPEGQAPPSHSPR	27,Phospho[S];	1.000000	23.400420	0.380000	0.391127	0.921846	0.013333	0.009316	0.9310344827586207	[0, 0, 0, 0, 0, 0, 0, 0, 0, 0, 0, 0, 0, 0, 0, 0, 0, 0, 1, 0, 0, 0, 0, 0, 0, 0]	[0, 0, 0, 0, 1]	EDPQARPLEGSSSEDSPPEGQAPSSHPPR	27,Phospho[P];	EDPQARPLEGSSSEDSPPEGQAPPSSHPR	27,Phospho[H];	EDPQARPLEGSSSEDSPPEGQAPSSPHPR	26,Phospho[P];
20150615_HepG2_Phos_BGP_mono_70ug_2.13350.13350.3.2.dta	EDPQARPLEGSSSEDSPPEGQAPPSHSPR	2,Phospho[D];	-1.000000	8.317428	0.200000	0.214681	-1.799627	-0.006667	-0.007934	0.06896551724137931	[0, 0, 0, 1, 0, 0, 0, 0, 0, 0, 0, 0, 0, 0, 0, 0, 0, 0, 0, 0, 0, 0, 0, 0, 0, 0]	[0, 0, 0, 0, 1]	DEQPARPLEGSSSEDSPPEGQAPPSHSPR	3,Phospho[Q];	ENEAPRPLEGSSSEDSPPEGQAPPSHSPR	5,Phospho[P];	EGGAPERPLEGSSSEDSPPEGQAPPSHSPR	6,Phospho[E];
20150615_HepG2_Phos_BGP_mono_70ug_2.13350.13350.3.2.dta	EDPQARPLEGSSSEDSPPEGQAPPSHSPR	25,Phospho[S];	-1.000000	22.832194	0.366667	0.383683	0.651069	0.000000	0.001872	0.8620689655172413	[0, 0, 0, 0, 0, 0, 0, 0, 0, 0, 0, 0, 0, 0, 0, 0, 0, 0, 1, 0, 0, 0, 0, 0, 0, 0]	[0, 0, 0, 0, 1]	EDPQARPLEGSSSEDSPPEGQAPSPHSPR	24,Phospho[S];	EDPQARPLEGSSSEDSPPEGQAPPSHSPR	26,Phospho[H];	EDPQARPLEGSSSEDSPPEGQAPSSPHPR	27,Phospho[H];
20150615_HepG2_Phos_BGP_mono_70ug_2.13350.13350.3.2.dta	EDPQARPLEGSSSEDSPPEGQAPPSHSPR	23,Phospho[P];	-1.000000	20.821035	0.346667	0.364338	-1.139534	-0.006667	-0.003387	0.7931034482758621	[0, 0, 0, 0, 0, 0, 0, 0, 0, 0, 0, 0, 0, 0, 0, 1, 0, 0, 0, 0, 0, 0, 0, 0, 0, 0]	[0, 0, 0, 0, 1]	EDPQARPLEGSSSEDSPPEGAGAPPSHSPR	25,Phospho[P];	EDPQARPLEGSSSEDSPPEGQADRFSPR	25,Phospho[F];	EDPQARPLEGSSSEDSPPEGQARDFSPR	25,Phospho[F];
20150615_HepG2_Phos_BGP_mono_70ug_2.13350.13350.3.2.dta	EDPQARPLEGSSSEDSPPEGQAPPSHSPR	28,Phospho[P];	-1.000000	21.926771	0.373333	0.371366	-0.409083	0.000000	-0.006129	0.9655172413793104	[0, 0, 0, 0, 0, 0, 0, 0, 0, 0, 0, 0, 0, 0, 0, 1, 0, 0, 0, 0, 0, 0, 0, 0, 0, 0]	[0, 0, 0, 0, 1]	EDPQARPLEGSSSEDSPPEGQAPPSRPSH	27,Phospho[P];	EDPQARPLEGSSSEDSPPEGQAPPSPRHS	26,Phospho[P];	EDPQARPLEGSSSEDSPPEGQAPPSRPHS	26,Phospho[R];
20150615_HepG2_Phos_BGP_mono_70ug_2.13350.13350.3.2.dta	EDPQARPLEGSSSEDSPPEGQAPPSHSPR	1,Phospho[E];	-1.000000	8.317428	0.200000	0.214681	-0.826983	0.000000	-0.001465	0.034482758620689655	[0, 0, 0, 0, 1, 0, 0, 0, 0, 0, 0, 0, 0, 0, 0, 0, 0, 0, 0, 0, 0, 0, 0, 0, 0, 0]	[0, 0, 0, 0, 1]	NEPEARPLEGSSSEDSPPEGQAPPSHSPR	4,Phospho[E];	DQEPARPLEGSSSEDSPPEGQAPPSHSPR	3,Phospho[E];	QDPEARPLEGSSSEDSPPEGQAPPSHSPR	4,Phospho[E];
20150615_HepG2_Phos_BGP_mono_70ug_2.13350.13350.3.2.dta	EDPQARPLEGSSSEDSPPEGQAPPSHSPR	16,Phospho[S];	-1.000000	17.256366	0.300000	0.326446	-0.735435	0.006667	0.002003	0.5517241379310345	[0, 0, 0, 0, 0, 0, 0, 0, 0, 0, 0, 0, 0, 0, 0, 0, 0, 0, 1, 0, 0, 0, 0, 0, 0, 0]	[0, 0, 0, 0, 1]	EDPQARPLEGSSSEDSPPEGQAPPSHSPR	18,Phospho[P];	EDPQARPLEGSSACMPPPEGQAPPSHSPR	15,Oxidation[M];16,Phospho[P];	EDPQARPLEGSSACMPPPEGQAPPSHSPR	15,Oxidation[M];16,Phospho[P];
20150615_HepG2_Phos_BGP_mono_70ug_2.13408.13408.3.8.dta	SLSSGESGPGSPTHSHSLSPR	1,Phospho[S];	0.000000	24.950395	0.333333	0.427181	-0.567621	0.006667	0.009538	0.047619047619047616	[0, 0, 0, 0, 0, 0, 0, 0, 0, 0, 0, 0, 0, 0, 0, 0, 0, 0, 1, 0, 0, 0, 0, 0, 0, 0]	[0, 0, 0, 0, 1]	SISSGESGPGSPTHSHSLSPR	4,Phospho[S];	TVSSGESGPGSPTHSHSLSPR	4,Phospho[S];	TVSSGESGPGSPTHSHSLSPR	4,Phospho[S];
20150615_HepG2_Phos_BGP_mono_70ug_2.13408.13408.3.8.dta	SLSSGESGPGSPTHSHSLSPR	3,Phospho[S];	1.000000	26.340308	0.340000	0.430652	1.067740	0.006667	0.003471	0.14285714285714285	[0, 0, 0, 0, 0, 0, 0, 0, 0, 0, 0, 0, 0, 0, 0, 0, 0, 0, 1, 0, 0, 0, 0, 0, 0, 0]	[0, 0, 0, 0, 1]	SLGSSESGPGSPTHSHSLSPR	4,Phospho[S];	STVSGESGPGSPTHSHSLSPR	3,Phospho[V];	STVSGESGPGSPTHSHSLSPR	3,Phospho[V];
20150615_HepG2_Phos_BGP_mono_70ug_2.13408.13408.3.8.dta	SLSSGESGPGSPTHSHSLSPR	4,Phospho[S];	0.000000	25.518015	0.326667	0.417642	0.245448	-0.006667	-0.009538	0.19047619047619047	[0, 0, 0, 0, 0, 0, 0, 0, 0, 0, 0, 0, 0, 0, 0, 0, 0, 0, 1, 0, 0, 0, 0, 0, 0, 0]	[0, 0, 0, 0, 1]	SLGSSESGPGSPTHSHSLSPR	4,Phospho[S];	SVTSGESGPGSPTHSHSLSPR	3,Phospho[T];	SVTSGESGPGSPTHSHSLSPR	3,Phospho[T];
20150615_HepG2_Phos_BGP_mono_70ug_2.13408.13408.3.8.dta	SLSSGESGPGSPTHSHSLSPR	7,Phospho[S];	0.000000	20.474178	0.266667	0.338984	-3.246782	-0.033333	-0.030748	0.3333333333333333	[0, 0, 0, 0, 0, 0, 0, 0, 0, 0, 0, 0, 0, 0, 0, 0, 0, 0, 1, 0, 0, 0, 0, 0, 0, 0]	[0, 0, 0, 0, 1]	SLSSGTDGPGSPTHSHSLSPR	4,Phospho[S];	SLSGSDTGPGSPTHSHSLSPR	5,Phospho[S];	SLSGSDTGPGSPTHSHSLSPR	5,Phospho[S];
20150615_HepG2_Phos_BGP_mono_70ug_2.13408.13408.3.8.dta	SLSSGESGPGSPTHSHSLSPR	11,Phospho[S];	0.000000	12.255200	0.180000	0.224229	-2.126137	-0.013333	-0.011988	0.5238095238095238	[0, 0, 0, 0, 0, 0, 0, 0, 0, 0, 0, 0, 0, 0, 0, 0, 0, 0, 1, 0, 0, 0, 0, 0, 0, 0]	[0, 0, 0, 0, 1]	SLSSGESPNSPTHSHSLSPR	8,Phospho[P];	SLSSGESGPSGPTHSHSLSPR	9,Phospho[P];	SLSSGESGPSGPTHSHSLSPR	9,Phospho[P];
20150615_HepG2_Phos_BGP_mono_70ug_2.13408.13408.3.8.dta	SLSSGESGPGSPTHSHSLSPR	13,Phospho[T];	0.000000	8.632418	0.160000	0.157678	-1.949683	0.000000	-0.011441	0.6190476190476191	[0, 0, 0, 0, 0, 0, 0, 0, 0, 0, 0, 0, 0, 0, 0, 0, 0, 0, 0, 1, 0, 0, 0, 0, 0, 0]	[0, 0, 0, 0, 1]	SLSSGESGPGSPHTSHSLSPR	11,Phospho[S];	SLSSGESGPGSPHTSHSLSPR	11,Phospho[S];	SLSSGESGPAAAEHSHSLSPR	13,Phospho[E];
20150615_HepG2_Phos_BGP_mono_70ug_2.13408.13408.3.8.dta	SLSSGESGPGSPTHSHSLSPR	15,Phospho[S];	0.000000	5.774191	0.146667	0.125315	-1.413995	0.020000	0.002824	0.7142857142857143	[0, 0, 0, 0, 0, 0, 0, 0, 0, 0, 0, 0, 0, 0, 0, 0, 0, 0, 1, 0, 0, 0, 0, 0, 0, 0]	[0, 0, 0, 0, 1]	SLSSGESGPGSTPSHHSLSPR	12,Phospho[T];	SLSSGESGPGSPMVCISLSPR	13,Oxidation[M];16,Phospho[I];	SLSSGESGPGSTPSHHSLSPR	12,Phospho[T];
20150615_HepG2_Phos_BGP_mono_70ug_2.13408.13408.3.8.dta	SLSSGESGPGSPTHSHSLSPR	17,Phospho[S];	0.000000	4.049651	0.126667	0.097854	-1.054821	-0.006667	-0.018412	0.8095238095238095	[0, 0, 0, 0, 0, 0, 0, 0, 0, 0, 0, 0, 0, 0, 0, 0, 0, 0, 1, 0, 0, 0, 0, 0, 0, 0]	[0, 0, 0, 0, 1]	SLSSGESGPGSPTHSHTVSPR	15,Phospho[S];	SLSSGESGPGSPTHSHTVSPR	15,Phospho[S];	SLSSGESGPGSPTHSHVTSPR	15,Phospho[S];
20150615_HepG2_Phos_BGP_mono_70ug_2.13408.13408.3.8.dta	SLSSGESGPGSPTHSHSLSPR	19,Phospho[S];	0.000000	2.670636	0.113333	0.085616	-2.358135	-0.026667	-0.020840	0.9047619047619048	[0, 0, 0, 0, 0, 0, 0, 0, 0, 0, 0, 0, 0, 0, 0, 0, 0, 0, 1, 0, 0, 0, 0, 0, 0, 0]	[0, 0, 0, 0, 1]	SLSSGESGPGSPTHSHSRPTV	21,Phospho[V];	SLSSGESGPGSPTHSAGQAPPR	18,Phospho[Q];	SLSSGESGPGSPTHSAGQPAPR	17,Phospho[G];
20150615_HepG2_Phos_BGP_mono_70ug_2.13408.13408.3.8.dta	SLSSGESGPGSPTHSHSLSPR	19,Phospho[S];	-1.000000	2.670636	0.113333	0.085616	-2.358135	-0.026667	-0.020840	0.9047619047619048	[0, 0, 0, 0, 0, 0, 0, 0, 0, 0, 0, 0, 0, 0, 0, 0, 0, 0, 1, 0, 0, 0, 0, 0, 0, 0]	[0, 0, 0, 0, 1]	SLSSGESGPGSPTHSHSRPTV	21,Phospho[V];	SLSSGESGPGSPTHSAGQAPPR	18,Phospho[Q];	SLSSGESGPGSPTHSAGQPAPR	17,Phospho[G];
20150615_HepG2_Phos_BGP_mono_70ug_2.13408.13408.3.8.dta	SLSSGESGPGSPTHSHSLSPR	17,Phospho[S];	-1.000000	4.049651	0.126667	0.097854	-1.054821	-0.006667	-0.018412	0.8095238095238095	[0, 0, 0, 0, 0, 0, 0, 0, 0, 0, 0, 0, 0, 0, 0, 0, 0, 0, 1, 0, 0, 0, 0, 0, 0, 0]	[0, 0, 0, 0, 1]	SLSSGESGPGSPTHSHTVSPR	15,Phospho[S];	SLSSGESGPGSPTHSHTVSPR	15,Phospho[S];	SLSSGESGPGSPTHSHVTSPR	15,Phospho[S];
20150615_HepG2_Phos_BGP_mono_70ug_2.13408.13408.3.8.dta	SLSSGESGPGSPTHSHSLSPR	12,Phospho[P];	-1.000000	9.382540	0.146667	0.150166	-2.866970	-0.026667	-0.065538	0.5714285714285714	[0, 0, 0, 0, 0, 0, 0, 0, 0, 0, 0, 0, 0, 0, 0, 1, 0, 0, 0, 0, 0, 0, 0, 0, 0, 0]	[0, 0, 0, 0, 1]	SLSSGESGPSGPTHSHSLSPR	10,Phospho[S];	SLSSGESGPSGPTHSHSLSPR	10,Phospho[S];	SLSSGESGGPSPTHSHSLSPR	11,Phospho[S];
20150615_HepG2_Phos_BGP_mono_70ug_2.13408.13408.3.8.dta	SLSSGESGPGSPTHSHSLSPR	6,Phospho[E];	-1.000000	22.259850	0.273333	0.363676	-1.685041	-0.020000	-0.024689	0.2857142857142857	[0, 0, 0, 0, 1, 0, 0, 0, 0, 0, 0, 0, 0, 0, 0, 0, 0, 0, 0, 0, 0, 0, 0, 0, 0, 0]	[0, 0, 0, 0, 1]	SLSSADSGPGSPTHSHSLSPR	4,Phospho[S];	SLSSADSGPGSPTHSHSLSPR	4,Phospho[S];	SLSSADSGPGSPTHSHSLSPR	4,Phospho[S];
20150615_HepG2_Phos_BGP_mono_70ug_2.13408.13408.3.8.dta	SLSSGESGPGSPTHSHSLSPR	5,Phospho[G];	-1.000000	23.836218	0.306667	0.392953	-1.120828	-0.026667	-0.034227	0.23809523809523808	[0, 0, 0, 0, 0, 0, 1, 0, 0, 0, 0, 0, 0, 0, 0, 0, 0, 0, 0, 0, 0, 0, 0, 0, 0, 0]	[0, 0, 0, 0, 1]	SSISGESGPGSPTHSHSLSPR	2,Phospho[S];	SSLSGESGPGSPTHSHSLSPR	3,Phospho[L];	STVSGESGPGSPTHSHSLSPR	3,Phospho[V];
20150615_HepG2_Phos_BGP_mono_70ug_2.13408.13408.3.8.dta	SLSSGESGPGSPTHSHSLSPR	11,Phospho[S];	-1.000000	12.255200	0.180000	0.224229	-2.126137	-0.013333	-0.011988	0.5238095238095238	[0, 0, 0, 0, 0, 0, 0, 0, 0, 0, 0, 0, 0, 0, 0, 0, 0, 0, 1, 0, 0, 0, 0, 0, 0, 0]	[0, 0, 0, 0, 1]	SLSSGESPNSPTHSHSLSPR	8,Phospho[P];	SLSSGESGPSGPTHSHSLSPR	9,Phospho[P];	SLSSGESGPSGPTHSHSLSPR	9,Phospho[P];
20150615_HepG2_Phos_BGP_mono_70ug_2.13408.13408.3.8.dta	SLSSGESGPGSPTHSHSLSPR	14,Phospho[H];	-1.000000	6.971274	0.153333	0.141662	-0.985241	0.006667	0.000937	0.6666666666666666	[0, 0, 0, 0, 0, 0, 0, 1, 0, 0, 0, 0, 0, 0, 0, 0, 0, 0, 0, 0, 0, 0, 0, 0, 0, 0]	[0, 0, 0, 0, 1]	SLSSGESGPGSPTSHHSLSPR	12,Phospho[P];	SLSSGESGPGPSHTSHSLSPR	12,Phospho[S];	SLSSGESGPGPSHTSHSLSPR	12,Phospho[S];
20150615_HepG2_Phos_BGP_mono_70ug_2.13455.13455.2.3.dta	SEDPPGQEAGSEEEGSSASGLAK	1,Phospho[S];	0.000000	10.827048	0.327103	0.392640	-0.638103	0.056075	0.086407	0.043478260869565216	[0, 0, 0, 0, 0, 0, 0, 0, 0, 0, 0, 0, 0, 0, 0, 0, 0, 0, 1, 0, 0, 0, 0, 0, 0, 0]	[0, 0, 0, 0, 1]	SEDPPGQEAGSEEEGSSASGLAK	3,Phospho[D];	DPESPGQEAGSEEEGSSASGLAK	3,Phospho[E];	DTDPPGQEAGSEEEGSSASGLAK	4,Phospho[P];
20150615_HepG2_Phos_BGP_mono_70ug_2.13455.13455.2.3.dta	SEDPPGQEAGSEEEGSSASGLAK	11,Phospho[S];	1.000000	16.184915	0.401869	0.447901	0.484146	0.037383	0.028440	0.4782608695652174	[0, 0, 0, 0, 0, 0, 0, 0, 0, 0, 0, 0, 0, 0, 0, 0, 0, 0, 1, 0, 0, 0, 0, 0, 0, 0]	[0, 0, 0, 0, 1]	SEDPPGQETNEEEGSSASGLAK	9,Phospho[T];	SEDPPGQEQSEEEGSSASGLAK	9,Phospho[Q];	SEDPPGQEQSEEEGSSASGLAK	9,Phospho[Q];
20150615_HepG2_Phos_BGP_mono_70ug_2.13455.13455.2.3.dta	SEDPPGQEAGSEEEGSSASGLAK	16,Phospho[S];	0.000000	12.308273	0.345794	0.375639	-0.620850	-0.009346	-0.010128	0.6956521739130435	[0, 0, 0, 0, 0, 0, 0, 0, 0, 0, 0, 0, 0, 0, 0, 0, 0, 0, 1, 0, 0, 0, 0, 0, 0, 0]	[0, 0, 0, 0, 1]	SEDPPGQEAGSEEGESSASGLAK	15,Phospho[E];	SEDPPGQEAGSEEADSSASGLAK	14,Phospho[A];	SEDPPGQEAGSEEADSSASGLAK	14,Phospho[A];
20150615_HepG2_Phos_BGP_mono_70ug_2.13455.13455.2.3.dta	SEDPPGQEAGSEEEGSSASGLAK	17,Phospho[S];	0.000000	11.592612	0.336449	0.361285	-0.715661	-0.009346	-0.014353	0.7391304347826086	[0, 0, 0, 0, 0, 0, 0, 0, 0, 0, 0, 0, 0, 0, 0, 0, 0, 0, 1, 0, 0, 0, 0, 0, 0, 0]	[0, 0, 0, 0, 1]	SEDPPGQEAGSEEESGSASGLAK	16,Phospho[G];	SEDPPGQEAGSEEESGSASGLAK	16,Phospho[G];	SEDPPGQEAGSEEESGSASGLAK	16,Phospho[G];
20150615_HepG2_Phos_BGP_mono_70ug_2.13455.13455.2.3.dta	SEDPPGQEAGSEEEGSSASGLAK	19,Phospho[S];	0.000000	10.158393	0.308411	0.324858	-0.768611	-0.018692	-0.024564	0.8260869565217391	[0, 0, 0, 0, 0, 0, 0, 0, 0, 0, 0, 0, 0, 0, 0, 0, 0, 0, 1, 0, 0, 0, 0, 0, 0, 0]	[0, 0, 0, 0, 1]	SEDPPGQEAGSEEEGSASSGLAK	18,Phospho[S];	SEDPPGQEAGSEEEGSASSGLAK	17,Phospho[A];	SEDPPGQEAGSEEEGSASSGLAK	18,Phospho[S];
20150615_HepG2_Phos_BGP_mono_70ug_2.13455.13455.2.3.dta	SEDPPGQEAGSEEEGSSASGLAK	7,Phospho[Q];	-1.000000	13.485946	0.271028	0.311409	-1.989781	-0.084112	-0.095787	0.30434782608695654	[0, 0, 0, 0, 0, 0, 0, 0, 0, 0, 0, 0, 0, 0, 0, 0, 1, 0, 0, 0, 0, 0, 0, 0, 0, 0]	[0, 0, 0, 0, 1]	SEDPPGAGEQSEEEGSSASGLAK	10,Phospho[Q];	SEDPPGGAEQSEEEGSSASGLAK	10,Phospho[Q];	SEDPPANEAGSEEEGSSASGLAK	9,Phospho[A];
20150615_HepG2_Phos_BGP_mono_70ug_2.13455.13455.2.3.dta	SEDPPGQEAGSEEEGSSASGLAK	16,Phospho[S];	-1.000000	12.308273	0.345794	0.375639	-0.620850	-0.009346	-0.010128	0.6956521739130435	[0, 0, 0, 0, 0, 0, 0, 0, 0, 0, 0, 0, 0, 0, 0, 0, 0, 0, 1, 0, 0, 0, 0, 0, 0, 0]	[0, 0, 0, 0, 1]	SEDPPGQEAGSEEGESSASGLAK	15,Phospho[E];	SEDPPGQEAGSEEADSSASGLAK	14,Phospho[A];	SEDPPGQEAGSEEADSSASGLAK	14,Phospho[A];
20150615_HepG2_Phos_BGP_mono_70ug_2.13455.13455.2.3.dta	SEDPPGQEAGSEEEGSSASGLAK	5,Phospho[P];	-1.000000	12.755000	0.252336	0.299144	-1.094618	-0.046729	-0.062285	0.21739130434782608	[0, 0, 0, 0, 0, 0, 0, 0, 0, 0, 0, 0, 0, 0, 0, 1, 0, 0, 0, 0, 0, 0, 0, 0, 0, 0]	[0, 0, 0, 0, 1]	SEDPQADPAGSEEEGSSASGLAK	7,Phospho[D];	SEDPQADPAGSEEEGSSASGLAK	8,Phospho[P];	SEDPPGQEAGSEEEGSSASGLAK	8,Phospho[E];
20150615_HepG2_Phos_BGP_mono_70ug_2.13455.13455.2.3.dta	SEDPPGQEAGSEEEGSSASGLAK	1,Phospho[S];	-1.000000	10.827048	0.327103	0.392640	-0.638103	0.056075	0.086407	0.043478260869565216	[0, 0, 0, 0, 0, 0, 0, 0, 0, 0, 0, 0, 0, 0, 0, 0, 0, 0, 1, 0, 0, 0, 0, 0, 0, 0]	[0, 0, 0, 0, 1]	SEDPPGQEAGSEEEGSSASGLAK	3,Phospho[D];	DPESPGQEAGSEEEGSSASGLAK	3,Phospho[E];	DTDPPGQEAGSEEEGSSASGLAK	4,Phospho[P];
20150615_HepG2_Phos_BGP_mono_70ug_2.13455.13455.2.3.dta	SEDPPGQEAGSEEEGSSASGLAK	2,Phospho[E];	-1.000000	10.822935	0.317757	0.387580	-0.642216	0.046729	0.081347	0.08695652173913043	[0, 0, 0, 0, 1, 0, 0, 0, 0, 0, 0, 0, 0, 0, 0, 0, 0, 0, 0, 0, 0, 0, 0, 0, 0, 0]	[0, 0, 0, 0, 1]	ESDPPGQEAGSEEEGSSASGLAK	3,Phospho[D];	DPESPGQEAGSEEEGSSASGLAK	3,Phospho[E];	DTDPPGQEAGSEEEGSSASGLAK	4,Phospho[P];
20150615_HepG2_Phos_BGP_mono_70ug_2.13470.13470.2.5.dta	VQTTPKVEEEQDLK	3,Phospho[T];	0.000000	14.059922	0.277778	0.349672	0.261031	-0.009259	0.016963	0.21428571428571427	[0, 0, 0, 0, 0, 0, 0, 0, 0, 0, 0, 0, 0, 0, 0, 0, 0, 0, 0, 1, 0, 0, 0, 0, 0, 0]	[0, 0, 1, 0, 0]	TVQTPKVEEEQDLK	4,Phospho[T];	SKVDPKVEEEQDLK	3,Phospho[V];	KSVDPKVEEEQDLK	3,Phospho[V];
20150615_HepG2_Phos_BGP_mono_70ug_2.13470.13470.2.5.dta	VQTTPKVEEEQDLK	4,Phospho[T];	1.000000	14.732654	0.287037	0.357364	0.940014	0.009259	0.029445	0.2857142857142857	[0, 0, 0, 0, 0, 0, 0, 0, 0, 0, 0, 0, 0, 0, 0, 0, 0, 0, 0, 1, 0, 0, 0, 0, 0, 0]	[0, 0, 1, 0, 0]	QTLSPKVEEEQDLK	3,Phospho[L];	VGATTPKVEEEQDLK	4,Phospho[T];	TQLSPKVEEEQDLK	3,Phospho[L];
20150615_HepG2_Phos_BGP_mono_70ug_2.13470.13470.2.5.dta	VQTTPKVEEEQDLK	14,Phospho[K];	-1.000000	2.286051	0.138889	0.137931	-3.145221	-0.027778	-0.029069	1.0	[0, 0, 0, 0, 0, 0, 0, 0, 0, 0, 1, 0, 0, 0, 0, 0, 0, 0, 0, 0, 0, 0, 0, 0, 0, 0]	[0, 0, 1, 0, 0]	VQTTPKVEEEGADIK	12,Phospho[A];	VQTTPKVEEEGVTVQ	15,Phospho[Q];	VQTTPKVEEEGVTVQ	15,Phospho[Q];
20150615_HepG2_Phos_BGP_mono_70ug_2.13532.13532.3.2.dta	EHSPSESEKEVVGADPR	3,Phospho[S];	1.000000	9.514102	0.166667	0.259656	1.529920	0.040000	0.041026	0.17647058823529413	[0, 0, 0, 0, 0, 0, 0, 0, 0, 0, 0, 0, 0, 0, 0, 0, 0, 0, 1, 0, 0, 0, 0, 0, 0, 0]	[0, 0, 0, 1, 0]	HEPSSESEKEVVGADPR	3,Phospho[P];	EHPSSESEKEVVGADPR	4,Phospho[S];	HEPSSESEKEVVGADPR	3,Phospho[P];
20150615_HepG2_Phos_BGP_mono_70ug_2.13532.13532.3.2.dta	EHSPSESEKEVVGADPR	5,Phospho[S];	0.000000	7.984181	0.126667	0.218630	0.004640	-0.006667	-0.000307	0.29411764705882354	[0, 0, 0, 0, 0, 0, 0, 0, 0, 0, 0, 0, 0, 0, 0, 0, 0, 0, 1, 0, 0, 0, 0, 0, 0, 0]	[0, 0, 0, 1, 0]	EHSDDGIEKEVVGADPR	6,Phospho[G];	EHEAAESEKEVVGADPR	5,Phospho[A];	EHSSPESEKEVVGADPR	2,Phospho[H];
20150615_HepG2_Phos_BGP_mono_70ug_2.13532.13532.3.2.dta	EHSPSESEKEVVGADPR	7,Phospho[S];	0.000000	7.985489	0.133333	0.220774	0.005947	0.013333	0.007735	0.4117647058823529	[0, 0, 0, 0, 0, 0, 0, 0, 0, 0, 0, 0, 0, 0, 0, 0, 0, 0, 1, 0, 0, 0, 0, 0, 0, 0]	[0, 0, 0, 1, 0]	EHSDDAVEKEVVGADPR	6,Phospho[A];	EHSDDVAEKEVVGADPR	7,Phospho[A];	EHSDDGIEKEVVGADPR	7,Phospho[I];
20150615_HepG2_Phos_BGP_mono_70ug_2.13532.13532.3.2.dta	EHSPSESEKEVVGADPR	14,Phospho[A];	-1.000000	3.212420	0.073333	0.149254	-0.728805	-0.013333	-0.019650	0.8235294117647058	[1, 0, 0, 0, 0, 0, 0, 0, 0, 0, 0, 0, 0, 0, 0, 0, 0, 0, 0, 0, 0, 0, 0, 0, 0, 0]	[0, 0, 0, 1, 0]	EHSPSESEKEVVDQPR	12,Phospho[V];	EHSPSESEKEVVDQPR	12,Phospho[V];	EHSPSESEKEGVVADPR	13,Phospho[V];
20150615_HepG2_Phos_BGP_mono_70ug_2.13532.13532.3.2.dta	EHSPSESEKEVVGADPR	11,Phospho[V];	-1.000000	4.617211	0.106667	0.202455	-1.796226	0.000000	0.004392	0.6470588235294118	[0, 0, 0, 0, 0, 0, 0, 0, 0, 0, 0, 0, 0, 0, 0, 0, 0, 0, 0, 0, 0, 1, 0, 0, 0, 0]	[0, 0, 0, 1, 0]	EHSPSESSVAEVVGADPR	10,Phospho[A];	EHSPSESESAVVVGADPR	8,Phospho[E];	EHSPSESEKVEVGADPR	8,Phospho[E];
20150615_HepG2_Phos_BGP_mono_70ug_2.13532.13532.3.2.dta	EHSPSESEKEVVGADPR	15,Phospho[D];	-1.000000	3.212420	0.073333	0.149254	-0.456723	-0.006667	-0.005402	0.8823529411764706	[0, 0, 0, 1, 0, 0, 0, 0, 0, 0, 0, 0, 0, 0, 0, 0, 0, 0, 0, 0, 0, 0, 0, 0, 0, 0]	[0, 0, 0, 1, 0]	EHSPSESEKEVSTPGPR	13,Phospho[T];	EHSPSESEKEVDVAGPR	14,Phospho[A];	EHSPSESEKEVSTPGPR	13,Phospho[T];
20150615_HepG2_Phos_BGP_mono_70ug_2.13570.13570.3.1.dta	EKLQEEGGGSDEEETGSPSEDGMQSAR	10,Phospho[S];	1.000000	24.660463	0.280000	0.368971	0.816681	0.013333	0.006689	0.37037037037037035	[0, 0, 0, 0, 0, 0, 0, 0, 0, 0, 0, 0, 0, 0, 0, 0, 0, 0, 1, 0, 0, 0, 0, 0, 0, 0]	[0, 0, 0, 0, 1]	EKLQEEGGSGEDEETGSPSEDGMQSAR	9,Phospho[S];	EKLQEENSGDEEETGSPSEDGMQSAR	9,Phospho[G];	EKLQEEGGSGEDEETGSPSEDGMQSAR	10,Phospho[G];
20150615_HepG2_Phos_BGP_mono_70ug_2.13570.13570.3.1.dta	EKLQEEGGGSDEEETGSPSEDGMQSAR	15,Phospho[T];	0.000000	20.885468	0.233333	0.327499	-1.218701	-0.020000	-0.013582	0.5555555555555556	[0, 0, 0, 0, 0, 0, 0, 0, 0, 0, 0, 0, 0, 0, 0, 0, 0, 0, 0, 1, 0, 0, 0, 0, 0, 0]	[0, 0, 0, 0, 1]	EKLQEEGGGSDEMPMGSPSEDGMQSAR	12,Phospho[E];	EKLQEEGGGSDPMMEGSPSEDGMQSAR	13,Phospho[M];	EKLQEEGGGSDEPMMGSPSEDGMQSAR	12,Phospho[E];
20150615_HepG2_Phos_BGP_mono_70ug_2.13570.13570.3.1.dta	EKLQEEGGGSDEEETGSPSEDGMQSAR	17,Phospho[S];	0.000000	17.246381	0.200000	0.275536	-1.986874	-0.020000	-0.028708	0.6296296296296297	[0, 0, 0, 0, 0, 0, 0, 0, 0, 0, 0, 0, 0, 0, 0, 0, 0, 0, 1, 0, 0, 0, 0, 0, 0, 0]	[0, 0, 0, 0, 1]	EKLQEEGGGSDEEETGSPSEDGMQSAR	16,Phospho[G];	EKLQEEGGGSDEEETGSPSEDGMQSAR	16,Phospho[G];	EKLQEEGGGSDEETESGPSEDGMQSAR	14,Phospho[T];
20150615_HepG2_Phos_BGP_mono_70ug_2.13570.13570.3.1.dta	EKLQEEGGGSDEEETGSPSEDGMQSAR	19,Phospho[S];	0.000000	13.046843	0.146667	0.171949	-2.665830	-0.033333	-0.077493	0.7037037037037037	[0, 0, 0, 0, 0, 0, 0, 0, 0, 0, 0, 0, 0, 0, 0, 0, 0, 0, 1, 0, 0, 0, 0, 0, 0, 0]	[0, 0, 0, 0, 1]	EKLQEEGGGSDEEETGSSPEDGMQSAR	17,Phospho[S];	EKLQEEGGGSDEEETGSPESDGMQSAR	17,Phospho[S];	EKLQEEGGGSDEEETGSPESDGMQSAR	17,Phospho[S];
20150615_HepG2_Phos_BGP_mono_70ug_2.13570.13570.3.1.dta	EKLQEEGGGSDEEETGSPSEDGMQSAR	25,Phospho[S];	0.000000	9.259678	0.133333	0.117575	-1.309870	-0.013333	-0.016739	0.9259259259259259	[0, 0, 0, 0, 0, 0, 0, 0, 0, 0, 0, 0, 0, 0, 0, 0, 0, 0, 1, 0, 0, 0, 0, 0, 0, 0]	[0, 0, 0, 0, 1]	EKLQEEGGGSDEEETGSPSEDGMAGSAR	23,Phospho[M];	EKLQEEGGGSDEEETGSPSEDGMAGSAR	23,Phospho[M];	EKLQEEGGGSDEEETGSPSEDGMAGSAR	23,Phospho[M];
20150615_HepG2_Phos_BGP_mono_70ug_2.13570.13570.3.1.dta	EKLQEEGGGSDEEETGSPSEDGMQSAR	22,Phospho[G];	-1.000000	11.213115	0.153333	0.141077	-0.530799	0.006667	0.006750	0.8148148148148148	[0, 0, 0, 0, 0, 0, 1, 0, 0, 0, 0, 0, 0, 0, 0, 0, 0, 0, 0, 0, 0, 0, 0, 0, 0, 0]	[0, 0, 0, 0, 1]	EKLQEEGGGSDEEETGSPDTDGMQSAR	20,Phospho[T];	EKLQEEGGGSDEEETGSPSEDGMQSAR	19,Phospho[S];	EKLQEEGGGSDEEETGSPTDGDMQSAR	21,Phospho[G];
20150615_HepG2_Phos_BGP_mono_70ug_2.13570.13570.3.1.dta	EKLQEEGGGSDEEETGSPSEDGMQSAR	6,Phospho[E];	-1.000000	21.638648	0.246667	0.336946	-1.535823	-0.013333	-0.019783	0.2222222222222222	[0, 0, 0, 0, 1, 0, 0, 0, 0, 0, 0, 0, 0, 0, 0, 0, 0, 0, 0, 0, 0, 0, 0, 0, 0, 0]	[0, 0, 0, 0, 1]	EKLQEDANSDEEETGSPSEDGMQSAR	8,Phospho[N];	EKLQEADNSDEEETGSPSEDGMQSAR	8,Phospho[N];	EKLQADEGGSDEEETGSPSEDGMQSAR	8,Phospho[G];
20150615_HepG2_Phos_BGP_mono_70ug_2.13570.13570.3.1.dta	EKLQEEGGGSDEEETGSPSEDGMQSAR	10,Phospho[S];	-1.000000	24.660463	0.280000	0.368971	0.816681	0.013333	0.006689	0.37037037037037035	[0, 0, 0, 0, 0, 0, 0, 0, 0, 0, 0, 0, 0, 0, 0, 0, 0, 0, 1, 0, 0, 0, 0, 0, 0, 0]	[0, 0, 0, 0, 1]	EKLQEEGGSGEDEETGSPSEDGMQSAR	9,Phospho[S];	EKLQEENSGDEEETGSPSEDGMQSAR	9,Phospho[G];	EKLQEEGGSGEDEETGSPSEDGMQSAR	10,Phospho[G];
20150615_HepG2_Phos_BGP_mono_70ug_2.13570.13570.3.1.dta	EKLQEEGGGSDEEETGSPSEDGMQSAR	3,Phospho[L];	-1.000000	18.598099	0.213333	0.308153	-1.267042	-0.013333	-0.012198	0.1111111111111111	[0, 0, 0, 0, 0, 0, 0, 0, 0, 0, 0, 1, 0, 0, 0, 0, 0, 0, 0, 0, 0, 0, 0, 0, 0, 0]	[0, 0, 0, 0, 1]	EKIQEEGGGSDEEETGSPSEDGMQSAR	4,Phospho[Q];	KEIGAEEGGGSDEEETGSPSEDGMQSAR	5,Phospho[A];	KEIGAEEGGGSDEEETGSPSEDGMQSAR	5,Phospho[A];
20150615_HepG2_Phos_BGP_mono_70ug_2.13570.13570.3.1.dta	EKLQEEGGGSDEEETGSPSEDGMQSAR	15,Phospho[T];	-1.000000	20.885468	0.233333	0.327499	-1.218701	-0.020000	-0.013582	0.5555555555555556	[0, 0, 0, 0, 0, 0, 0, 0, 0, 0, 0, 0, 0, 0, 0, 0, 0, 0, 0, 1, 0, 0, 0, 0, 0, 0]	[0, 0, 0, 0, 1]	EKLQEEGGGSDEMPMGSPSEDGMQSAR	12,Phospho[E];	EKLQEEGGGSDPMMEGSPSEDGMQSAR	13,Phospho[M];	EKLQEEGGGSDEPMMGSPSEDGMQSAR	12,Phospho[E];
20150615_HepG2_Phos_BGP_mono_70ug_2.13609.13609.3.1.dta	AAPSTAPAEATPPKPGEAEAPPK	4,Phospho[S];	0.000000	17.145762	0.200000	0.306532	-0.810090	-0.020000	-0.030082	0.17391304347826086	[0, 0, 0, 0, 0, 0, 0, 0, 0, 0, 0, 0, 0, 0, 0, 0, 0, 0, 1, 0, 0, 0, 0, 0, 0, 0]	[0, 0, 0, 0, 1]	AAPENIAEATPPKPGEAEAPPK	6,Phospho[I];	AAVDAAPAEATPPKPGEAEAPPK	6,Phospho[A];	AADVAAPAEATPPKPGEAEAPPK	5,Phospho[A];
20150615_HepG2_Phos_BGP_mono_70ug_2.13609.13609.3.1.dta	AAPSTAPAEATPPKPGEAEAPPK	5,Phospho[T];	0.000000	17.759187	0.213333	0.326086	-0.196665	-0.006667	-0.010528	0.21739130434782608	[0, 0, 0, 0, 0, 0, 0, 0, 0, 0, 0, 0, 0, 0, 0, 0, 0, 0, 0, 1, 0, 0, 0, 0, 0, 0]	[0, 0, 0, 0, 1]	AAPENIAEATPPKPGEAEAPPK	6,Phospho[I];	AAVDAAPAEATPPKPGEAEAPPK	6,Phospho[A];	AAVDAAPAEATPPKPGEAEAPPK	5,Phospho[A];
20150615_HepG2_Phos_BGP_mono_70ug_2.13609.13609.3.1.dta	AAPSTAPAEATPPKPGEAEAPPK	11,Phospho[T];	1.000000	18.274429	0.240000	0.350350	0.452364	0.013333	0.007360	0.4782608695652174	[0, 0, 0, 0, 0, 0, 0, 0, 0, 0, 0, 0, 0, 0, 0, 0, 0, 0, 0, 1, 0, 0, 0, 0, 0, 0]	[0, 0, 0, 0, 1]	AAPSTAPPSTSPPKPGEAEAPPK	11,Phospho[S];	AAPSTAPAEAPTPKPGEAEAPPK	12,Phospho[T];	AAPSTAPPSSTPPKPGEAEAPPK	10,Phospho[S];
20150615_HepG2_Phos_BGP_mono_70ug_2.13609.13609.3.1.dta	AAPSTAPAEATPPKPGEAEAPPK	23,Phospho[K];	-1.000000	6.655583	0.160000	0.189032	-1.677416	-0.006667	-0.014273	1.0	[0, 0, 0, 0, 0, 0, 0, 0, 0, 0, 1, 0, 0, 0, 0, 0, 0, 0, 0, 0, 0, 0, 0, 0, 0, 0]	[0, 0, 0, 0, 1]	AAPSTAPAEATPPKPGEAEPAPK	21,Phospho[A];	AAPSTAPAEATPPKPGEAEPAPK	20,Phospho[P];	AAPSTAPAEATPPKPGEAEPAPK	20,Phospho[P];
20150615_HepG2_Phos_BGP_mono_70ug_2.13609.13609.3.1.dta	AAPSTAPAEATPPKPGEAEAPPK	19,Phospho[E];	-1.000000	11.055831	0.173333	0.236469	-0.876804	0.000000	-0.002697	0.8260869565217391	[0, 0, 0, 0, 1, 0, 0, 0, 0, 0, 0, 0, 0, 0, 0, 0, 0, 0, 0, 0, 0, 0, 0, 0, 0, 0]	[0, 0, 0, 0, 1]	AAPSTAPAEATPPKPPSSDAPPK	19,Phospho[D];	AAPSTAPAEATPPKPEEAGAPPK	18,Phospho[A];	AAPSTAPAEATPPKPPSDSAPPK	19,Phospho[S];
20150615_HepG2_Phos_BGP_mono_70ug_2.13609.13609.3.1.dta	AAPSTAPAEATPPKPGEAEAPPK	2,Phospho[A];	-1.000000	14.502600	0.206667	0.324780	-2.237207	0.000000	-0.000614	0.08695652173913043	[1, 0, 0, 0, 0, 0, 0, 0, 0, 0, 0, 0, 0, 0, 0, 0, 0, 0, 0, 0, 0, 0, 0, 0, 0, 0]	[0, 0, 0, 0, 1]	AEGVAAPAEATPPKPGEAEAPPK	5,Phospho[A];	AEGVAAPAEATPPKPGEAEAPPK	5,Phospho[A];	AEVGAAPAEATPPKPGEAEAPPK	5,Phospho[A];
20150615_HepG2_Phos_BGP_mono_70ug_2.13617.13617.2.9.dta	LTEGCSFR	2,Phospho[T];5,Carbamidomethyl[C];	0.000000	5.279829	0.074074	0.126875	0.244768	-0.009259	-0.007416	0.25	[0, 0, 0, 0, 0, 0, 0, 0, 0, 0, 0, 0, 0, 0, 0, 0, 0, 0, 0, 1, 0, 0, 0, 0, 0, 0]	[0, 1, 0, 0, 0]	LTECGSFR	4,Carbamidomethyl[C];5,Phospho[G];	TEIGCSFR	4,Phospho[G];5,Carbamidomethyl[C];	LTENCSFR	4,Phospho[N];
20150615_HepG2_Phos_BGP_mono_70ug_2.13617.13617.2.9.dta	LTEGCSFR	5,Carbamidomethyl[C];6,Phospho[S];	1.000000	5.712438	0.111111	0.146798	-0.584687	0.000000	-0.021206	0.75	[0, 0, 0, 0, 0, 0, 0, 0, 0, 0, 0, 0, 0, 0, 0, 0, 0, 0, 1, 0, 0, 0, 0, 0, 0, 0]	[0, 1, 0, 0, 0]	LTEGGCHGPV	10,Phospho[V];	LTEGCGHVP	5,Carbamidomethyl[C];8,Phospho[V];	LTEGCGHVP	5,Carbamidomethyl[C];8,Phospho[V];
20150615_HepG2_Phos_BGP_mono_70ug_2.13617.13617.2.9.dta	LTEGCSFR	5,Carbamidomethyl[C];7,Phospho[F];	-1.000000	4.784081	0.092593	0.121831	-1.513043	-0.018519	-0.046173	0.875	[0, 0, 0, 0, 0, 1, 0, 0, 0, 0, 0, 0, 0, 0, 0, 0, 0, 0, 0, 0, 0, 0, 0, 0, 0, 0]	[0, 1, 0, 0, 0]	LTEGGCGHVP	10,Phospho[P];	LTEGCGHVP	5,Carbamidomethyl[C];8,Phospho[V];	LTEGCGHVP	5,Carbamidomethyl[C];8,Phospho[V];
20150615_HepG2_Phos_BGP_mono_70ug_2.13617.13617.2.9.dta	LTEGCSFR	1,Phospho[L];5,Carbamidomethyl[C];	-1.000000	6.181716	0.101852	0.175247	2.020603	0.037037	0.075686	0.125	[0, 0, 0, 0, 0, 0, 0, 0, 0, 0, 0, 1, 0, 0, 0, 0, 0, 0, 0, 0, 0, 0, 0, 0, 0, 0]	[0, 1, 0, 0, 0]	TEIGCSFR	3,Phospho[I];5,Carbamidomethyl[C];	TIEGCSFR	3,Phospho[E];5,Carbamidomethyl[C];	IETGCSFR	4,Phospho[G];5,Carbamidomethyl[C];
20150615_HepG2_Phos_BGP_mono_70ug_2.13689.13689.2.3.dta	WNSVSPASAGK	3,Phospho[S];	0.000000	12.103157	0.153333	0.205477	0.205390	0.006667	0.004143	0.2727272727272727	[0, 0, 0, 0, 0, 0, 0, 0, 0, 0, 0, 0, 0, 0, 0, 0, 0, 0, 1, 0, 0, 0, 0, 0, 0, 0]	[0, 0, 1, 0, 0]	GFNAPSPASAGK	1,Phospho[G];	WGGVSSPASAGK	4,Phospho[V];	WGGVSSPASAGK	5,Phospho[S];
20150615_HepG2_Phos_BGP_mono_70ug_2.13689.13689.2.3.dta	WNSVSPASAGK	5,Phospho[S];	1.000000	11.920734	0.160000	0.210170	0.115848	0.013333	0.016965	0.45454545454545453	[0, 0, 0, 0, 0, 0, 0, 0, 0, 0, 0, 0, 0, 0, 0, 0, 0, 0, 1, 0, 0, 0, 0, 0, 0, 0]	[0, 0, 1, 0, 0]	WNSVPSASAGK	4,Phospho[V];	WGGVSSPASAGK	4,Phospho[V];	WNSSVPASAGK	5,Phospho[V];
20150615_HepG2_Phos_BGP_mono_70ug_2.13689.13689.2.3.dta	WNSVSPASAGK	8,Phospho[S];	0.000000	8.404342	0.126667	0.147457	-1.575833	0.000000	-0.008212	0.7272727272727273	[0, 0, 0, 0, 0, 0, 0, 0, 0, 0, 0, 0, 0, 0, 0, 0, 0, 0, 1, 0, 0, 0, 0, 0, 0, 0]	[0, 0, 1, 0, 0]	WNSVTGPSAGK	7,Phospho[P];	WNSVTGSPAGK	7,Phospho[S];	WNSVPSASAGK	5,Phospho[P];
20150615_HepG2_Phos_BGP_mono_70ug_2.13689.13689.2.3.dta	WNSVSPASAGK	10,Phospho[G];	-1.000000	6.695474	0.100000	0.109922	-1.700998	-0.020000	-0.033071	0.9090909090909091	[0, 0, 0, 0, 0, 0, 1, 0, 0, 0, 0, 0, 0, 0, 0, 0, 0, 0, 0, 0, 0, 0, 0, 0, 0, 0]	[0, 0, 1, 0, 0]	WNSVSPGTAGK	7,Phospho[G];	WNSVSPGTAGK	7,Phospho[G];	WNSVSPASGAK	7,Phospho[A];
20150615_HepG2_Phos_BGP_mono_70ug_2.13689.13689.2.3.dta	WNSVSPASAGK	11,Phospho[K];	-1.000000	6.703017	0.106667	0.116403	-0.812538	-0.006667	-0.012202	1.0	[0, 0, 0, 0, 0, 0, 0, 0, 0, 0, 1, 0, 0, 0, 0, 0, 0, 0, 0, 0, 0, 0, 0, 0, 0, 0]	[0, 0, 1, 0, 0]	WNSVSPAGTGK	9,Phospho[T];	WNSVSPAASKG	8,Phospho[A];	WNSVSPATGGK	9,Phospho[G];
20150615_HepG2_Phos_BGP_mono_70ug_2.13689.13689.2.3.dta	WNSVSPASAGK	3,Phospho[S];	-1.000000	12.103157	0.153333	0.205477	0.205390	0.006667	0.004143	0.2727272727272727	[0, 0, 0, 0, 0, 0, 0, 0, 0, 0, 0, 0, 0, 0, 0, 0, 0, 0, 1, 0, 0, 0, 0, 0, 0, 0]	[0, 0, 1, 0, 0]	GFNAPSPASAGK	1,Phospho[G];	WGGVSSPASAGK	4,Phospho[V];	WGGVSSPASAGK	5,Phospho[S];
20150615_HepG2_Phos_BGP_mono_70ug_2.13979.13979.2.7.dta	VNLEESSGVENSPAGARPK	6,Phospho[S];	0.000000	13.122983	0.266667	0.324082	1.455923	0.033333	0.041249	0.3157894736842105	[0, 0, 0, 0, 0, 0, 0, 0, 0, 0, 0, 0, 0, 0, 0, 0, 0, 0, 1, 0, 0, 0, 0, 0, 0, 0]	[0, 0, 0, 1, 0]	VNITEDSGVENSPAGARPK	6,Phospho[D];	VNIETDSGVENSPAGARPK	6,Phospho[D];	VNLEDTSGVENSPAGARPK	6,Phospho[T];
20150615_HepG2_Phos_BGP_mono_70ug_2.13979.13979.2.7.dta	VNLEESSGVENSPAGARPK	7,Phospho[S];	0.000000	12.859470	0.280000	0.326634	0.474607	0.006667	0.011903	0.3684210526315789	[0, 0, 0, 0, 0, 0, 0, 0, 0, 0, 0, 0, 0, 0, 0, 0, 0, 0, 1, 0, 0, 0, 0, 0, 0, 0]	[0, 0, 0, 1, 0]	VNLEESSPSTNSPAGARPK	8,Phospho[P];	VNLEESSSPTNSPAGARPK	8,Phospho[S];	VNLEESSGVENSPAGARPK	8,Phospho[G];
20150615_HepG2_Phos_BGP_mono_70ug_2.13979.13979.2.7.dta	VNLEESSGVENSPAGARPK	12,Phospho[S];	1.000000	14.362167	0.286667	0.325525	0.511211	0.013333	0.006000	0.631578947368421	[0, 0, 0, 0, 0, 0, 0, 0, 0, 0, 0, 0, 0, 0, 0, 0, 0, 0, 1, 0, 0, 0, 0, 0, 0, 0]	[0, 0, 0, 1, 0]	VNLEESSGVENSAPGARPK	11,Phospho[N];	VNLEESSGVSNEPAGARPK	12,Phospho[E];	VNLEESSGVSDQPAGARPK	11,Phospho[D];
20150615_HepG2_Phos_BGP_mono_70ug_2.13979.13979.2.7.dta	VNLEESSGVENSPAGARPK	15,Phospho[G];	-1.000000	12.465487	0.253333	0.268522	-0.329384	0.000000	-0.007010	0.7894736842105263	[0, 0, 0, 0, 0, 0, 1, 0, 0, 0, 0, 0, 0, 0, 0, 0, 0, 0, 0, 0, 0, 0, 0, 0, 0, 0]	[0, 0, 0, 1, 0]	VNLEESSGVENSPAQRPK	13,Phospho[P];	VNLEESSGVENSAPQRPK	13,Phospho[A];	VNLEESSGVENSPAQRPK	13,Phospho[P];
20150615_HepG2_Phos_BGP_mono_70ug_2.13979.13979.2.7.dta	VNLEESSGVENSPAGARPK	13,Phospho[P];	-1.000000	13.348451	0.260000	0.282502	-0.644452	-0.020000	-0.038500	0.6842105263157895	[0, 0, 0, 0, 0, 0, 0, 0, 0, 0, 0, 0, 0, 0, 0, 1, 0, 0, 0, 0, 0, 0, 0, 0, 0, 0]	[0, 0, 0, 1, 0]	VNLEESSGVSNEPAGARPK	12,Phospho[E];	VNLEESSGVQDSPAGARPK	12,Phospho[S];	VNLEESSGVNESPAGARPK	12,Phospho[S];
20150615_HepG2_Phos_BGP_mono_70ug_2.13979.13979.2.7.dta	VNLEESSGVENSPAGARPK	1,Phospho[V];	-1.000000	8.677692	0.200000	0.240659	-1.852969	0.026667	0.037011	0.05263157894736842	[0, 0, 0, 0, 0, 0, 0, 0, 0, 0, 0, 0, 0, 0, 0, 0, 0, 0, 0, 0, 0, 1, 0, 0, 0, 0]	[0, 0, 0, 1, 0]	VNIEESSGVENSPAGARPK	4,Phospho[E];	ADGIVESSGVENSPAGARPK	5,Phospho[V];	EGGIVESSGVENSPAGARPK	5,Phospho[V];
20150615_HepG2_Phos_BGP_mono_70ug_2.14353.14353.2.4.dta	DYSEADGLSER	2,Phospho[Y];	0.000000	3.277093	0.060000	0.094139	-0.238824	0.000000	-0.010362	0.18181818181818182	[0, 0, 0, 0, 0, 0, 0, 0, 0, 0, 0, 0, 0, 0, 0, 0, 0, 0, 0, 0, 0, 0, 0, 0, 1, 0]	[0, 0, 1, 0, 0]	YSDEADGLSER	3,Phospho[D];	TDYDADGLSER	4,Phospho[D];	DYTDADGLSER	4,Phospho[D];
20150615_HepG2_Phos_BGP_mono_70ug_2.14353.14353.2.4.dta	DYSEADGLSER	3,Phospho[S];	0.000000	3.144577	0.060000	0.104501	-0.371339	-0.006667	-0.002183	0.2727272727272727	[0, 0, 0, 0, 0, 0, 0, 0, 0, 0, 0, 0, 0, 0, 0, 0, 0, 0, 1, 0, 0, 0, 0, 0, 0, 0]	[0, 0, 1, 0, 0]	YSEDADGLSER	3,Phospho[E];	DYDTADGLSER	3,Phospho[D];	TDYDADGLSER	4,Phospho[D];
20150615_HepG2_Phos_BGP_mono_70ug_2.14353.14353.2.4.dta	DYSEADGLSER	9,Phospho[S];	1.000000	4.602690	0.080000	0.110192	1.142579	0.013333	0.012380	0.8181818181818182	[0, 0, 0, 0, 0, 0, 0, 0, 0, 0, 0, 0, 0, 0, 0, 0, 0, 0, 1, 0, 0, 0, 0, 0, 0, 0]	[0, 0, 1, 0, 0]	DYSEADGERLS	11,Phospho[S];	DYSEADGERLS	11,Phospho[S];	DYSEADGERLS	11,Phospho[S];
20150615_HepG2_Phos_BGP_mono_70ug_2.14353.14353.2.4.dta	DYSEADGLSER	10,Phospho[E];	-1.000000	3.944457	0.080000	0.108383	0.484346	0.013333	0.010571	0.9090909090909091	[0, 0, 0, 0, 1, 0, 0, 0, 0, 0, 0, 0, 0, 0, 0, 0, 0, 0, 0, 0, 0, 0, 0, 0, 0, 0]	[0, 0, 1, 0, 0]	DYSEADSEGLR	8,Phospho[E];	DYSEADSEGLR	8,Phospho[E];	DYSEADSEGLR	8,Phospho[E];
20150615_HepG2_Phos_BGP_mono_70ug_2.14353.14353.2.4.dta	DYSEADGLSER	9,Phospho[S];	-1.000000	4.602690	0.080000	0.110192	1.142579	0.013333	0.012380	0.8181818181818182	[0, 0, 0, 0, 0, 0, 0, 0, 0, 0, 0, 0, 0, 0, 0, 0, 0, 0, 1, 0, 0, 0, 0, 0, 0, 0]	[0, 0, 1, 0, 0]	DYSEADGERLS	11,Phospho[S];	DYSEADGERLS	11,Phospho[S];	DYSEADGERLS	11,Phospho[S];
20150615_HepG2_Phos_BGP_mono_70ug_2.14353.14353.2.4.dta	DYSEADGLSER	3,Phospho[S];	-1.000000	3.144577	0.060000	0.104501	-0.371339	-0.006667	-0.002183	0.2727272727272727	[0, 0, 0, 0, 0, 0, 0, 0, 0, 0, 0, 0, 0, 0, 0, 0, 0, 0, 1, 0, 0, 0, 0, 0, 0, 0]	[0, 0, 1, 0, 0]	YSEDADGLSER	3,Phospho[E];	DYDTADGLSER	3,Phospho[D];	TDYDADGLSER	4,Phospho[D];
20150615_HepG2_Phos_BGP_mono_70ug_2.14629.14629.2.7.dta	APVPGTPDSLSSGSSR	6,Phospho[T];	1.000000	12.119188	0.160000	0.239975	0.703094	0.000000	0.007491	0.375	[0, 0, 0, 0, 0, 0, 0, 0, 0, 0, 0, 0, 0, 0, 0, 0, 0, 0, 0, 1, 0, 0, 0, 0, 0, 0]	[0, 0, 0, 1, 0]	APVPSADPSLSSGSSR	5,Phospho[S];	APVPTGPDSLSSGSSR	5,Phospho[T];	APVPSADPSLSSGSSR	5,Phospho[S];
20150615_HepG2_Phos_BGP_mono_70ug_2.14629.14629.2.7.dta	APVPGTPDSLSSGSSR	9,Phospho[S];	0.000000	7.387202	0.120000	0.133075	-2.317565	-0.006667	-0.026147	0.5625	[0, 0, 0, 0, 0, 0, 0, 0, 0, 0, 0, 0, 0, 0, 0, 0, 0, 0, 1, 0, 0, 0, 0, 0, 0, 0]	[0, 0, 0, 1, 0]	APVPGTPDSISSGSSR	7,Phospho[P];	APVPGDPTSLSSGSSR	7,Phospho[P];	APVPGDTPSLSSGSSR	7,Phospho[T];
20150615_HepG2_Phos_BGP_mono_70ug_2.14629.14629.2.7.dta	APVPGTPDSLSSGSSR	11,Phospho[S];	0.000000	5.364754	0.093333	0.100328	-2.012132	-0.020000	-0.031191	0.6875	[0, 0, 0, 0, 0, 0, 0, 0, 0, 0, 0, 0, 0, 0, 0, 0, 0, 0, 1, 0, 0, 0, 0, 0, 0, 0]	[0, 0, 0, 1, 0]	APVPGTPSDISSGSSR	8,Phospho[S];	APVPGTPDISSSGSSR	10,Phospho[S];	APVPGTPDTVSSGSSR	10,Phospho[V];
20150615_HepG2_Phos_BGP_mono_70ug_2.14629.14629.2.7.dta	APVPGTPDSLSSGSSR	12,Phospho[S];	0.000000	4.651183	0.086667	0.091120	-2.069304	-0.026667	-0.033330	0.75	[0, 0, 0, 0, 0, 0, 0, 0, 0, 0, 0, 0, 0, 0, 0, 0, 0, 0, 1, 0, 0, 0, 0, 0, 0, 0]	[0, 0, 0, 1, 0]	APVPGTPDTVSSGSSR	9,Phospho[T];	APVPGTPDTVSSGSSR	9,Phospho[T];	APVPGTPDTVSSGSSR	9,Phospho[T];
20150615_HepG2_Phos_BGP_mono_70ug_2.14629.14629.2.7.dta	APVPGTPDSLSSGSSR	14,Phospho[S];	0.000000	4.109708	0.080000	0.086303	-0.541476	-0.006667	-0.004817	0.875	[0, 0, 0, 0, 0, 0, 0, 0, 0, 0, 0, 0, 0, 0, 0, 0, 0, 0, 1, 0, 0, 0, 0, 0, 0, 0]	[0, 0, 0, 1, 0]	APVPGTPDSLSSGSSR	12,Phospho[S];	APVPGTPDSLSSGSSR	12,Phospho[S];	APVPGTPDSLSSGSSR	12,Phospho[S];
20150615_HepG2_Phos_BGP_mono_70ug_2.14629.14629.2.7.dta	APVPGTPDSLSSGSSR	15,Phospho[S];	0.000000	4.109708	0.080000	0.086303	0.000000	0.000000	0.000000	0.9375	[0, 0, 0, 0, 0, 0, 0, 0, 0, 0, 0, 0, 0, 0, 0, 0, 0, 0, 1, 0, 0, 0, 0, 0, 0, 0]	[0, 0, 0, 1, 0]	APVPGTPDSLSSSRGS	13,Phospho[S];	APVPGTPDSLSSSSGR	13,Phospho[S];	APVPGTPDSLSSSSGR	13,Phospho[S];
20150615_HepG2_Phos_BGP_mono_70ug_2.14629.14629.2.7.dta	APVPGTPDSLSSGSSR	12,Phospho[S];	-1.000000	4.651183	0.086667	0.091120	-2.069304	-0.026667	-0.033330	0.75	[0, 0, 0, 0, 0, 0, 0, 0, 0, 0, 0, 0, 0, 0, 0, 0, 0, 0, 1, 0, 0, 0, 0, 0, 0, 0]	[0, 0, 0, 1, 0]	APVPGTPDTVSSGSSR	9,Phospho[T];	APVPGTPDTVSSGSSR	9,Phospho[T];	APVPGTPDTVSSGSSR	9,Phospho[T];
20150615_HepG2_Phos_BGP_mono_70ug_2.14629.14629.2.7.dta	APVPGTPDSLSSGSSR	1,Phospho[A];	-1.000000	9.399216	0.126667	0.196473	0.863528	0.013333	0.028417	0.0625	[1, 0, 0, 0, 0, 0, 0, 0, 0, 0, 0, 0, 0, 0, 0, 0, 0, 0, 0, 0, 0, 0, 0, 0, 0, 0]	[0, 0, 0, 1, 0]	PVPAGTPDSLSSGSSR	4,Phospho[A];	VPPAGTPDSLSSGSSR	4,Phospho[A];	VPPAGTPDSLSSGSSR	4,Phospho[A];
20150615_HepG2_Phos_BGP_mono_70ug_2.14629.14629.2.7.dta	APVPGTPDSLSSGSSR	2,Phospho[P];	-1.000000	9.399216	0.126667	0.196473	-2.727074	-0.040000	-0.052548	0.125	[0, 0, 0, 0, 0, 0, 0, 0, 0, 0, 0, 0, 0, 0, 0, 1, 0, 0, 0, 0, 0, 0, 0, 0, 0, 0]	[0, 0, 0, 1, 0]	APVGPTPDSLSSGSSR	4,Phospho[G];	AVPPGTPDSLSSGSSR	5,Phospho[G];	AVPGPTPDSLSSGSSR	5,Phospho[P];
20150615_HepG2_Phos_BGP_mono_70ug_2.14629.14629.2.7.dta	APVPGTPDSLSSGSSR	6,Phospho[T];	-1.000000	12.119188	0.160000	0.239975	0.703094	0.000000	0.007491	0.375	[0, 0, 0, 0, 0, 0, 0, 0, 0, 0, 0, 0, 0, 0, 0, 0, 0, 0, 0, 1, 0, 0, 0, 0, 0, 0]	[0, 0, 0, 1, 0]	APVPSADPSLSSGSSR	5,Phospho[S];	APVPTGPDSLSSGSSR	5,Phospho[T];	APVPSADPSLSSGSSR	5,Phospho[S];
20150615_HepG2_Phos_BGP_mono_70ug_2.14629.14629.2.7.dta	APVPGTPDSLSSGSSR	8,Phospho[D];	-1.000000	8.996165	0.120000	0.157081	-2.422580	-0.040000	-0.079056	0.5	[0, 0, 0, 1, 0, 0, 0, 0, 0, 0, 0, 0, 0, 0, 0, 0, 0, 0, 0, 0, 0, 0, 0, 0, 0, 0]	[0, 0, 0, 1, 0]	APVPTGDPSLSSGSSR	6,Phospho[G];	APVPTGDPSLSSGSSR	6,Phospho[G];	APVPGTDPSLSSGSSR	5,Phospho[G];
20150615_HepG2_Phos_BGP_mono_70ug_2.15200.15200.3.6.dta	ACASPSAQVEGSPVAGSDGSQPAVK	2,Carbamidomethyl[C];4,Phospho[S];	1.000000	16.241807	0.260000	0.364692	-0.700841	0.000000	0.000000	0.16	[0, 0, 0, 0, 0, 0, 0, 0, 0, 0, 0, 0, 0, 0, 0, 0, 0, 0, 1, 0, 0, 0, 0, 0, 0, 0]	[0, 0, 0, 0, 1]	ACDQVAQVEGSPVAGSDGSQPAVK	2,Carbamidomethyl[C];5,Phospho[V];	QCASPSAQVEGSPVAGSDGSQPAVK	3,Phospho[A];	QCASPSAQVEGSPVAGSDGSQPAVK	3,Phospho[A];
20150615_HepG2_Phos_BGP_mono_70ug_2.15200.15200.3.6.dta	ACASPSAQVEGSPVAGSDGSQPAVK	2,Carbamidomethyl[C];6,Phospho[S];	0.000000	16.241807	0.260000	0.364692	-0.544865	0.000000	-0.000444	0.24	[0, 0, 0, 0, 0, 0, 0, 0, 0, 0, 0, 0, 0, 0, 0, 0, 0, 0, 1, 0, 0, 0, 0, 0, 0, 0]	[0, 0, 0, 0, 1]	ACADGGIQVEGSPVAGSDGSQPAVK	2,Carbamidomethyl[C];7,Phospho[I];	ACADGGLQVEGSPVAGSDGSQPAVK	2,Carbamidomethyl[C];7,Phospho[L];	ACADGGLQVEGSPVAGSDGSQPAVK	2,Carbamidomethyl[C];7,Phospho[L];
20150615_HepG2_Phos_BGP_mono_70ug_2.15200.15200.3.6.dta	ACASPSAQVEGSPVAGSDGSQPAVK	2,Carbamidomethyl[C];12,Phospho[S];	0.000000	14.132419	0.213333	0.317678	-0.597574	-0.006667	-0.005341	0.48	[0, 0, 0, 0, 0, 0, 0, 0, 0, 0, 0, 0, 0, 0, 0, 0, 0, 0, 1, 0, 0, 0, 0, 0, 0, 0]	[0, 0, 0, 0, 1]	ACASPSAQDIGSPVAGSDGSQPAVK	2,Carbamidomethyl[C];10,Phospho[I];	ACASPSAQDLGSPVAGSDGSQPAVK	2,Carbamidomethyl[C];10,Phospho[L];	ACASPSAQDIGSPVAGSDGSQPAVK	2,Carbamidomethyl[C];10,Phospho[I];
20150615_HepG2_Phos_BGP_mono_70ug_2.15200.15200.3.6.dta	ACASPSAQVEGSPVAGSDGSQPAVK	2,Carbamidomethyl[C];17,Phospho[S];	0.000000	5.849368	0.160000	0.194777	-2.510844	0.000000	-0.020025	0.68	[0, 0, 0, 0, 0, 0, 0, 0, 0, 0, 0, 0, 0, 0, 0, 0, 0, 0, 1, 0, 0, 0, 0, 0, 0, 0]	[0, 0, 0, 0, 1]	ACASPSAQVEGSPIGGSDGSQPAVK	2,Carbamidomethyl[C];14,Phospho[I];	ACASPSAQVEGSPAVGSDGSQPAVK	2,Carbamidomethyl[C];15,Phospho[V];	ACASPSAQVEGSPGLGSDGSQPAVK	2,Carbamidomethyl[C];15,Phospho[L];
20150615_HepG2_Phos_BGP_mono_70ug_2.15200.15200.3.6.dta	ACASPSAQVEGSPVAGSDGSQPAVK	2,Carbamidomethyl[C];20,Phospho[S];	0.000000	4.179941	0.160000	0.175371	-0.619175	0.006667	0.004282	0.8	[0, 0, 0, 0, 0, 0, 0, 0, 0, 0, 0, 0, 0, 0, 0, 0, 0, 0, 1, 0, 0, 0, 0, 0, 0, 0]	[0, 0, 0, 0, 1]	ACASPSAQVEGSPVAGSDGSQPAVK	2,Carbamidomethyl[C];19,Phospho[G];	ACASPSAQVEGSPVAGSDGSQPAVK	2,Carbamidomethyl[C];18,Phospho[D];	ACASPSAQVEGSPVAGDSSGQPAVK	2,Carbamidomethyl[C];19,Phospho[S];
20150615_HepG2_Phos_BGP_mono_70ug_2.15200.15200.3.6.dta	ACASPSAQVEGSPVAGSDGSQPAVK	2,Carbamidomethyl[C];14,Phospho[V];	-1.000000	10.109352	0.173333	0.247923	-2.264902	-0.020000	-0.022686	0.56	[0, 0, 0, 0, 0, 0, 0, 0, 0, 0, 0, 0, 0, 0, 0, 0, 0, 0, 0, 0, 0, 1, 0, 0, 0, 0]	[0, 0, 0, 0, 1]	ACASPSAQVEGSPIGGSDGSQPAVK	2,Carbamidomethyl[C];12,Phospho[S];	ACASPSAQVEGSPIGGSDGSQPAVK	2,Carbamidomethyl[C];12,Phospho[S];	ACASPSAQVEGSPIGGSDGSQPAVK	2,Carbamidomethyl[C];12,Phospho[S];
20150615_HepG2_Phos_BGP_mono_70ug_2.15200.15200.3.6.dta	ACASPSAQVEGSPVAGSDGSQPAVK	2,Carbamidomethyl[C];16,Phospho[G];	-1.000000	6.645555	0.166667	0.205386	-2.474026	0.013333	-0.009683	0.64	[0, 0, 0, 0, 0, 0, 1, 0, 0, 0, 0, 0, 0, 0, 0, 0, 0, 0, 0, 0, 0, 0, 0, 0, 0, 0]	[0, 0, 0, 0, 1]	ACASPSAQVEGSPGIGSDGSQPAVK	2,Carbamidomethyl[C];13,Phospho[P];	ACASPSAQVEGSPIGGSDGSQPAVK	2,Carbamidomethyl[C];13,Phospho[P];	ACASPSAQVEGSPGIGSDGSQPAVK	2,Carbamidomethyl[C];13,Phospho[P];
20150615_HepG2_Phos_BGP_mono_70ug_2.15200.15200.3.6.dta	ACASPSAQVEGSPVAGSDGSQPAVK	2,Carbamidomethyl[C];3,Phospho[A];	-1.000000	16.241807	0.260000	0.364692	-0.700841	0.000000	0.000000	0.12	[1, 0, 0, 0, 0, 0, 0, 0, 0, 0, 0, 0, 0, 0, 0, 0, 0, 0, 0, 0, 0, 0, 0, 0, 0, 0]	[0, 0, 0, 0, 1]	ACDQVAQVEGSPVAGSDGSQPAVK	2,Carbamidomethyl[C];5,Phospho[V];	QCTGPSAQVEGSPVAGSDGSQPAVK	4,Phospho[G];	QCTGPSAQVEGSPVAGSDGSQPAVK	4,Phospho[G];
20150615_HepG2_Phos_BGP_mono_70ug_2.15200.15200.3.6.dta	ACASPSAQVEGSPVAGSDGSQPAVK	2,Carbamidomethyl[C];4,Phospho[S];	-1.000000	16.241807	0.260000	0.364692	-0.700841	0.000000	0.000000	0.16	[0, 0, 0, 0, 0, 0, 0, 0, 0, 0, 0, 0, 0, 0, 0, 0, 0, 0, 1, 0, 0, 0, 0, 0, 0, 0]	[0, 0, 0, 0, 1]	ACDQVAQVEGSPVAGSDGSQPAVK	2,Carbamidomethyl[C];5,Phospho[V];	QCASPSAQVEGSPVAGSDGSQPAVK	3,Phospho[A];	QCASPSAQVEGSPVAGSDGSQPAVK	3,Phospho[A];
20150615_HepG2_Phos_BGP_mono_70ug_2.15445.15445.2.4.dta	SLLSSPTK	1,Phospho[S];	0.000000	7.841801	0.140000	0.249893	-1.507674	0.013333	0.012702	0.125	[0, 0, 0, 0, 0, 0, 0, 0, 0, 0, 0, 0, 0, 0, 0, 0, 0, 0, 1, 0, 0, 0, 0, 0, 0, 0]	[0, 1, 0, 0, 0]	TVISSPTK	3,Phospho[I];	TVLSSPTK	3,Phospho[L];	ISISSPTK	2,Phospho[S];
20150615_HepG2_Phos_BGP_mono_70ug_2.15445.15445.2.4.dta	SLLSSPTK	4,Phospho[S];	0.000000	10.312853	0.146667	0.251026	0.963378	0.020000	0.011614	0.5	[0, 0, 0, 0, 0, 0, 0, 0, 0, 0, 0, 0, 0, 0, 0, 0, 0, 0, 1, 0, 0, 0, 0, 0, 0, 0]	[0, 1, 0, 0, 0]	TVLSSPTK	3,Phospho[L];	SLISSPTK	3,Phospho[I];	VTISSPTK	2,Phospho[T];
20150615_HepG2_Phos_BGP_mono_70ug_2.15445.15445.2.4.dta	SLLSSPTK	5,Phospho[S];	1.000000	10.145362	0.126667	0.209984	0.449150	0.000000	-0.019580	0.625	[0, 0, 0, 0, 0, 0, 0, 0, 0, 0, 0, 0, 0, 0, 0, 0, 0, 0, 1, 0, 0, 0, 0, 0, 0, 0]	[0, 1, 0, 0, 0]	SLLSNVIS	7,Phospho[I];	SIISSPTK	2,Phospho[I];	SLLSSTPK	4,Phospho[S];
20150615_HepG2_Phos_BGP_mono_70ug_2.15445.15445.2.4.dta	SLLSSPTK	7,Phospho[T];	0.000000	6.811625	0.106667	0.138332	-2.579729	-0.013333	-0.069185	0.875	[0, 0, 0, 0, 0, 0, 0, 0, 0, 0, 0, 0, 0, 0, 0, 0, 0, 0, 0, 1, 0, 0, 0, 0, 0, 0]	[0, 1, 0, 0, 0]	SLLSNVSL	8,Phospho[L];	SLLSSTPK	5,Phospho[S];	SLLSVNLS	7,Phospho[L];
20150615_HepG2_Phos_BGP_mono_70ug_2.15445.15445.2.4.dta	SLLSSPTK	7,Phospho[T];	-1.000000	6.811625	0.106667	0.138332	-2.579729	-0.013333	-0.069185	0.875	[0, 0, 0, 0, 0, 0, 0, 0, 0, 0, 0, 0, 0, 0, 0, 0, 0, 0, 0, 1, 0, 0, 0, 0, 0, 0]	[0, 1, 0, 0, 0]	SLLSNVSL	8,Phospho[L];	SLLSSTPK	5,Phospho[S];	SLLSVNLS	7,Phospho[L];
20150615_HepG2_Phos_BGP_mono_70ug_2.15445.15445.2.4.dta	SLLSSPTK	3,Phospho[L];	-1.000000	9.813211	0.126667	0.241107	0.911000	0.000000	0.005931	0.375	[0, 0, 0, 0, 0, 0, 0, 0, 0, 0, 0, 1, 0, 0, 0, 0, 0, 0, 0, 0, 0, 0, 0, 0, 0, 0]	[0, 1, 0, 0, 0]	SISISPTK	3,Phospho[S];	SIISSPTK	5,Phospho[S];	TVISSPTK	2,Phospho[V];
20150615_HepG2_Phos_BGP_mono_70ug_2.15445.15445.2.4.dta	SLLSSPTK	2,Phospho[L];	-1.000000	8.321124	0.126667	0.236799	-1.028351	0.000000	-0.001440	0.25	[0, 0, 0, 0, 0, 0, 0, 0, 0, 0, 0, 1, 0, 0, 0, 0, 0, 0, 0, 0, 0, 0, 0, 0, 0, 0]	[0, 1, 0, 0, 0]	TVLSSPTK	3,Phospho[L];	SILSSPTK	3,Phospho[L];	VTISSPTK	4,Phospho[S];
20150615_HepG2_Phos_BGP_mono_70ug_2.15707.15707.3.6.dta	EVLDEDTDEEKETLK	7,Phospho[T];	1.000000	13.029811	0.166667	0.239015	0.001541	0.006667	0.005219	0.4666666666666667	[0, 0, 0, 0, 0, 0, 0, 0, 0, 0, 0, 0, 0, 0, 0, 0, 0, 0, 0, 1, 0, 0, 0, 0, 0, 0]	[0, 0, 1, 0, 0]	EVLEDSEDEEKETLK	6,Phospho[S];	EVLDEESDEEKETLK	7,Phospho[S];	EVLDEESDEEKETLK	7,Phospho[S];
20150615_HepG2_Phos_BGP_mono_70ug_2.15707.15707.3.6.dta	EVLDEDTDEEKETLK	13,Phospho[T];	0.000000	5.459235	0.100000	0.149986	-1.581446	-0.006667	-0.011172	0.8666666666666667	[0, 0, 0, 0, 0, 0, 0, 0, 0, 0, 0, 0, 0, 0, 0, 0, 0, 0, 0, 1, 0, 0, 0, 0, 0, 0]	[0, 0, 1, 0, 0]	EVLDEDTDEEKTEIK	11,Phospho[K];	EVLDEDTDEKEETLK	12,Phospho[E];	EVLDEDTDEEKTEIK	11,Phospho[K];
20150615_HepG2_Phos_BGP_mono_70ug_2.15707.15707.3.6.dta	EVLDEDTDEEKETLK	15,Phospho[K];	-1.000000	4.673259	0.100000	0.149530	0.005085	0.006667	0.003626	1.0	[0, 0, 0, 0, 0, 0, 0, 0, 0, 0, 1, 0, 0, 0, 0, 0, 0, 0, 0, 0, 0, 0, 0, 0, 0, 0]	[0, 0, 1, 0, 0]	EVLDEDTDEEKITEK	14,Phospho[E];	EVLDEDTDEEKTEIK	13,Phospho[E];	EVLDEDTDEEKTIKE	14,Phospho[K];
20150615_HepG2_Phos_BGP_mono_70ug_2.15707.15707.3.6.dta	EVLDEDTDEEKETLK	8,Phospho[D];	-1.000000	10.988982	0.146667	0.216986	-1.444684	-0.013333	-0.016810	0.5333333333333333	[0, 0, 0, 1, 0, 0, 0, 0, 0, 0, 0, 0, 0, 0, 0, 0, 0, 0, 0, 0, 0, 0, 0, 0, 0, 0]	[0, 0, 1, 0, 0]	EVLDEMCPEEKETLK	7,Phospho[C];	EVLDEESDEEKETLK	7,Phospho[S];	EVLDEESDEEKETLK	7,Phospho[S];
20150615_HepG2_Phos_BGP_mono_70ug_2.16734.16734.2.4.dta	GFTECEMTKSSPLK	3,Phospho[T];5,Carbamidomethyl[C];	0.000000	3.889670	0.106667	0.100549	-3.337231	-0.026667	-0.042686	0.21428571428571427	[0, 0, 0, 0, 0, 0, 0, 0, 0, 0, 0, 0, 0, 0, 0, 0, 0, 0, 0, 1, 0, 0, 0, 0, 0, 0]	[0, 0, 1, 0, 0]	GFTEACDMTKSSPLK	6,Phospho[C];	GFTEADCMTKSSPLK	7,Phospho[C];	GFTEEGCMTKSSPLK	4,Phospho[E];
20150615_HepG2_Phos_BGP_mono_70ug_2.16734.16734.2.4.dta	GFTECEMTKSSPLK	5,Carbamidomethyl[C];8,Phospho[T];	0.000000	10.349218	0.193333	0.189025	0.021553	0.006667	0.001616	0.5714285714285714	[0, 0, 0, 0, 0, 0, 0, 0, 0, 0, 0, 0, 0, 0, 0, 0, 0, 0, 0, 1, 0, 0, 0, 0, 0, 0]	[0, 0, 1, 0, 0]	GFTECETMSKSPLK	5,Carbamidomethyl[C];10,Phospho[K];	GFTEGCEMTKSSPLK	8,Phospho[M];	GFTECETMSKSPLK	5,Carbamidomethyl[C];9,Phospho[S];
20150615_HepG2_Phos_BGP_mono_70ug_2.16734.16734.2.4.dta	GFTECEMTKSSPLK	5,Carbamidomethyl[C];10,Phospho[S];	0.000000	11.074205	0.206667	0.201438	0.713057	0.020000	0.018779	0.7142857142857143	[0, 0, 0, 0, 0, 0, 0, 0, 0, 0, 0, 0, 0, 0, 0, 0, 0, 0, 1, 0, 0, 0, 0, 0, 0, 0]	[0, 0, 1, 0, 0]	GFTECEMTAAASVLK	5,Carbamidomethyl[C];13,Phospho[V];	GFTECEMTAAAVSLK	5,Carbamidomethyl[C];13,Phospho[S];	GFTECEMTAAAVSLK	5,Carbamidomethyl[C];13,Phospho[S];
20150615_HepG2_Phos_BGP_mono_70ug_2.16734.16734.2.4.dta	GFTECEMTKSSPLK	5,Carbamidomethyl[C];11,Phospho[S];	1.000000	11.068188	0.200000	0.196107	-0.494435	0.006667	0.011267	0.7857142857142857	[0, 0, 0, 0, 0, 0, 0, 0, 0, 0, 0, 0, 0, 0, 0, 0, 0, 0, 1, 0, 0, 0, 0, 0, 0, 0]	[0, 0, 1, 0, 0]	GFTECEMTKSVTKP	5,Carbamidomethyl[C];12,Phospho[T];	GFTECEMTKSVTKP	5,Carbamidomethyl[C];12,Phospho[T];	GFTECEMTKSVTKP	5,Carbamidomethyl[C];12,Phospho[T];
20150615_HepG2_Phos_BGP_mono_70ug_2.16734.16734.2.4.dta	GFTECEMTKSSPLK	5,Carbamidomethyl[C];11,Phospho[S];	-1.000000	11.068188	0.200000	0.196107	-0.494435	0.006667	0.011267	0.7857142857142857	[0, 0, 0, 0, 0, 0, 0, 0, 0, 0, 0, 0, 0, 0, 0, 0, 0, 0, 1, 0, 0, 0, 0, 0, 0, 0]	[0, 0, 1, 0, 0]	GFTECEMTKSVTKP	5,Carbamidomethyl[C];12,Phospho[T];	GFTECEMTKSVTKP	5,Carbamidomethyl[C];12,Phospho[T];	GFTECEMTKSVTKP	5,Carbamidomethyl[C];12,Phospho[T];
20150615_HepG2_Phos_BGP_mono_70ug_2.16734.16734.2.4.dta	GFTECEMTKSSPLK	5,Carbamidomethyl[C];14,Phospho[K];	-1.000000	10.280847	0.206667	0.196944	-1.281776	0.013333	0.012104	1.0	[0, 0, 0, 0, 0, 0, 0, 0, 0, 0, 1, 0, 0, 0, 0, 0, 0, 0, 0, 0, 0, 0, 0, 0, 0, 0]	[0, 0, 1, 0, 0]	GFTECEMTKSVTPK	5,Carbamidomethyl[C];12,Phospho[T];	GFTECEMTKSVTKP	5,Carbamidomethyl[C];12,Phospho[T];	GFTECEMTKSVTKP	5,Carbamidomethyl[C];12,Phospho[T];
20150615_HepG2_Phos_BGP_mono_70ug_2.16734.16734.2.4.dta	GFTECEMTKSSPLK	1,Phospho[G];5,Carbamidomethyl[C];	-1.000000	2.011993	0.106667	0.104621	-1.295875	0.006667	0.004071	0.07142857142857142	[0, 0, 0, 0, 0, 0, 1, 0, 0, 0, 0, 0, 0, 0, 0, 0, 0, 0, 0, 0, 0, 0, 0, 0, 0, 0]	[0, 0, 1, 0, 0]	ETFGCEMTKSSPLK	4,Phospho[G];5,Carbamidomethyl[C];	TEFGCEMTKSSPLK	3,Phospho[F];5,Carbamidomethyl[C];	GFTECEMTKSSPLK	3,Phospho[T];5,Carbamidomethyl[C];
20150615_HepG2_Phos_BGP_mono_70ug_2.16734.16734.2.4.dta	GFTECEMTKSSPLK	4,Phospho[E];5,Carbamidomethyl[C];	-1.000000	5.775059	0.126667	0.125849	-2.215702	-0.033333	-0.043751	0.2857142857142857	[0, 0, 0, 0, 1, 0, 0, 0, 0, 0, 0, 0, 0, 0, 0, 0, 0, 0, 0, 0, 0, 0, 0, 0, 0, 0]	[0, 0, 1, 0, 0]	GFTECMETKSSPLK	5,Carbamidomethyl[C];7,Phospho[E];	GFTEGCEMTKSSPLK	7,Phospho[E];	GFTEGCMETKSSPLK	8,Phospho[E];
20150615_HepG2_Phos_BGP_mono_70ug_2.17072.17072.4.4.dta	GGAAPEGPNEAEVTSGKPEQEVPDAEEEKSVSGTDVQEECR	14,Phospho[T];40,Carbamidomethyl[C];	0.000000	16.406848	0.253333	0.306121	-0.803131	-0.006667	-0.005749	0.34146341463414637	[0, 0, 0, 0, 0, 0, 0, 0, 0, 0, 0, 0, 0, 0, 0, 0, 0, 0, 0, 1, 0, 0, 0, 0, 0, 0]	[0, 0, 0, 0, 1]	GGAAPEGPNEAITDSGKPEQEVPDAEEEKSVSGTDVQEECR	14,Phospho[D];40,Carbamidomethyl[C];	GGAAPEGPNEATISDGKPEQEVPDAEEEKSVSGTDVQEECR	13,Phospho[I];40,Carbamidomethyl[C];	GGAAPEGPNEATISDGKPEQEVPDAEEEKSVSGTDVQEECR	13,Phospho[I];40,Carbamidomethyl[C];
20150615_HepG2_Phos_BGP_mono_70ug_2.17072.17072.4.4.dta	GGAAPEGPNEAEVTSGKPEQEVPDAEEEKSVSGTDVQEECR	15,Phospho[S];40,Carbamidomethyl[C];	0.000000	16.406848	0.253333	0.306121	-0.691677	-0.006667	-0.005749	0.36585365853658536	[0, 0, 0, 0, 0, 0, 0, 0, 0, 0, 0, 0, 0, 0, 0, 0, 0, 0, 1, 0, 0, 0, 0, 0, 0, 0]	[0, 0, 0, 0, 1]	GGAAPEGPNEAEVSTGKPEQEVPDAEEEKSVSGTDVQEECR	16,Phospho[G];40,Carbamidomethyl[C];	GGAAPEGPNEATLSDGKPEQEVPDAEEEKSVSGTDVQEECR	13,Phospho[L];40,Carbamidomethyl[C];	GGAAPEGPNEATLSDGKPEQEVPDAEEEKSVSGTDVQEECR	13,Phospho[L];40,Carbamidomethyl[C];
20150615_HepG2_Phos_BGP_mono_70ug_2.17072.17072.4.4.dta	GGAAPEGPNEAEVTSGKPEQEVPDAEEEKSVSGTDVQEECR	30,Phospho[S];40,Carbamidomethyl[C];	1.000000	18.731719	0.273333	0.314924	-1.395287	-0.026667	-0.025045	0.7317073170731707	[0, 0, 0, 0, 0, 0, 0, 0, 0, 0, 0, 0, 0, 0, 0, 0, 0, 0, 1, 0, 0, 0, 0, 0, 0, 0]	[0, 0, 0, 0, 1]	GGAAPEGPNEAEVTSGKPEQEVPDAEAESVSVSGTDVQEECR	29,Phospho[S];41,Carbamidomethyl[C];	GGAAPEGPNEAEVTSGKPEQEVPDAEEAVSVSSGTDVQEECR	31,Phospho[V];41,Carbamidomethyl[C];	GGAAPEGPNEAEVTSGKPEQEVPDAEEAVTATSGTDVQEECR	31,Phospho[A];41,Carbamidomethyl[C];
20150615_HepG2_Phos_BGP_mono_70ug_2.17072.17072.4.4.dta	GGAAPEGPNEAEVTSGKPEQEVPDAEEEKSVSGTDVQEECR	32,Phospho[S];40,Carbamidomethyl[C];	0.000000	16.927910	0.260000	0.295760	-0.902186	-0.006667	-0.013628	0.7804878048780488	[0, 0, 0, 0, 0, 0, 0, 0, 0, 0, 0, 0, 0, 0, 0, 0, 0, 0, 1, 0, 0, 0, 0, 0, 0, 0]	[0, 0, 0, 0, 1]	GGAAPEGPNEAEVTSGKPEQEVPDAEEEKSVSSADVQEECR	31,Phospho[V];40,Carbamidomethyl[C];	GGAAPEGPNEAEVTSGKPEQEVPDAEEEKSVSTGDVQEECR	31,Phospho[V];40,Carbamidomethyl[C];	GGAAPEGPNEAEVTSGKPEQEVPDAEEESKVSGTDVQEECR	29,Phospho[S];40,Carbamidomethyl[C];
20150615_HepG2_Phos_BGP_mono_70ug_2.17072.17072.4.4.dta	GGAAPEGPNEAEVTSGKPEQEVPDAEEEKSVSGTDVQEECR	34,Phospho[T];40,Carbamidomethyl[C];	0.000000	15.296511	0.246667	0.278176	-1.492947	-0.013333	-0.012896	0.8292682926829268	[0, 0, 0, 0, 0, 0, 0, 0, 0, 0, 0, 0, 0, 0, 0, 0, 0, 0, 0, 1, 0, 0, 0, 0, 0, 0]	[0, 0, 0, 0, 1]	GGAAPEGPNEAEVTSGKPEQEVPDAEEEKSTDKDVQEECR	31,Phospho[T];39,Carbamidomethyl[C];	GGAAPEGPNEAEVTSGKPEQEVPDAEEEKSSVGTDVQEECR	31,Phospho[S];40,Carbamidomethyl[C];	GGAAPEGPNEAEVTSGKPEQEVPDAEEEKSGVSTDVQEECR	32,Phospho[V];40,Carbamidomethyl[C];
20150615_HepG2_Phos_BGP_mono_70ug_2.17072.17072.4.4.dta	GGAAPEGPNEAEVTSGKPEQEVPDAEEEKSVSGTDVQEECR	40,Carbamidomethyl[C];41,Phospho[R];	-1.000000	12.054534	0.233333	0.268253	-1.089037	0.006667	-0.009048	1.0	[0, 0, 0, 0, 0, 0, 0, 0, 0, 0, 0, 0, 0, 0, 0, 0, 0, 1, 0, 0, 0, 0, 0, 0, 0, 0]	[0, 0, 0, 0, 1]	GGAAPEGPNEAEVTSGKPEQEVPDAEEEKSVSGTDVQCSAGQQ	43,Phospho[Q];	GGAAPEGPNEAEVTSGKPEQEVPDAEEEKSVSGTDVQCSQQQ	41,Phospho[Q];	GGAAPEGPNEAEVTSGKPEQEVPDAEEEKSVSGTDVQCSQQQ	41,Phospho[Q];
20150615_HepG2_Phos_BGP_mono_70ug_2.17072.17072.4.4.dta	GGAAPEGPNEAEVTSGKPEQEVPDAEEEKSVSGTDVQEECR	22,Phospho[V];40,Carbamidomethyl[C];	-1.000000	16.283024	0.246667	0.287466	-1.685110	-0.006667	-0.008242	0.5365853658536586	[0, 0, 0, 0, 0, 0, 0, 0, 0, 0, 0, 0, 0, 0, 0, 0, 0, 0, 0, 0, 0, 1, 0, 0, 0, 0]	[0, 0, 0, 0, 1]	GGAAPEGPNEAEVTSGKPEQDIDPAEEEKSVSGTDVQEECR	24,Phospho[P];40,Carbamidomethyl[C];	GGAAPEGPNEAEVTSGKPETPASPDAEEEKSVSGTDVQEECR	24,Phospho[P];41,Carbamidomethyl[C];	GGAAPEGPNEAEVTSGKPEVQEPDAEEEKSVSGTDVQEECR	23,Phospho[P];40,Carbamidomethyl[C];
20150615_HepG2_Phos_BGP_mono_70ug_2.17072.17072.4.4.dta	GGAAPEGPNEAEVTSGKPEQEVPDAEEEKSVSGTDVQEECR	18,Phospho[P];40,Carbamidomethyl[C];	-1.000000	16.283560	0.246667	0.287850	-1.324734	-0.006667	-0.015924	0.43902439024390244	[0, 0, 0, 0, 0, 0, 0, 0, 0, 0, 0, 0, 0, 0, 0, 1, 0, 0, 0, 0, 0, 0, 0, 0, 0, 0]	[0, 0, 0, 0, 1]	GGAAPEGPNEAEVTSSPAGVQEVPDAEEEKSVSGTDVQEECR	17,Phospho[P];41,Carbamidomethyl[C];	GGAAPEGPNEAEVTSKGPEQEVPDAEEEKSVSGTDVQEECR	17,Phospho[G];40,Carbamidomethyl[C];	GGAAPEGPNEAEVTSSPAVGQEVPDAEEEKSVSGTDVQEECR	16,Phospho[S];41,Carbamidomethyl[C];
20150615_HepG2_Phos_BGP_mono_70ug_2.17072.17072.4.4.dta	GGAAPEGPNEAEVTSGKPEQEVPDAEEEKSVSGTDVQEECR	5,Phospho[P];40,Carbamidomethyl[C];	-1.000000	15.334495	0.220000	0.251640	-0.851484	-0.020000	-0.041630	0.12195121951219512	[0, 0, 0, 0, 0, 0, 0, 0, 0, 0, 0, 0, 0, 0, 0, 1, 0, 0, 0, 0, 0, 0, 0, 0, 0, 0]	[0, 0, 0, 0, 1]	GGAAEPGPNEAEVTSGKPEQEVPDAEEEKSVSGTDVQEECR	8,Phospho[P];40,Carbamidomethyl[C];	GGAAPEPGNEAEVTSGKPEQEVPDAEEEKSVSGTDVQEECR	7,Phospho[P];40,Carbamidomethyl[C];	GGAAPEPGNEAEVTSGKPEQEVPDAEEEKSVSGTDVQEECR	7,Phospho[P];40,Carbamidomethyl[C];
20150615_HepG2_Phos_BGP_mono_70ug_2.17086.17086.2.5.dta	GAPSSPATGVLPSPQGK	4,Phospho[S];	0.000000	18.166360	0.240000	0.364328	1.558123	0.013333	0.008441	0.23529411764705882	[0, 0, 0, 0, 0, 0, 0, 0, 0, 0, 0, 0, 0, 0, 0, 0, 0, 0, 1, 0, 0, 0, 0, 0, 0, 0]	[0, 0, 0, 1, 0]	QSPSPATGVLPSPQGK	2,Phospho[S];	AGSPSPATGVLPSPQGK	4,Phospho[P];	AGSPSPATGVLPSPQGK	4,Phospho[P];
20150615_HepG2_Phos_BGP_mono_70ug_2.17086.17086.2.5.dta	GAPSSPATGVLPSPQGK	5,Phospho[S];	1.000000	18.166360	0.240000	0.364328	1.588604	0.026667	0.028892	0.29411764705882354	[0, 0, 0, 0, 0, 0, 0, 0, 0, 0, 0, 0, 0, 0, 0, 0, 0, 0, 1, 0, 0, 0, 0, 0, 0, 0]	[0, 0, 0, 1, 0]	GAPGDVATGVLPSPQGK	6,Phospho[V];	GDVAGPATGVLPSPQGK	3,Phospho[V];	GDVAGPATGVLPSPQGK	3,Phospho[V];
20150615_HepG2_Phos_BGP_mono_70ug_2.17086.17086.2.5.dta	GAPSSPATGVLPSPQGK	8,Phospho[T];	0.000000	13.779129	0.160000	0.254198	-2.206055	-0.026667	-0.041337	0.47058823529411764	[0, 0, 0, 0, 0, 0, 0, 0, 0, 0, 0, 0, 0, 0, 0, 0, 0, 0, 0, 1, 0, 0, 0, 0, 0, 0]	[0, 0, 0, 1, 0]	GAPSPSATGVLPSPQGK	7,Phospho[A];	GAPSPTGTGVLPSPQGK	7,Phospho[G];	GAPSPTGTGVLPSPQGK	7,Phospho[G];
20150615_HepG2_Phos_BGP_mono_70ug_2.17086.17086.2.5.dta	GAPSSPATGVLPSPQGK	13,Phospho[S];	0.000000	8.515569	0.140000	0.169256	-1.358472	0.000000	-0.012368	0.7647058823529411	[0, 0, 0, 0, 0, 0, 0, 0, 0, 0, 0, 0, 0, 0, 0, 0, 0, 0, 1, 0, 0, 0, 0, 0, 0, 0]	[0, 0, 0, 1, 0]	GAPSSPATGVISPPQGK	11,Phospho[I];	GAPSSPATGIVPSPQGK	10,Phospho[I];	GAPSSPATGVPLSPQGK	12,Phospho[L];
20150615_HepG2_Phos_BGP_mono_70ug_2.17086.17086.2.5.dta	GAPSSPATGVLPSPQGK	17,Phospho[K];	-1.000000	4.281557	0.100000	0.106464	-1.442393	0.000000	-0.005995	1.0	[0, 0, 0, 0, 0, 0, 0, 0, 0, 0, 1, 0, 0, 0, 0, 0, 0, 0, 0, 0, 0, 0, 0, 0, 0, 0]	[0, 0, 0, 1, 0]	GAPSSPATGVLPSGQPK	15,Phospho[Q];	GAPSSPATGVLPSQPGK	15,Phospho[P];	GAPSSPATGVLPSQGPK	14,Phospho[Q];
20150615_HepG2_Phos_BGP_mono_70ug_2.17086.17086.2.5.dta	GAPSSPATGVLPSPQGK	12,Phospho[P];	-1.000000	9.258601	0.146667	0.178927	-1.360029	0.000000	-0.025666	0.7058823529411765	[0, 0, 0, 0, 0, 0, 0, 0, 0, 0, 0, 0, 0, 0, 0, 1, 0, 0, 0, 0, 0, 0, 0, 0, 0, 0]	[0, 0, 0, 1, 0]	GAPSSPATVGLPSPQGK	11,Phospho[L];	GAPSSPATVGIPSPQGK	10,Phospho[G];	GAPSSPATGVPISPQGK	9,Phospho[G];
20150615_HepG2_Phos_BGP_mono_70ug_2.17086.17086.2.5.dta	GAPSSPATGVLPSPQGK	16,Phospho[G];	-1.000000	4.275591	0.093333	0.100803	-2.900593	-0.026667	-0.052766	0.9411764705882353	[0, 0, 0, 0, 0, 0, 1, 0, 0, 0, 0, 0, 0, 0, 0, 0, 0, 0, 0, 0, 0, 0, 0, 0, 0, 0]	[0, 0, 0, 1, 0]	GAPSSPATGVLPSPNAK	13,Phospho[S];	GAPSSPATGVLPSNAPK	13,Phospho[S];	GAPSSPATGVLPSPNAK	13,Phospho[S];
20150615_HepG2_Phos_BGP_mono_70ug_2.17086.17086.2.5.dta	GAPSSPATGVLPSPQGK	7,Phospho[A];	-1.000000	15.337751	0.186667	0.295535	-1.278271	-0.013333	-0.019976	0.4117647058823529	[1, 0, 0, 0, 0, 0, 0, 0, 0, 0, 0, 0, 0, 0, 0, 0, 0, 0, 0, 0, 0, 0, 0, 0, 0, 0]	[0, 0, 0, 1, 0]	GAPVDGATGVLPSPQGK	4,Phospho[V];	GAPSPSATGVLPSPQGK	6,Phospho[S];	GAPDVGATGVLPSPQGK	5,Phospho[V];
20150615_HepG2_Phos_BGP_mono_70ug_2.17162.17162.3.3.dta	RSFSKEVEER	2,Phospho[S];	0.000000	5.695574	0.118110	0.162725	-1.234340	-0.047244	-0.032591	0.2	[0, 0, 0, 0, 0, 0, 0, 0, 0, 0, 0, 0, 0, 0, 0, 0, 0, 0, 1, 0, 0, 0, 0, 0, 0, 0]	[0, 1, 0, 0, 0]	VPGHSKEVEER	5,Phospho[S];	DKPHKEVEER	4,Phospho[H];	GHPVSKEVEER	5,Phospho[S];
20150615_HepG2_Phos_BGP_mono_70ug_2.17162.17162.3.3.dta	RSFSKEVEER	4,Phospho[S];	1.000000	7.871827	0.173228	0.214934	1.087479	0.007874	0.024401	0.4	[0, 0, 0, 0, 0, 0, 0, 0, 0, 0, 0, 0, 0, 0, 0, 0, 0, 0, 1, 0, 0, 0, 0, 0, 0, 0]	[0, 1, 0, 0, 0]	RSAYKEVEER	3,Phospho[A];	DKPHKEVEER	4,Phospho[H];	SVGHPKEVEER	5,Phospho[P];
20150615_HepG2_Phos_BGP_mono_70ug_2.17162.17162.3.3.dta	RSFSKEVEER	7,Phospho[V];	-1.000000	4.949233	0.118110	0.128434	-1.560113	-0.023622	-0.047333	0.7	[0, 0, 0, 0, 0, 0, 0, 0, 0, 0, 0, 0, 0, 0, 0, 0, 0, 0, 0, 0, 0, 1, 0, 0, 0, 0]	[0, 1, 0, 0, 0]	RSFKSIDEER	5,Phospho[S];	RSFKSDIEER	5,Phospho[S];	RSFKSIDEER	5,Phospho[S];
20150615_HepG2_Phos_BGP_mono_70ug_2.17162.17162.3.3.dta	RSFSKEVEER	9,Phospho[E];	-1.000000	2.195543	0.078740	0.072092	-2.750093	-0.031496	-0.052834	0.9	[0, 0, 0, 0, 1, 0, 0, 0, 0, 0, 0, 0, 0, 0, 0, 0, 0, 0, 0, 0, 0, 0, 0, 0, 0, 0]	[0, 1, 0, 0, 0]	RSFSKVEEER	6,Phospho[V];	RSFSKVEEER	6,Phospho[V];	RSFSKVEEER	6,Phospho[V];
20150615_HepG2_Phos_BGP_mono_70ug_2.17569.17569.3.7.dta	TGEDEDEEDNDALLKENESPDVR	1,Phospho[T];	0.000000	3.601308	0.140000	0.196141	-2.362206	0.006667	0.009495	0.043478260869565216	[0, 0, 0, 0, 0, 0, 0, 0, 0, 0, 0, 0, 0, 0, 0, 0, 0, 0, 0, 1, 0, 0, 0, 0, 0, 0]	[0, 0, 0, 0, 1]	EGTDEDEEDNDALLKENESPDVR	4,Phospho[D];	DEGTEDEEDNDALLKENESPDVR	4,Phospho[T];	DEGTEDEEDNDALLKENESPDVR	4,Phospho[T];
20150615_HepG2_Phos_BGP_mono_70ug_2.17569.17569.3.7.dta	TGEDEDEEDNDALLKENESPDVR	19,Phospho[S];	1.000000	15.504607	0.280000	0.310070	-0.221934	-0.006667	-0.003852	0.8260869565217391	[0, 0, 0, 0, 0, 0, 0, 0, 0, 0, 0, 0, 0, 0, 0, 0, 0, 0, 1, 0, 0, 0, 0, 0, 0, 0]	[0, 0, 0, 0, 1]	TGEDEDEEDNDALLKQMCPPDVR	16,Phospho[Q];	TGEDEDEEDNDALLKPMCAPDVR	18,Carbamidomethyl[C];19,Phospho[A];	TGEDEDEEDNDALLKPMCQPDVR	18,Phospho[C];
20150615_HepG2_Phos_BGP_mono_70ug_2.17569.17569.3.7.dta	TGEDEDEEDNDALLKENESPDVR	11,Phospho[D];	-1.000000	12.992394	0.220000	0.275903	-1.496580	-0.033333	-0.026420	0.4782608695652174	[0, 0, 0, 1, 0, 0, 0, 0, 0, 0, 0, 0, 0, 0, 0, 0, 0, 0, 0, 0, 0, 0, 0, 0, 0, 0]	[0, 0, 0, 0, 1]	TGEDEDEEDNEGIIKENESPDVR	14,Phospho[I];	TGEDEDEEDNGEIIKENESPDVR	14,Phospho[I];	TGEDEDEEDNEGILKENESPDVR	14,Phospho[L];
20150615_HepG2_Phos_BGP_mono_70ug_2.17569.17569.3.7.dta	TGEDEDEEDNDALLKENESPDVR	13,Phospho[L];	-1.000000	13.930917	0.253333	0.301841	-0.987232	-0.006667	-0.000482	0.5652173913043478	[0, 0, 0, 0, 0, 0, 0, 0, 0, 0, 0, 1, 0, 0, 0, 0, 0, 0, 0, 0, 0, 0, 0, 0, 0, 0]	[0, 0, 0, 0, 1]	TGEDEDEEDNDAIIEKNESPDVR	15,Phospho[E];	TGEDEDEEDNDIAIKENESPDVR	15,Phospho[K];	TGEDEDEEDNADILKENESPDVR	14,Phospho[L];
20150615_HepG2_Phos_BGP_mono_70ug_2.17605.17605.3.4.dta	ERVPSVAEAPQLRPAGTAAAK	5,Phospho[S];	1.000000	8.387909	0.133333	0.120613	0.000000	0.000000	0.000000	0.23809523809523808	[0, 0, 0, 0, 0, 0, 0, 0, 0, 0, 0, 0, 0, 0, 0, 0, 0, 0, 1, 0, 0, 0, 0, 0, 0, 0]	[0, 0, 0, 0, 1]	ERVSPVAEAPQLRPAGTAAAK	4,Phospho[S];	ERVKPEEAPQLRPAGTAAAK	6,Phospho[E];	ERVPVSAEAPQLRPAGTAAAK	5,Phospho[V];
20150615_HepG2_Phos_BGP_mono_70ug_2.17605.17605.3.4.dta	ERVPSVAEAPQLRPAGTAAAK	17,Phospho[T];	0.000000	3.820086	0.080000	0.075663	-0.733663	-0.006667	-0.004817	0.8095238095238095	[0, 0, 0, 0, 0, 0, 0, 0, 0, 0, 0, 0, 0, 0, 0, 0, 0, 0, 0, 1, 0, 0, 0, 0, 0, 0]	[0, 0, 0, 0, 1]	ERVPSVAEAPQLRPVSGGAAK	18,Phospho[G];	ERVPSVAEAPQLRPSVNAAK	17,Phospho[N];	ERVPSVAEAPQLRPGDKAAK	17,Phospho[K];
20150615_HepG2_Phos_BGP_mono_70ug_2.17605.17605.3.4.dta	ERVPSVAEAPQLRPAGTAAAK	19,Phospho[A];	-1.000000	3.216488	0.073333	0.069832	-0.664811	-0.013333	-0.011793	0.9047619047619048	[1, 0, 0, 0, 0, 0, 0, 0, 0, 0, 0, 0, 0, 0, 0, 0, 0, 0, 0, 0, 0, 0, 0, 0, 0, 0]	[0, 0, 0, 0, 1]	ERVPSVAEAPQLRPATQAAK	17,Phospho[Q];	ERVPSVAEAPQLRPAGSVGAK	17,Phospho[S];	ERVPSVAEAPQLRPAGSVGAK	17,Phospho[S];
20150615_HepG2_Phos_BGP_mono_70ug_2.17605.17605.3.4.dta	ERVPSVAEAPQLRPAGTAAAK	5,Phospho[S];	-1.000000	8.387909	0.133333	0.120613	0.000000	0.000000	0.000000	0.23809523809523808	[0, 0, 0, 0, 0, 0, 0, 0, 0, 0, 0, 0, 0, 0, 0, 0, 0, 0, 1, 0, 0, 0, 0, 0, 0, 0]	[0, 0, 0, 0, 1]	ERVSPVAEAPQLRPAGTAAAK	4,Phospho[S];	ERVKPEEAPQLRPAGTAAAK	6,Phospho[E];	ERVPVSAEAPQLRPAGTAAAK	5,Phospho[V];
20150615_HepG2_Phos_BGP_mono_70ug_2.17839.17839.3.4.dta	ERDHSPTPSVFNSDEER	5,Phospho[S];	1.000000	15.860351	0.226667	0.278218	0.828516	0.020000	0.014299	0.29411764705882354	[0, 0, 0, 0, 0, 0, 0, 0, 0, 0, 0, 0, 0, 0, 0, 0, 0, 0, 1, 0, 0, 0, 0, 0, 0, 0]	[0, 0, 0, 1, 0]	EDRSHPTPSVFNSDEER	5,Phospho[H];	ERHDSPTPSVFNSDEER	6,Phospho[P];	ERHDPSTPSVFNSDEER	5,Phospho[P];
20150615_HepG2_Phos_BGP_mono_70ug_2.17839.17839.3.4.dta	ERDHSPTPSVFNSDEER	7,Phospho[T];	0.000000	15.283117	0.213333	0.271032	0.280521	0.006667	0.007869	0.4117647058823529	[0, 0, 0, 0, 0, 0, 0, 0, 0, 0, 0, 0, 0, 0, 0, 0, 0, 0, 0, 1, 0, 0, 0, 0, 0, 0]	[0, 0, 0, 1, 0]	ERDPPGGNPSVFNSDEER	5,Phospho[P];	ERDHGVEPSVFNSDEER	4,Phospho[H];	ERDHGVEPSVFNSDEER	4,Phospho[H];
20150615_HepG2_Phos_BGP_mono_70ug_2.17839.17839.3.4.dta	ERDHSPTPSVFNSDEER	9,Phospho[S];	0.000000	9.100346	0.146667	0.179500	-2.164442	-0.013333	-0.020452	0.5294117647058824	[0, 0, 0, 0, 0, 0, 0, 0, 0, 0, 0, 0, 0, 0, 0, 0, 0, 0, 1, 0, 0, 0, 0, 0, 0, 0]	[0, 0, 0, 1, 0]	ERDHSPPTSVFNSDEER	8,Phospho[T];	ERDHSPPTSVFNSDEER	8,Phospho[T];	ERDHSPPTSVFNSDEER	8,Phospho[T];
20150615_HepG2_Phos_BGP_mono_70ug_2.17839.17839.3.4.dta	ERDHSPTPSVFNSDEER	13,Phospho[S];	0.000000	5.398890	0.126667	0.114191	-2.527337	-0.013333	-0.043034	0.7647058823529411	[0, 0, 0, 0, 0, 0, 0, 0, 0, 0, 0, 0, 0, 0, 0, 0, 0, 0, 1, 0, 0, 0, 0, 0, 0, 0]	[0, 0, 0, 1, 0]	ERDHSPTPSATFQDEER	13,Phospho[Q];	ERDHSPTPSVFNSDEER	11,Phospho[F];	ERDHSPTPSTAFQDEER	12,Phospho[F];
20150615_HepG2_Phos_BGP_mono_70ug_2.17839.17839.3.4.dta	ERDHSPTPSVFNSDEER	17,Phospho[R];	-1.000000	2.964294	0.100000	0.080201	-0.510728	0.006667	0.004104	1.0	[0, 0, 0, 0, 0, 0, 0, 0, 0, 0, 0, 0, 0, 0, 0, 0, 0, 1, 0, 0, 0, 0, 0, 0, 0, 0]	[0, 0, 0, 1, 0]	ERDHSPTPSVFNSASQQD	14,Phospho[A];	ERDHSPTPSVFNSATGGQD	15,Phospho[T];	ERDHSPTPSVFNSATGGQD	15,Phospho[T];
20150615_HepG2_Phos_BGP_mono_70ug_2.17839.17839.3.4.dta	ERDHSPTPSVFNSDEER	12,Phospho[N];	-1.000000	6.291265	0.126667	0.122762	-2.775297	-0.013333	-0.034130	0.7058823529411765	[0, 0, 0, 0, 0, 0, 0, 0, 0, 0, 0, 0, 0, 1, 0, 0, 0, 0, 0, 0, 0, 0, 0, 0, 0, 0]	[0, 0, 0, 1, 0]	ERDHSPTPYGGIGSDEER	11,Phospho[G];	ERDHSPTPNYGISDEER	9,Phospho[N];	ERDHSPTPYGGGISDEER	11,Phospho[G];
20150615_HepG2_Phos_BGP_mono_70ug_2.17839.17839.3.4.dta	ERDHSPTPSVFNSDEER	15,Phospho[E];	-1.000000	3.820093	0.100000	0.089707	-1.101607	-0.013333	-0.020755	0.8823529411764706	[0, 0, 0, 0, 1, 0, 0, 0, 0, 0, 0, 0, 0, 0, 0, 0, 0, 0, 0, 0, 0, 0, 0, 0, 0, 0]	[0, 0, 0, 1, 0]	ERDHSPTPSVFGGDSEER	12,Phospho[G];	ERDHSPTPSVFNDESER	12,Phospho[N];	ERDHSPTPSVFSNDEER	13,Phospho[N];
20150615_HepG2_Phos_BGP_mono_70ug_2.17839.17839.3.4.dta	ERDHSPTPSVFNSDEER	1,Phospho[E];	-1.000000	13.044005	0.193333	0.250658	-0.615816	0.000000	0.000522	0.058823529411764705	[0, 0, 0, 0, 1, 0, 0, 0, 0, 0, 0, 0, 0, 0, 0, 0, 0, 0, 0, 0, 0, 0, 0, 0, 0, 0]	[0, 0, 0, 1, 0]	DEHRSPTPSVFNSDEER	3,Phospho[H];	ERDHSPTPSVFNSDEER	3,Phospho[D];	ERDHSPTPSVFNSDEER	3,Phospho[D];
20150615_HepG2_Phos_BGP_mono_70ug_2.18109.18109.3.4.dta	AEEPPSQLDQDTQVQDMDEGSDDEEEGQK	6,Phospho[S];	0.000000	11.898395	0.200000	0.228554	-1.424948	-0.020000	-0.030634	0.20689655172413793	[0, 0, 0, 0, 0, 0, 0, 0, 0, 0, 0, 0, 0, 0, 0, 0, 0, 0, 1, 0, 0, 0, 0, 0, 0, 0]	[0, 0, 0, 0, 1]	AEEPPTNDIQDTQVQDMDEGSDDEEEGQK	8,Phospho[D];	AEEPPSQLDQDTQVQDMDEGSDDEEEGQK	8,Phospho[L];	AEEPPQSIDQDTQVQDMDEGSDDEEEGQK	8,Phospho[I];
20150615_HepG2_Phos_BGP_mono_70ug_2.18109.18109.3.4.dta	AEEPPSQLDQDTQVQDMDEGSDDEEEGQK	12,Phospho[T];	0.000000	13.815530	0.246667	0.297561	-3.576681	-0.053333	-0.046095	0.41379310344827586	[0, 0, 0, 0, 0, 0, 0, 0, 0, 0, 0, 0, 0, 0, 0, 0, 0, 0, 0, 1, 0, 0, 0, 0, 0, 0]	[0, 0, 0, 0, 1]	AEEPPSQLDQDTAGVGADMDEGSDDEEEGQK	17,Phospho[A];	AEEPPSQLDQDTAGVGADMDEGSDDEEEGQK	16,Phospho[G];	AEEPPSQLDQDTAGVGADMDEGSDDEEEGQK	16,Phospho[G];
20150615_HepG2_Phos_BGP_mono_70ug_2.18109.18109.3.4.dta	AEEPPSQLDQDTQVQDMDEGSDDEEEGQK	21,Phospho[S];	1.000000	19.848614	0.333333	0.378511	0.746335	0.006667	0.006100	0.7241379310344828	[0, 0, 0, 0, 0, 0, 0, 0, 0, 0, 0, 0, 0, 0, 0, 0, 0, 0, 1, 0, 0, 0, 0, 0, 0, 0]	[0, 0, 0, 0, 1]	AEEPPSQLDQDTQVQDMGMCPDDEEEGQK	21,Phospho[P];	AEEPPSQLDQDTQVQDMGMCPDDEEEGQK	20,Phospho[C];	AEEPPSQLDQDTQVQDMGMCPDDEEEGQK	20,Phospho[C];
20150615_HepG2_Phos_BGP_mono_70ug_2.18109.18109.3.4.dta	AEEPPSQLDQDTQVQDMDEGSDDEEEGQK	23,Phospho[D];	-1.000000	18.110210	0.320000	0.357309	0.817098	0.006667	0.008422	0.7931034482758621	[0, 0, 0, 1, 0, 0, 0, 0, 0, 0, 0, 0, 0, 0, 0, 0, 0, 0, 0, 0, 0, 0, 0, 0, 0, 0]	[0, 0, 0, 0, 1]	AEEPPSQLDQDTQVQDMDEGDSEDEEGQK	21,Phospho[D];	AEEPPSQLDQDTQVQDMDEGSDEDEEGQK	22,Phospho[D];	AEEPPSQLDQDTQVQDMDEGSDEDEEGQK	22,Phospho[D];
20150615_HepG2_Phos_BGP_mono_70ug_2.18109.18109.3.4.dta	AEEPPSQLDQDTQVQDMDEGSDDEEEGQK	5,Phospho[P];	-1.000000	11.146764	0.186667	0.218023	-1.745842	-0.026667	-0.036272	0.1724137931034483	[0, 0, 0, 0, 0, 0, 0, 0, 0, 0, 0, 0, 0, 0, 0, 1, 0, 0, 0, 0, 0, 0, 0, 0, 0, 0]	[0, 0, 0, 0, 1]	AEEPQSPIDQDTQVQDMDEGSDDEEEGQK	8,Phospho[I];	AEEPPTNIDQDTQVQDMDEGSDDEEEGQK	8,Phospho[I];	AEEPPTNLDQDTQVQDMDEGSDDEEEGQK	8,Phospho[L];
20150615_HepG2_Phos_BGP_mono_70ug_2.18353.18353.3.1.dta	KQPPVSPGTALVGSQKEPSEVPTPK	6,Phospho[S];	0.000000	18.987541	0.226667	0.311352	0.639468	0.000000	0.001810	0.24	[0, 0, 0, 0, 0, 0, 0, 0, 0, 0, 0, 0, 0, 0, 0, 0, 0, 0, 1, 0, 0, 0, 0, 0, 0, 0]	[0, 0, 0, 0, 1]	KQSPVPPGTALVGSQKEPSEVPTPK	3,Phospho[S];	KQSPPVPGTALVGSQKEPSEVPTPK	4,Phospho[P];	KQPPVSPGTALVGSQKEPSEVPTPK	7,Phospho[P];
20150615_HepG2_Phos_BGP_mono_70ug_2.18353.18353.3.1.dta	KQPPVSPGTALVGSQKEPSEVPTPK	9,Phospho[T];	0.000000	18.341490	0.226667	0.320641	-1.409591	-0.020000	-0.010119	0.36	[0, 0, 0, 0, 0, 0, 0, 0, 0, 0, 0, 0, 0, 0, 0, 0, 0, 0, 0, 1, 0, 0, 0, 0, 0, 0]	[0, 0, 0, 0, 1]	KQPPVSPGTALVGSQKEPSEVPTPK	11,Phospho[L];	KQPPVSPGTAVLGSQKEPSEVPTPK	12,Phospho[L];	KQPPVSPGTAIVGSQKEPSEVPTPK	11,Phospho[I];
20150615_HepG2_Phos_BGP_mono_70ug_2.18353.18353.3.1.dta	KQPPVSPGTALVGSQKEPSEVPTPK	14,Phospho[S];	0.000000	20.363594	0.260000	0.332188	-1.305104	-0.020000	-0.022667	0.56	[0, 0, 0, 0, 0, 0, 0, 0, 0, 0, 0, 0, 0, 0, 0, 0, 0, 0, 1, 0, 0, 0, 0, 0, 0, 0]	[0, 0, 0, 0, 1]	KQPPVSPGTALVGNTKEPSEVPTPK	12,Phospho[V];	KQPPVSPGTALVGNTKEPSEVPTPK	12,Phospho[V];	KQPPVSPGTALVGQSKEPSEVPTPK	12,Phospho[V];
20150615_HepG2_Phos_BGP_mono_70ug_2.18353.18353.3.1.dta	KQPPVSPGTALVGSQKEPSEVPTPK	19,Phospho[S];	0.000000	20.412238	0.266667	0.323096	-1.482040	-0.006667	-0.003987	0.76	[0, 0, 0, 0, 0, 0, 0, 0, 0, 0, 0, 0, 0, 0, 0, 0, 0, 0, 1, 0, 0, 0, 0, 0, 0, 0]	[0, 0, 0, 0, 1]	KQPPVSPGTALVGSQKELDSPPTPK	18,Phospho[L];	KQPPVSPGTALVGSQKEDISPPTPK	19,Phospho[I];	KQPPVSPGTALVGSQKETVDPPTPK	20,Phospho[D];
20150615_HepG2_Phos_BGP_mono_70ug_2.18353.18353.3.1.dta	KQPPVSPGTALVGSQKEPSEVPTPK	23,Phospho[T];	1.000000	19.542867	0.273333	0.325157	-0.869370	0.006667	0.002061	0.92	[0, 0, 0, 0, 0, 0, 0, 0, 0, 0, 0, 0, 0, 0, 0, 0, 0, 0, 0, 1, 0, 0, 0, 0, 0, 0]	[0, 0, 0, 0, 1]	KQPPVSPGTALVGSQKEPSDITPPK	20,Phospho[D];	KQPPVSPGTALVGSQKEPSDLTPPK	21,Phospho[L];	KQPPVSPGTALVGSQKEPSDLTPPK	21,Phospho[L];
20150615_HepG2_Phos_BGP_mono_70ug_2.18353.18353.3.1.dta	KQPPVSPGTALVGSQKEPSEVPTPK	1,Phospho[K];	-1.000000	14.102170	0.193333	0.264979	1.179948	0.026667	0.058153	0.04	[0, 0, 0, 0, 0, 0, 0, 0, 0, 0, 1, 0, 0, 0, 0, 0, 0, 0, 0, 0, 0, 0, 0, 0, 0, 0]	[0, 0, 0, 0, 1]	VLTHVSPGTALVGSQKEPSEVPTPK	2,Phospho[L];	VLTHVSPGTALVGSQKEPSEVPTPK	2,Phospho[L];	VLTHVSPGTALVGSQKEPSEVPTPK	2,Phospho[L];
20150615_HepG2_Phos_BGP_mono_70ug_2.18353.18353.3.1.dta	KQPPVSPGTALVGSQKEPSEVPTPK	22,Phospho[P];	-1.000000	19.542867	0.273333	0.325157	-0.869370	0.006667	0.002061	0.88	[0, 0, 0, 0, 0, 0, 0, 0, 0, 0, 0, 0, 0, 0, 0, 1, 0, 0, 0, 0, 0, 0, 0, 0, 0, 0]	[0, 0, 0, 0, 1]	KQPPVSPGTALVGSQKEPSDITPPK	20,Phospho[D];	KQPPVSPGTALVGSQKEPSDLTPPK	21,Phospho[L];	KQPPVSPGTALVGSQKEPSDLTPPK	21,Phospho[L];
20150615_HepG2_Phos_BGP_mono_70ug_2.18353.18353.3.1.dta	KQPPVSPGTALVGSQKEPSEVPTPK	2,Phospho[Q];	-1.000000	14.102170	0.193333	0.264979	1.179948	0.026667	0.058153	0.08	[0, 0, 0, 0, 0, 0, 0, 0, 0, 0, 0, 0, 0, 0, 0, 0, 1, 0, 0, 0, 0, 0, 0, 0, 0, 0]	[0, 0, 0, 0, 1]	VLTHVSPGTALVGSQKEPSEVPTPK	2,Phospho[L];	VLTHVSPGTALVGSQKEPSEVPTPK	2,Phospho[L];	VLTHVSPGTALVGSQKEPSEVPTPK	2,Phospho[L];
20150615_HepG2_Phos_BGP_mono_70ug_2.18353.18353.3.1.dta	KQPPVSPGTALVGSQKEPSEVPTPK	5,Phospho[V];	-1.000000	17.579722	0.206667	0.293026	-0.768350	-0.020000	-0.016287	0.2	[0, 0, 0, 0, 0, 0, 0, 0, 0, 0, 0, 0, 0, 0, 0, 0, 0, 0, 0, 0, 0, 1, 0, 0, 0, 0]	[0, 0, 0, 0, 1]	KQSPVPPGTALVGSQKEPSEVPTPK	4,Phospho[P];	KQSPVPPGTALVGSQKEPSEVPTPK	4,Phospho[P];	KQSPVPPGTALVGSQKEPSEVPTPK	4,Phospho[P];
20150615_HepG2_Phos_BGP_mono_70ug_2.18353.18353.3.1.dta	KQPPVSPGTALVGSQKEPSEVPTPK	10,Phospho[A];	-1.000000	18.639681	0.233333	0.323481	-1.111399	-0.013333	-0.007278	0.4	[1, 0, 0, 0, 0, 0, 0, 0, 0, 0, 0, 0, 0, 0, 0, 0, 0, 0, 0, 0, 0, 0, 0, 0, 0, 0]	[0, 0, 0, 0, 1]	KQPPVSPSAALVGSQKEPSEVPTPK	11,Phospho[L];	KQPPVSPSAALVGSQKEPSEVPTPK	11,Phospho[L];	KQPPVSPSAALVGSQKEPSEVPTPK	11,Phospho[L];
20150615_HepG2_Phos_BGP_mono_70ug_2.19198.19198.2.3.dta	STTPPPAEPVSLPQEPPK	1,Phospho[S];	0.000000	17.999370	0.320000	0.476096	1.943806	0.033333	0.049994	0.05555555555555555	[0, 0, 0, 0, 0, 0, 0, 0, 0, 0, 0, 0, 0, 0, 0, 0, 0, 0, 1, 0, 0, 0, 0, 0, 0, 0]	[0, 0, 0, 1, 0]	TIGDPPAEPVSLPQEPPK	3,Phospho[G];	PTSTPPAEPVSLPQEPPK	4,Phospho[T];	SIADPPAEPVSLPQEPPK	3,Phospho[A];
20150615_HepG2_Phos_BGP_mono_70ug_2.19198.19198.2.3.dta	STTPPPAEPVSLPQEPPK	2,Phospho[T];	0.000000	17.999370	0.320000	0.476096	1.943806	0.033333	0.049994	0.1111111111111111	[0, 0, 0, 0, 0, 0, 0, 0, 0, 0, 0, 0, 0, 0, 0, 0, 0, 0, 0, 1, 0, 0, 0, 0, 0, 0]	[0, 0, 0, 1, 0]	ITGDPPAEPVSLPQEPPK	3,Phospho[G];	PTTSPPAEPVSLPQEPPK	4,Phospho[S];	VTADPPAEPVSLPQEPPK	3,Phospho[A];
20150615_HepG2_Phos_BGP_mono_70ug_2.19198.19198.2.3.dta	STTPPPAEPVSLPQEPPK	3,Phospho[T];	1.000000	17.999370	0.320000	0.476096	1.943806	0.033333	0.049994	0.16666666666666666	[0, 0, 0, 0, 0, 0, 0, 0, 0, 0, 0, 0, 0, 0, 0, 0, 0, 0, 0, 1, 0, 0, 0, 0, 0, 0]	[0, 0, 0, 1, 0]	ITGDPPAEPVSLPQEPPK	3,Phospho[G];	PTTSPPAEPVSLPQEPPK	4,Phospho[S];	VTADPPAEPVSLPQEPPK	3,Phospho[A];
20150615_HepG2_Phos_BGP_mono_70ug_2.19198.19198.2.3.dta	STTPPPAEPVSLPQEPPK	11,Phospho[S];	0.000000	7.575228	0.193333	0.291236	-1.267572	0.006667	0.024735	0.6111111111111112	[0, 0, 0, 0, 0, 0, 0, 0, 0, 0, 0, 0, 0, 0, 0, 0, 0, 0, 1, 0, 0, 0, 0, 0, 0, 0]	[0, 0, 0, 1, 0]	STTPPPAVESPLPQEPPK	10,Phospho[S];	STTPPPAVPESLPQEPPK	9,Phospho[P];	STTPPPAVPESLPQEPPK	9,Phospho[P];
20150615_HepG2_Phos_BGP_mono_70ug_2.19198.19198.2.3.dta	STTPPPAEPVSLPQEPPK	9,Phospho[P];	-1.000000	8.361892	0.206667	0.301208	-2.182332	0.033333	0.030931	0.5	[0, 0, 0, 0, 0, 0, 0, 0, 0, 0, 0, 0, 0, 0, 0, 1, 0, 0, 0, 0, 0, 0, 0, 0, 0, 0]	[0, 0, 0, 1, 0]	STTPPPIGEPSLPQEPPK	10,Phospho[P];	STTPPPIPDASLPQEPPK	10,Phospho[A];	STTPPPEAVPSLPQEPPK	8,Phospho[A];
20150615_HepG2_Phos_BGP_mono_70ug_2.19198.19198.2.3.dta	STTPPPAEPVSLPQEPPK	16,Phospho[P];	-1.000000	1.723965	0.153333	0.163055	-1.857360	0.006667	-0.013833	0.8888888888888888	[0, 0, 0, 0, 0, 0, 0, 0, 0, 0, 0, 0, 0, 0, 0, 1, 0, 0, 0, 0, 0, 0, 0, 0, 0, 0]	[0, 0, 0, 1, 0]	STTPPPAEPVSLQPPEPK	13,Phospho[Q];	STTPPPAEPVSLPAGEPPK	15,Phospho[G];	STTPPPAEPVSLPEQPPK	14,Phospho[E];
20150615_HepG2_Phos_BGP_mono_70ug_2.19198.19198.2.3.dta	STTPPPAEPVSLPQEPPK	10,Phospho[V];	-1.000000	8.357222	0.200000	0.297897	-2.063950	0.013333	0.027428	0.5555555555555556	[0, 0, 0, 0, 0, 0, 0, 0, 0, 0, 0, 0, 0, 0, 0, 0, 0, 0, 0, 0, 0, 1, 0, 0, 0, 0]	[0, 0, 0, 1, 0]	STTPPPAEVPSLPQEPPK	7,Phospho[A];	STTPPPEAVPSLPQEPPK	10,Phospho[P];	STTPPPIGEPSLPQEPPK	9,Phospho[E];
20150615_HepG2_Phos_BGP_mono_70ug_2.19198.19198.2.3.dta	STTPPPAEPVSLPQEPPK	4,Phospho[P];	-1.000000	14.909953	0.273333	0.418941	-1.276863	-0.013333	-0.011022	0.2222222222222222	[0, 0, 0, 0, 0, 0, 0, 0, 0, 0, 0, 0, 0, 0, 0, 1, 0, 0, 0, 0, 0, 0, 0, 0, 0, 0]	[0, 0, 0, 1, 0]	TPSTPPAEPVSLPQEPPK	3,Phospho[S];	TEVGPPAEPVSLPQEPPK	4,Phospho[G];	TIGDPPAEPVSLPQEPPK	3,Phospho[G];
20150615_HepG2_Phos_BGP_mono_70ug_2.19831.19831.2.1.dta	NVSSFPDDATSPLQENR	3,Phospho[S];	0.000000	7.178399	0.093333	0.120371	-2.366989	-0.020000	-0.012412	0.17647058823529413	[0, 0, 0, 0, 0, 0, 0, 0, 0, 0, 0, 0, 0, 0, 0, 0, 0, 0, 1, 0, 0, 0, 0, 0, 0, 0]	[0, 0, 0, 1, 0]	NVSAYPDDATSPLQENR	5,Phospho[Y];	NVSSFPDDATSPLQENR	4,Phospho[S];	NVSYAPDDATSPLQENR	6,Phospho[P];
20150615_HepG2_Phos_BGP_mono_70ug_2.19831.19831.2.1.dta	NVSSFPDDATSPLQENR	4,Phospho[S];	0.000000	9.545389	0.113333	0.137068	-0.500640	-0.006667	0.000000	0.23529411764705882	[0, 0, 0, 0, 0, 0, 0, 0, 0, 0, 0, 0, 0, 0, 0, 0, 0, 0, 1, 0, 0, 0, 0, 0, 0, 0]	[0, 0, 0, 1, 0]	NVSYADPDATSPLQENR	6,Phospho[D];	NVSSFDPDATSPLQENR	5,Phospho[F];	NVSFSDPDATSPLQENR	5,Phospho[S];
20150615_HepG2_Phos_BGP_mono_70ug_2.19831.19831.2.1.dta	NVSSFPDDATSPLQENR	10,Phospho[T];	0.000000	12.199793	0.140000	0.149213	0.233550	0.006667	0.015091	0.5882352941176471	[0, 0, 0, 0, 0, 0, 0, 0, 0, 0, 0, 0, 0, 0, 0, 0, 0, 0, 0, 1, 0, 0, 0, 0, 0, 0]	[0, 0, 0, 1, 0]	NVSSFPDDATIPSQENR	12,Phospho[P];	NVSSFPDDASTIPQENR	11,Phospho[T];	NVSSFPDDATISPQENR	13,Phospho[P];
20150615_HepG2_Phos_BGP_mono_70ug_2.19831.19831.2.1.dta	NVSSFPDDATSPLQENR	11,Phospho[S];	1.000000	12.191326	0.133333	0.142621	0.225083	0.000000	0.007698	0.6470588235294118	[0, 0, 0, 0, 0, 0, 0, 0, 0, 0, 0, 0, 0, 0, 0, 0, 0, 0, 1, 0, 0, 0, 0, 0, 0, 0]	[0, 0, 0, 1, 0]	NVSSFPDDAITPSQENR	13,Phospho[S];	NVSSFPDDATSIPQENR	10,Phospho[T];	NVSSFPDDATVTPQENR	12,Phospho[T];
20150615_HepG2_Phos_BGP_mono_70ug_2.19831.19831.2.1.dta	NVSSFPDDATSPLQENR	11,Phospho[S];	-1.000000	12.191326	0.133333	0.142621	0.225083	0.000000	0.007698	0.6470588235294118	[0, 0, 0, 0, 0, 0, 0, 0, 0, 0, 0, 0, 0, 0, 0, 0, 0, 0, 1, 0, 0, 0, 0, 0, 0, 0]	[0, 0, 0, 1, 0]	NVSSFPDDAITPSQENR	13,Phospho[S];	NVSSFPDDATSIPQENR	10,Phospho[T];	NVSSFPDDATVTPQENR	12,Phospho[T];
20150615_HepG2_Phos_BGP_mono_70ug_2.19831.19831.2.1.dta	NVSSFPDDATSPLQENR	9,Phospho[A];	-1.000000	12.184439	0.126667	0.136712	0.751105	0.013333	0.011679	0.5294117647058824	[1, 0, 0, 0, 0, 0, 0, 0, 0, 0, 0, 0, 0, 0, 0, 0, 0, 0, 0, 0, 0, 0, 0, 0, 0, 0]	[0, 0, 0, 1, 0]	NVSSFPTEGDSPLQENR	8,Phospho[E];	NVSSFPTEDGSPLQENR	8,Phospho[E];	NVSSFPTEDGSPLQENR	8,Phospho[E];
20150615_HepG2_Phos_BGP_mono_70ug_2.19831.19831.2.1.dta	NVSSFPDDATSPLQENR	5,Phospho[F];	-1.000000	10.191575	0.120000	0.140366	0.145546	0.006667	0.003298	0.29411764705882354	[0, 0, 0, 0, 0, 1, 0, 0, 0, 0, 0, 0, 0, 0, 0, 0, 0, 0, 0, 0, 0, 0, 0, 0, 0, 0]	[0, 0, 0, 1, 0]	NVSYAPDDATSPLQENR	6,Phospho[P];	NVSSFDPDATSPLQENR	8,Phospho[D];	NVSSFDPDATSPLQENR	4,Phospho[S];
20150615_HepG2_Phos_BGP_mono_70ug_2.19831.19831.2.1.dta	NVSSFPDDATSPLQENR	6,Phospho[P];	-1.000000	10.679772	0.113333	0.126402	-0.692971	-0.006667	-0.010666	0.35294117647058826	[0, 0, 0, 0, 0, 0, 0, 0, 0, 0, 0, 0, 0, 0, 0, 1, 0, 0, 0, 0, 0, 0, 0, 0, 0, 0]	[0, 0, 0, 1, 0]	NVSSFPDGETSPLQENR	9,Phospho[E];	NVSYADPDATSPLQENR	6,Phospho[D];	NVSFSDPDATSPLQENR	5,Phospho[S];
20150615_HepG2_Phos_BGP_mono_70ug_2.20203.20203.2.9.dta	LVHDSLEDLQMTR	5,Phospho[S];	1.000000	13.524177	0.258333	0.306422	0.665864	0.025000	0.021171	0.38461538461538464	[0, 0, 0, 0, 0, 0, 0, 0, 0, 0, 0, 0, 0, 0, 0, 0, 0, 0, 1, 0, 0, 0, 0, 0, 0, 0]	[0, 0, 1, 0, 0]	LVHDISEDLQMTR	4,Phospho[D];	LVHDSLEDLQMTR	4,Phospho[D];	LVHDSIEDLQMTR	3,Phospho[H];
20150615_HepG2_Phos_BGP_mono_70ug_2.20203.20203.2.9.dta	LVHDSLEDLQMTR	12,Phospho[T];	0.000000	8.708960	0.200000	0.211930	-0.647698	-0.016667	-0.019307	0.9230769230769231	[0, 0, 0, 0, 0, 0, 0, 0, 0, 0, 0, 0, 0, 0, 0, 0, 0, 0, 0, 1, 0, 0, 0, 0, 0, 0]	[0, 0, 1, 0, 0]	LVHDSLEDIMQTR	9,Phospho[I];	LVHDSLEDQLMTR	10,Phospho[L];	LVHDSLEDQIMTR	10,Phospho[I];
20150615_HepG2_Phos_BGP_mono_70ug_2.20203.20203.2.9.dta	LVHDSLEDLQMTR	11,Phospho[M];	-1.000000	9.469758	0.216667	0.227138	-0.506886	0.016667	-0.004001	0.8461538461538461	[0, 0, 0, 0, 0, 0, 0, 0, 0, 0, 0, 0, 1, 0, 0, 0, 0, 0, 0, 0, 0, 0, 0, 0, 0, 0]	[0, 0, 1, 0, 0]	LVHDSLEIDQMTR	8,Phospho[I];	LVHDSLEDQIMTR	8,Phospho[D];	LVHDSLEDIQMTR	10,Phospho[Q];
20150615_HepG2_Phos_BGP_mono_70ug_2.20203.20203.2.9.dta	LVHDSLEDLQMTR	4,Phospho[D];	-1.000000	13.778609	0.233333	0.288293	1.174354	-0.008333	0.003042	0.3076923076923077	[0, 0, 0, 1, 0, 0, 0, 0, 0, 0, 0, 0, 0, 0, 0, 0, 0, 0, 0, 0, 0, 0, 0, 0, 0, 0]	[0, 0, 1, 0, 0]	LVHDLSEDLQMTR	5,Phospho[L];	LVHDVTEDLQMTR	5,Phospho[V];	LVHDSLEDLQMTR	3,Phospho[H];
20150615_HepG2_Phos_BGP_mono_70ug_2.20840.20840.2.7.dta	DDGVFVQEVTQNSPAAR	10,Phospho[T];	0.000000	11.178438	0.213333	0.261117	-0.732180	-0.006667	-0.007109	0.5882352941176471	[0, 0, 0, 0, 0, 0, 0, 0, 0, 0, 0, 0, 0, 0, 0, 0, 0, 0, 0, 1, 0, 0, 0, 0, 0, 0]	[0, 0, 0, 1, 0]	DDGVFVQEAQDKSPAAR	11,Phospho[D];	DDGVFVQEAQDKSPAAR	11,Phospho[D];	DDGVFVQEAQKDSPAAR	11,Phospho[K];
20150615_HepG2_Phos_BGP_mono_70ug_2.20840.20840.2.7.dta	DDGVFVQEVTQNSPAAR	13,Phospho[S];	1.000000	11.759216	0.220000	0.265035	0.135750	0.000000	0.000237	0.7647058823529411	[0, 0, 0, 0, 0, 0, 0, 0, 0, 0, 0, 0, 0, 0, 0, 0, 0, 0, 1, 0, 0, 0, 0, 0, 0, 0]	[0, 0, 0, 1, 0]	DDGVFVQEVTGASNPAAR	14,Phospho[N];	DDGVFVQEVTAGNSPAAR	13,Phospho[N];	DDGVFVQEVTAGSNPAAR	13,Phospho[S];
20150615_HepG2_Phos_BGP_mono_70ug_2.20840.20840.2.7.dta	DDGVFVQEVTQNSPAAR	15,Phospho[A];	-1.000000	10.750472	0.206667	0.234586	-0.598779	-0.006667	-0.007363	0.8823529411764706	[1, 0, 0, 0, 0, 0, 0, 0, 0, 0, 0, 0, 0, 0, 0, 0, 0, 0, 0, 0, 0, 0, 0, 0, 0, 0]	[0, 0, 0, 1, 0]	DDGVFVQEVTQGQPSAR	12,Phospho[G];	DDGVFVQEVTQSNAPAR	12,Phospho[S];	DDGVFVQEVTQGQPSAR	12,Phospho[G];
20150615_HepG2_Phos_BGP_mono_70ug_2.20840.20840.2.7.dta	DDGVFVQEVTQNSPAAR	6,Phospho[V];	-1.000000	8.932038	0.180000	0.225443	-1.183869	-0.013333	-0.008808	0.35294117647058826	[0, 0, 0, 0, 0, 0, 0, 0, 0, 0, 0, 0, 0, 0, 0, 0, 0, 0, 0, 0, 0, 1, 0, 0, 0, 0]	[0, 0, 0, 1, 0]	DDGVFTGPTVTQNSPAAR	10,Phospho[V];	DDGVFDVAAVTQNSPAAR	10,Phospho[V];	DDGVFDVAAVTQNSPAAR	10,Phospho[V];
20150615_HepG2_Phos_BGP_mono_70ug_2.20914.20914.3.3.dta	SLSLDPGQSLEPHPEGPQR	1,Phospho[S];	0.000000	19.109572	0.373333	0.497585	-0.778983	-0.020000	-0.017011	0.05263157894736842	[0, 0, 0, 0, 0, 0, 0, 0, 0, 0, 0, 0, 0, 0, 0, 0, 0, 0, 1, 0, 0, 0, 0, 0, 0, 0]	[0, 0, 0, 1, 0]	TVLSDPGQSLEPHPEGPQR	3,Phospho[L];	SILSDPGQSLEPHPEGPQR	3,Phospho[L];	VTTVDPGQSLEPHPEGPQR	4,Phospho[V];
20150615_HepG2_Phos_BGP_mono_70ug_2.20914.20914.3.3.dta	SLSLDPGQSLEPHPEGPQR	3,Phospho[S];	1.000000	19.979584	0.393333	0.514405	0.091029	0.000000	0.000000	0.15789473684210525	[0, 0, 0, 0, 0, 0, 0, 0, 0, 0, 0, 0, 0, 0, 0, 0, 0, 0, 1, 0, 0, 0, 0, 0, 0, 0]	[0, 0, 0, 1, 0]	TVISDPGQSLEPHPEGPQR	3,Phospho[I];	ISLSDPGQSLEPHPEGPQR	3,Phospho[L];	SLLSDPGQSLEPHPEGPQR	3,Phospho[L];
20150615_HepG2_Phos_BGP_mono_70ug_2.20914.20914.3.3.dta	SLSLDPGQSLEPHPEGPQR	9,Phospho[S];	0.000000	10.873916	0.240000	0.325605	-3.223393	-0.020000	-0.027474	0.47368421052631576	[0, 0, 0, 0, 0, 0, 0, 0, 0, 0, 0, 0, 0, 0, 0, 0, 0, 0, 1, 0, 0, 0, 0, 0, 0, 0]	[0, 0, 0, 1, 0]	SLSLDGPQSLEPHPEGPQR	7,Phospho[P];	SLSLDGPGASLEPHPEGPQR	6,Phospho[G];	SLSLDPGQSIEPHPEGPQR	7,Phospho[G];
20150615_HepG2_Phos_BGP_mono_70ug_2.20914.20914.3.3.dta	SLSLDPGQSLEPHPEGPQR	6,Phospho[P];	-1.000000	15.502305	0.273333	0.370481	-3.869184	-0.120000	-0.143925	0.3157894736842105	[0, 0, 0, 0, 0, 0, 0, 0, 0, 0, 0, 0, 0, 0, 0, 1, 0, 0, 0, 0, 0, 0, 0, 0, 0, 0]	[0, 0, 0, 1, 0]	SLISDPGQSLEPHPEGPQR	4,Phospho[S];	SLLSDPGQSLEPHPEGPQR	3,Phospho[L];	SLVTDPGQSLEPHPEGPQR	4,Phospho[T];
20150615_HepG2_Phos_BGP_mono_70ug_2.20914.20914.3.3.dta	SLSLDPGQSLEPHPEGPQR	15,Phospho[E];	-1.000000	3.672872	0.200000	0.195697	-0.827651	0.020000	0.003027	0.7894736842105263	[0, 0, 0, 0, 1, 0, 0, 0, 0, 0, 0, 0, 0, 0, 0, 0, 0, 0, 0, 0, 0, 0, 0, 0, 0, 0]	[0, 0, 0, 1, 0]	SLSLDPGQSLEPHPADPQR	13,Phospho[H];	SLSLDPGQSLEPHPADPQR	13,Phospho[H];	SLSLDPGQSLEPHPADPQR	13,Phospho[H];
20150615_HepG2_Phos_BGP_mono_70ug_2.21544.21544.2.9.dta	SSTVAPAQPDGAESEWTDVETR	1,Phospho[S];	1.000000	16.763760	0.407767	0.539000	-0.000000	0.000000	0.000000	0.045454545454545456	[0, 0, 0, 0, 0, 0, 0, 0, 0, 0, 0, 0, 0, 0, 0, 0, 0, 0, 1, 0, 0, 0, 0, 0, 0, 0]	[0, 0, 0, 0, 1]	TVSSAPAQPDGAESEWTDVETR	3,Phospho[S];	TVSSAPAQPDGAESEWTDVETR	3,Phospho[S];	TVSSAPAQPDGAESEWTDVETR	3,Phospho[S];
20150615_HepG2_Phos_BGP_mono_70ug_2.21544.21544.2.9.dta	SSTVAPAQPDGAESEWTDVETR	2,Phospho[S];	0.000000	16.763760	0.407767	0.539000	0.777597	0.048544	0.049775	0.09090909090909091	[0, 0, 0, 0, 0, 0, 0, 0, 0, 0, 0, 0, 0, 0, 0, 0, 0, 0, 1, 0, 0, 0, 0, 0, 0, 0]	[0, 0, 0, 0, 1]	SGVTTPAQPDGAESEWTDVETR	5,Phospho[T];	SGVTTPAQPDGAESEWTDVETR	5,Phospho[T];	SGVTTPAQPDGAESEWTDVETR	5,Phospho[T];
20150615_HepG2_Phos_BGP_mono_70ug_2.21544.21544.2.9.dta	SSTVAPAQPDGAESEWTDVETR	3,Phospho[T];	0.000000	16.763760	0.407767	0.539000	0.764017	0.019417	0.033836	0.13636363636363635	[0, 0, 0, 0, 0, 0, 0, 0, 0, 0, 0, 0, 0, 0, 0, 0, 0, 0, 0, 1, 0, 0, 0, 0, 0, 0]	[0, 0, 0, 0, 1]	SVGTTPAQPDGAESEWTDVETR	4,Phospho[T];	SVGTTPAQPDGAESEWTDVETR	4,Phospho[T];	SVGTTPAQPDGAESEWTDVETR	4,Phospho[T];
20150615_HepG2_Phos_BGP_mono_70ug_2.21544.21544.2.9.dta	SSTVAPAQPDGAESEWTDVETR	14,Phospho[S];	0.000000	5.082486	0.213592	0.231546	-1.354111	0.000000	-0.000608	0.6363636363636364	[0, 0, 0, 0, 0, 0, 0, 0, 0, 0, 0, 0, 0, 0, 0, 0, 0, 0, 1, 0, 0, 0, 0, 0, 0, 0]	[0, 0, 0, 0, 1]	SSTVAPAQPDGAETDWTDVETR	12,Phospho[A];	SSTVAPAQPDAGESEWTDVETR	12,Phospho[G];	SSTVAPAQPDGEASEWTDVETR	11,Phospho[G];
20150615_HepG2_Phos_BGP_mono_70ug_2.21544.21544.2.9.dta	SSTVAPAQPDGAESEWTDVETR	17,Phospho[T];	0.000000	2.982350	0.184466	0.192401	-1.312829	-0.019417	-0.023141	0.7727272727272727	[0, 0, 0, 0, 0, 0, 0, 0, 0, 0, 0, 0, 0, 0, 0, 0, 0, 0, 0, 1, 0, 0, 0, 0, 0, 0]	[0, 0, 0, 0, 1]	SSTVAPAQPDGAESWETDVETR	14,Phospho[S];	SSTVAPAQPDGAEDTWTDVETR	14,Phospho[D];	SSTVAPAQPDGAEESTWDVETR	15,Phospho[S];
20150615_HepG2_Phos_BGP_mono_70ug_2.21544.21544.2.9.dta	SSTVAPAQPDGAESEWTDVETR	21,Phospho[T];	0.000000	0.082544	0.145631	0.130417	-1.352182	-0.019417	-0.026807	0.9545454545454546	[0, 0, 0, 0, 0, 0, 0, 0, 0, 0, 0, 0, 0, 0, 0, 0, 0, 0, 0, 1, 0, 0, 0, 0, 0, 0]	[0, 0, 0, 0, 1]	SSTVAPAQPDGAESEWTIMCPR	21,Phospho[P];	SSTVAPAQPDGAESEWTDVERT	19,Phospho[V];	SSTVAPAQPDGAESEWTIMPCR	20,Phospho[P];
20150615_HepG2_Phos_BGP_mono_70ug_2.21544.21544.2.9.dta	SSTVAPAQPDGAESEWTDVETR	16,Phospho[W];	-1.000000	3.669919	0.194175	0.204383	-1.400001	0.000000	-0.006776	0.7272727272727273	[0, 0, 0, 0, 0, 0, 0, 0, 0, 0, 0, 0, 0, 0, 0, 0, 0, 0, 0, 0, 0, 0, 1, 0, 0, 0]	[0, 0, 0, 0, 1]	SSTVAPAQPDGADTEWTDVETR	14,Phospho[T];	SSTVAPAQPDGASEWETDVETR	14,Phospho[E];	SSTVAPAQPDGATDEWTDVETR	14,Phospho[D];
20150615_HepG2_Phos_BGP_mono_70ug_2.21544.21544.2.9.dta	SSTVAPAQPDGAESEWTDVETR	20,Phospho[E];	-1.000000	0.888266	0.155340	0.149240	-1.405731	-0.019417	-0.030959	0.9090909090909091	[0, 0, 0, 0, 1, 0, 0, 0, 0, 0, 0, 0, 0, 0, 0, 0, 0, 0, 0, 0, 0, 0, 0, 0, 0, 0]	[0, 0, 0, 0, 1]	SSTVAPAQPDGAESEWTDIDTR	17,Phospho[T];	SSTVAPAQPDGAESEWSEVETR	18,Phospho[E];	SSTVAPAQPDGAESEWTDIDTR	17,Phospho[T];
20150615_HepG2_Phos_BGP_mono_70ug_2.21544.21544.2.9.dta	SSTVAPAQPDGAESEWTDVETR	14,Phospho[S];	-1.000000	5.082486	0.213592	0.231546	-1.354111	0.000000	-0.000608	0.6363636363636364	[0, 0, 0, 0, 0, 0, 0, 0, 0, 0, 0, 0, 0, 0, 0, 0, 0, 0, 1, 0, 0, 0, 0, 0, 0, 0]	[0, 0, 0, 0, 1]	SSTVAPAQPDGAETDWTDVETR	12,Phospho[A];	SSTVAPAQPDAGESEWTDVETR	12,Phospho[G];	SSTVAPAQPDGEASEWTDVETR	11,Phospho[G];
20150615_HepG2_Phos_BGP_mono_70ug_2.21544.21544.2.9.dta	SSTVAPAQPDGAESEWTDVETR	8,Phospho[Q];	-1.000000	12.653328	0.252427	0.346161	3.989626	0.087379	0.125741	0.36363636363636365	[0, 0, 0, 0, 0, 0, 0, 0, 0, 0, 0, 0, 0, 0, 0, 0, 1, 0, 0, 0, 0, 0, 0, 0, 0, 0]	[0, 0, 0, 0, 1]	SSTVAPAQPGDAESEWTDVETR	9,Phospho[P];	SSTVAPAPQDGAESEWTDVETR	9,Phospho[Q];	SSTVAPAPQDGAESEWTDVETR	9,Phospho[Q];
20150615_HepG2_Phos_BGP_mono_70ug_2.21544.21544.2.9.dta	SSTVAPAQPDGAESEWTDVETR	11,Phospho[G];	-1.000000	7.548904	0.223301	0.249805	-3.830423	-0.029126	-0.089596	0.5	[0, 0, 0, 0, 0, 0, 1, 0, 0, 0, 0, 0, 0, 0, 0, 0, 0, 0, 0, 0, 0, 0, 0, 0, 0, 0]	[0, 0, 0, 0, 1]	SSTVAPAAGDPGAESEWTDVETR	8,Phospho[A];	SSTVAPAQDPGAESEWTDVETR	8,Phospho[Q];	SSTVAPAAGDPGAESEWTDVETR	8,Phospho[A];
20150615_HepG2_Phos_BGP_mono_70ug_2.21544.21544.2.9.dta	SSTVAPAQPDGAESEWTDVETR	15,Phospho[E];	-1.000000	4.457200	0.203883	0.221838	-1.434338	-0.009709	-0.006972	0.6818181818181818	[0, 0, 0, 0, 1, 0, 0, 0, 0, 0, 0, 0, 0, 0, 0, 0, 0, 0, 0, 0, 0, 0, 0, 0, 0, 0]	[0, 0, 0, 0, 1]	SSTVAPAQPDGAESEWTDVETR	13,Phospho[E];	SSTVAPAQPDGEASEWTDVETR	12,Phospho[E];	SSTVAPAQPDGATDEWTDVETR	12,Phospho[A];
20150615_HepG2_Phos_BGP_mono_70ug_2.22383.22383.2.3.dta	GLVAAYSGDSDNEEELVER	6,Phospho[Y];	0.000000	12.498306	0.160000	0.223895	1.458654	0.026667	0.030485	0.3157894736842105	[0, 0, 0, 0, 0, 0, 0, 0, 0, 0, 0, 0, 0, 0, 0, 0, 0, 0, 0, 0, 0, 0, 0, 0, 1, 0]	[0, 0, 0, 1, 0]	GLVASFSGDSDNEEELVER	6,Phospho[F];	GLQIYSGDSDNEEELVER	4,Phospho[I];	GLAAYVSGDSDNEEELVER	6,Phospho[V];
20150615_HepG2_Phos_BGP_mono_70ug_2.22383.22383.2.3.dta	GLVAAYSGDSDNEEELVER	7,Phospho[S];	0.000000	11.532364	0.153333	0.202266	0.464735	0.006667	0.010312	0.3684210526315789	[0, 0, 0, 0, 0, 0, 0, 0, 0, 0, 0, 0, 0, 0, 0, 0, 0, 0, 1, 0, 0, 0, 0, 0, 0, 0]	[0, 0, 0, 1, 0]	GLVAAYGSSDDNEEELVER	10,Phospho[D];	GLVAAYGSSDDNEEELVER	9,Phospho[S];	GLVAASYGDSDNEEELVER	6,Phospho[S];
20150615_HepG2_Phos_BGP_mono_70ug_2.22383.22383.2.3.dta	GLVAAYSGDSDNEEELVER	10,Phospho[S];	1.000000	11.889994	0.166667	0.210526	0.822365	0.006667	0.006841	0.5263157894736842	[0, 0, 0, 0, 0, 0, 0, 0, 0, 0, 0, 0, 0, 0, 0, 0, 0, 0, 1, 0, 0, 0, 0, 0, 0, 0]	[0, 0, 0, 1, 0]	GLVAAYGSDSDNEEELVER	9,Phospho[D];	GLVAAYSGDDSGGEEELVER	10,Phospho[D];	GLVAAYSGDDSGGEEELVER	10,Phospho[D];
20150615_HepG2_Phos_BGP_mono_70ug_2.22383.22383.2.3.dta	GLVAAYSGDSDNEEELVER	13,Phospho[E];	-1.000000	10.008614	0.146667	0.178992	-0.440214	-0.006667	-0.018083	0.6842105263157895	[0, 0, 0, 0, 1, 0, 0, 0, 0, 0, 0, 0, 0, 0, 0, 0, 0, 0, 0, 0, 0, 0, 0, 0, 0, 0]	[0, 0, 0, 1, 0]	GLVAAYSGDDSQDEELVER	10,Phospho[D];	GLVAAYSGDDSENEELVER	10,Phospho[D];	GLVAAYSGDSDDQEELVER	10,Phospho[S];
20150615_HepG2_Phos_BGP_mono_70ug_2.22383.22383.2.3.dta	GLVAAYSGDSDNEEELVER	2,Phospho[L];	-1.000000	9.318573	0.133333	0.182619	-1.389814	0.000000	0.000420	0.10526315789473684	[0, 0, 0, 0, 0, 0, 0, 0, 0, 0, 0, 1, 0, 0, 0, 0, 0, 0, 0, 0, 0, 0, 0, 0, 0, 0]	[0, 0, 0, 1, 0]	GAIGLYSGDSDNEEELVER	5,Phospho[L];	GIAGIYSGDSDNEEELVER	5,Phospho[I];	GIAGIYSGDSDNEEELVER	5,Phospho[I];
20150615_HepG2_Phos_BGP_mono_70ug_2.22383.22383.2.3.dta	GLVAAYSGDSDNEEELVER	1,Phospho[G];	-1.000000	9.318573	0.133333	0.182619	-0.836901	0.006667	0.006698	0.05263157894736842	[0, 0, 0, 0, 0, 0, 1, 0, 0, 0, 0, 0, 0, 0, 0, 0, 0, 0, 0, 0, 0, 0, 0, 0, 0, 0]	[0, 0, 0, 1, 0]	IQVAYSGDSDNEEELVER	3,Phospho[V];	IQVAYSGDSDNEEELVER	3,Phospho[V];	IQVAYSGDSDNEEELVER	3,Phospho[V];
20150615_HepG2_Phos_BGP_mono_70ug_2.22446.22446.2.1.dta	LPSSPVYEDAASFK	3,Phospho[S];	0.000000	16.682115	0.240000	0.315950	0.163334	0.020000	0.031725	0.21428571428571427	[0, 0, 0, 0, 0, 0, 0, 0, 0, 0, 0, 0, 0, 0, 0, 0, 0, 0, 1, 0, 0, 0, 0, 0, 0, 0]	[0, 0, 1, 0, 0]	PSISPVYEDAASFK	4,Phospho[S];	PSSIPVYEDAASFK	3,Phospho[S];	SPISPVYEDAASFK	4,Phospho[S];
20150615_HepG2_Phos_BGP_mono_70ug_2.22446.22446.2.1.dta	LPSSPVYEDAASFK	4,Phospho[S];	1.000000	18.166539	0.253333	0.328987	2.419163	0.040000	0.055073	0.2857142857142857	[0, 0, 0, 0, 0, 0, 0, 0, 0, 0, 0, 0, 0, 0, 0, 0, 0, 0, 1, 0, 0, 0, 0, 0, 0, 0]	[0, 0, 1, 0, 0]	PISSPVYEDAASFK	3,Phospho[S];	LPSPSVYEDAASFK	4,Phospho[P];	LPSPSVYEDAASFK	4,Phospho[P];
20150615_HepG2_Phos_BGP_mono_70ug_2.22446.22446.2.1.dta	LPSSPVYEDAASFK	7,Phospho[Y];	0.000000	11.987808	0.140000	0.185818	-2.247357	-0.046667	-0.059331	0.5	[0, 0, 0, 0, 0, 0, 0, 0, 0, 0, 0, 0, 0, 0, 0, 0, 0, 0, 0, 0, 0, 0, 0, 0, 1, 0]	[0, 0, 1, 0, 0]	LPSSPVEYDAASFK	5,Phospho[P];	LPSSPVEYDAASFK	5,Phospho[P];	LPSSPVEYDAASFK	5,Phospho[P];
20150615_HepG2_Phos_BGP_mono_70ug_2.22446.22446.2.1.dta	LPSSPVYEDAASFK	12,Phospho[S];	0.000000	4.892958	0.113333	0.132261	-3.130004	0.013333	0.001928	0.8571428571428571	[0, 0, 0, 0, 0, 0, 0, 0, 0, 0, 0, 0, 0, 0, 0, 0, 0, 0, 1, 0, 0, 0, 0, 0, 0, 0]	[0, 0, 1, 0, 0]	LPSSPVYEGEASFK	10,Phospho[E];	LPSSPVYEGEASFK	10,Phospho[E];	LPSSPVYEEGASFK	10,Phospho[G];
20150615_HepG2_Phos_BGP_mono_70ug_2.22446.22446.2.1.dta	LPSSPVYEDAASFK	9,Phospho[D];	-1.000000	9.654056	0.113333	0.151115	-0.803360	0.000000	-0.005938	0.6428571428571429	[0, 0, 0, 1, 0, 0, 0, 0, 0, 0, 0, 0, 0, 0, 0, 0, 0, 0, 0, 0, 0, 0, 0, 0, 0, 0]	[0, 0, 1, 0, 0]	LPSSPVEYDAASFK	8,Phospho[Y];	LPSSPVEYDAASFK	8,Phospho[Y];	LPSSPVEYDAASFK	8,Phospho[Y];
20150615_HepG2_Phos_BGP_mono_70ug_2.22446.22446.2.1.dta	LPSSPVYEDAASFK	2,Phospho[P];	-1.000000	16.097970	0.233333	0.300728	-0.438320	0.013333	0.012751	0.14285714285714285	[0, 0, 0, 0, 0, 0, 0, 0, 0, 0, 0, 0, 0, 0, 0, 1, 0, 0, 0, 0, 0, 0, 0, 0, 0, 0]	[0, 0, 1, 0, 0]	SPISPVYEDAASFK	4,Phospho[S];	PISSPVYEDAASFK	3,Phospho[S];	PISSPVYEDAASFK	3,Phospho[S];
20150615_HepG2_Phos_BGP_mono_70ug_2.22446.22446.2.1.dta	LPSSPVYEDAASFK	1,Phospho[L];	-1.000000	15.155866	0.206667	0.262824	-1.306406	0.000000	0.000000	0.07142857142857142	[0, 0, 0, 0, 0, 0, 0, 0, 0, 0, 0, 1, 0, 0, 0, 0, 0, 0, 0, 0, 0, 0, 0, 0, 0, 0]	[0, 0, 1, 0, 0]	PVTSPVYEDAASFK	4,Phospho[S];	PISSPVYEDAASFK	1,Phospho[P];	PISSPVYEDAASFK	1,Phospho[P];
20150615_HepG2_Phos_BGP_mono_70ug_2.22919.22919.2.6.dta	AVSDSFGPGEWDDR	3,Phospho[S];	1.000000	9.600083	0.162162	0.287633	-0.846902	-0.009009	-0.009593	0.21428571428571427	[0, 0, 0, 0, 0, 0, 0, 0, 0, 0, 0, 0, 0, 0, 0, 0, 0, 0, 1, 0, 0, 0, 0, 0, 0, 0]	[0, 0, 1, 0, 0]	KEDSFGPGEWDDR	3,Phospho[D];	TSPSSFGPGEWDDR	4,Phospho[S];	AVSDSFGPGEWDDR	4,Phospho[D];
20150615_HepG2_Phos_BGP_mono_70ug_2.22919.22919.2.6.dta	AVSDSFGPGEWDDR	5,Phospho[S];	0.000000	9.399287	0.162162	0.274659	0.000000	0.000000	0.000000	0.35714285714285715	[0, 0, 0, 0, 0, 0, 0, 0, 0, 0, 0, 0, 0, 0, 0, 0, 0, 0, 1, 0, 0, 0, 0, 0, 0, 0]	[0, 0, 1, 0, 0]	AVSSDFGPGEWDDR	5,Phospho[D];	AVSDSFGPGEWDDR	3,Phospho[S];	AVSSDFGPGEWDDR	5,Phospho[D];
20150615_HepG2_Phos_BGP_mono_70ug_2.22919.22919.2.6.dta	AVSDSFGPGEWDDR	10,Phospho[E];	-1.000000	3.927790	0.072072	0.100614	-1.212623	-0.018018	-0.023863	0.7142857142857143	[0, 0, 0, 0, 1, 0, 0, 0, 0, 0, 0, 0, 0, 0, 0, 0, 0, 0, 0, 0, 0, 0, 0, 0, 0, 0]	[0, 0, 1, 0, 0]	AVSDSFGGPEWDDR	8,Phospho[G];	AVSDSFGPGEWDDR	8,Phospho[P];	AVSDSFGPGEWDDR	8,Phospho[P];
20150615_HepG2_Phos_BGP_mono_70ug_2.22919.22919.2.6.dta	AVSDSFGPGEWDDR	11,Phospho[W];	-1.000000	3.051855	0.063063	0.087346	-0.878106	-0.009009	-0.013267	0.7857142857142857	[0, 0, 0, 0, 0, 0, 0, 0, 0, 0, 0, 0, 0, 0, 0, 0, 0, 0, 0, 0, 0, 0, 1, 0, 0, 0]	[0, 0, 1, 0, 0]	AVSDSFGPEGWDDR	10,Phospho[G];	AVSDSFGGPWEDDR	8,Phospho[G];	AVSDSFGGPEWDDR	10,Phospho[E];
20150615_HepG2_Phos_BGP_mono_70ug_2.24323.24323.2.6.dta	SLDYLNLDK	1,Phospho[S];	1.000000	8.289243	0.270588	0.379151	0.232589	0.058824	0.076141	0.1111111111111111	[0, 0, 0, 0, 0, 0, 0, 0, 0, 0, 0, 0, 0, 0, 0, 0, 0, 0, 1, 0, 0, 0, 0, 0, 0, 0]	[0, 1, 0, 0, 0]	VTDYLNLDK	3,Phospho[D];	VTDYLNLDK	3,Phospho[D];	VTDYLNLDK	3,Phospho[D];
20150615_HepG2_Phos_BGP_mono_70ug_2.24323.24323.2.6.dta	SLDYLNLDK	4,Phospho[Y];	0.000000	6.416030	0.141176	0.217464	-1.873213	-0.129412	-0.161687	0.4444444444444444	[0, 0, 0, 0, 0, 0, 0, 0, 0, 0, 0, 0, 0, 0, 0, 0, 0, 0, 0, 0, 0, 0, 0, 0, 1, 0]	[0, 1, 0, 0, 0]	SIDYLNLDK	2,Phospho[I];	SIDYLNLDK	2,Phospho[I];	SIDYLNLDK	2,Phospho[I];
20150615_HepG2_Phos_BGP_mono_70ug_2.24323.24323.2.6.dta	SLDYLNLDK	9,Phospho[K];	-1.000000	1.602843	0.129412	0.142771	-1.502262	-0.023529	-0.036998	1.0	[0, 0, 0, 0, 0, 0, 0, 0, 0, 0, 1, 0, 0, 0, 0, 0, 0, 0, 0, 0, 0, 0, 0, 0, 0, 0]	[0, 1, 0, 0, 0]	SLDYLNIKD	7,Phospho[I];	SLDYLNIKD	6,Phospho[N];	SLDYLNIKD	7,Phospho[I];
20150615_HepG2_Phos_BGP_mono_70ug_2.27115.27115.2.4.dta	ANSFVGTAQYVSPELLTEK	3,Phospho[S];	1.000000	18.010307	0.306667	0.380814	0.322439	0.006667	0.008198	0.15789473684210525	[0, 0, 0, 0, 0, 0, 0, 0, 0, 0, 0, 0, 0, 0, 0, 0, 0, 0, 1, 0, 0, 0, 0, 0, 0, 0]	[0, 0, 0, 1, 0]	QYQVGTAQYVSPELLTEK	3,Phospho[Q];	QGYAVGTAQYVSPELLTEK	3,Phospho[Y];	SNAFVGTAQYVSPELLTEK	4,Phospho[F];
20150615_HepG2_Phos_BGP_mono_70ug_2.27115.27115.2.4.dta	ANSFVGTAQYVSPELLTEK	7,Phospho[T];	0.000000	14.648377	0.253333	0.313434	-1.818717	-0.040000	-0.050505	0.3684210526315789	[0, 0, 0, 0, 0, 0, 0, 0, 0, 0, 0, 0, 0, 0, 0, 0, 0, 0, 0, 1, 0, 0, 0, 0, 0, 0]	[0, 0, 0, 1, 0]	ANSVFSAAQYVSPELLTEK	5,Phospho[F];	ANSVFTGAQYVSPELLTEK	5,Phospho[F];	ANSVFTGAQYVSPELLTEK	5,Phospho[F];
20150615_HepG2_Phos_BGP_mono_70ug_2.27115.27115.2.4.dta	ANSFVGTAQYVSPELLTEK	10,Phospho[Y];	0.000000	10.997176	0.206667	0.248442	-2.577660	-0.033333	-0.045753	0.5263157894736842	[0, 0, 0, 0, 0, 0, 0, 0, 0, 0, 0, 0, 0, 0, 0, 0, 0, 0, 0, 0, 0, 0, 0, 0, 1, 0]	[0, 0, 0, 1, 0]	ANSFVGTAAGYVSPELLTEK	8,Phospho[A];	ANSFVGTAGAYVSPELLTEK	8,Phospho[A];	ANSFVGTAGAYVSPELLTEK	8,Phospho[A];
20150615_HepG2_Phos_BGP_mono_70ug_2.27115.27115.2.4.dta	ANSFVGTAQYVSPELLTEK	12,Phospho[S];	0.000000	8.403842	0.193333	0.196868	-2.516918	-0.006667	-0.050277	0.631578947368421	[0, 0, 0, 0, 0, 0, 0, 0, 0, 0, 0, 0, 0, 0, 0, 0, 0, 0, 1, 0, 0, 0, 0, 0, 0, 0]	[0, 0, 0, 1, 0]	ANSFVGTAAGVYSPELLTEK	10,Phospho[G];	ANSFVGTAQVYSPELLTEK	9,Phospho[Q];	ANSFVGTAAGVYSPELLTEK	9,Phospho[A];
20150615_HepG2_Phos_BGP_mono_70ug_2.27115.27115.2.4.dta	ANSFVGTAQYVSPELLTEK	17,Phospho[T];	0.000000	2.408385	0.146667	0.131351	-2.047835	-0.006667	0.005597	0.8947368421052632	[0, 0, 0, 0, 0, 0, 0, 0, 0, 0, 0, 0, 0, 0, 0, 0, 0, 0, 0, 1, 0, 0, 0, 0, 0, 0]	[0, 0, 0, 1, 0]	ANSFVGTAQYVSPEIIETK	15,Phospho[I];	ANSFVGTAQYVSPTILEEK	16,Phospho[L];	ANSFVGTAQYVSPLEITEK	14,Phospho[L];
20150615_HepG2_Phos_BGP_mono_70ug_2.27115.27115.2.4.dta	ANSFVGTAQYVSPELLTEK	16,Phospho[L];	-1.000000	4.397016	0.166667	0.153356	-1.485140	0.013333	0.027602	0.8421052631578947	[0, 0, 0, 0, 0, 0, 0, 0, 0, 0, 0, 1, 0, 0, 0, 0, 0, 0, 0, 0, 0, 0, 0, 0, 0, 0]	[0, 0, 0, 1, 0]	ANSFVGTAQYVSPIEITEK	14,Phospho[I];	ANSFVGTAQYVSPTIIEEK	16,Phospho[I];	ANSFVGTAQYVSPIEITEK	14,Phospho[I];
20150615_HepG2_Phos_BGP_mono_70ug_2.27115.27115.2.4.dta	ANSFVGTAQYVSPELLTEK	12,Phospho[S];	-1.000000	8.403842	0.193333	0.196868	-2.516918	-0.006667	-0.050277	0.631578947368421	[0, 0, 0, 0, 0, 0, 0, 0, 0, 0, 0, 0, 0, 0, 0, 0, 0, 0, 1, 0, 0, 0, 0, 0, 0, 0]	[0, 0, 0, 1, 0]	ANSFVGTAAGVYSPELLTEK	10,Phospho[G];	ANSFVGTAQVYSPELLTEK	9,Phospho[Q];	ANSFVGTAAGVYSPELLTEK	9,Phospho[A];
20150615_HepG2_Phos_BGP_mono_70ug_2.27115.27115.2.4.dta	ANSFVGTAQYVSPELLTEK	1,Phospho[A];	-1.000000	17.188919	0.300000	0.371632	-0.503651	0.000000	-0.002039	0.05263157894736842	[1, 0, 0, 0, 0, 0, 0, 0, 0, 0, 0, 0, 0, 0, 0, 0, 0, 0, 0, 0, 0, 0, 0, 0, 0, 0]	[0, 0, 0, 1, 0]	QGFSVGTAQYVSPELLTEK	4,Phospho[S];	QGFSVGTAQYVSPELLTEK	4,Phospho[S];	QGFSVGTAQYVSPELLTEK	4,Phospho[S];
20150615_HepG2_Phos_BGP_mono_70ug_2.27115.27115.2.4.dta	ANSFVGTAQYVSPELLTEK	5,Phospho[V];	-1.000000	16.467094	0.293333	0.363939	-1.048612	-0.006667	-0.009732	0.2631578947368421	[0, 0, 0, 0, 0, 0, 0, 0, 0, 0, 0, 0, 0, 0, 0, 0, 0, 0, 0, 0, 0, 1, 0, 0, 0, 0]	[0, 0, 0, 1, 0]	AGGAYVGTAQYVSPELLTEK	5,Phospho[Y];	AGGFSVGTAQYVSPELLTEK	5,Phospho[S];	AGGFSVGTAQYVSPELLTEK	5,Phospho[S];
20150615_HepG2_Phos_BGP_mono_70ug_2.27115.27115.2.4.dta	ANSFVGTAQYVSPELLTEK	11,Phospho[V];	-1.000000	10.082889	0.220000	0.245893	-1.879906	0.006667	-0.019422	0.5789473684210527	[0, 0, 0, 0, 0, 0, 0, 0, 0, 0, 0, 0, 0, 0, 0, 0, 0, 0, 0, 0, 0, 1, 0, 0, 0, 0]	[0, 0, 0, 1, 0]	ANSFVGTQAYVSPELLTEK	8,Phospho[Q];	ANSFVGTQAYVSPELLTEK	8,Phospho[Q];	ANSFVGTQAYVSPELLTEK	8,Phospho[Q];
20150615_HepG2_Phos_BGP_mono_70ug_2.27949.27949.2.7.dta	VPSVESLFR	3,Phospho[S];	1.000000	7.606202	0.208333	0.287959	1.395183	0.041667	0.055974	0.3333333333333333	[0, 0, 0, 0, 0, 0, 0, 0, 0, 0, 0, 0, 0, 0, 0, 0, 0, 0, 1, 0, 0, 0, 0, 0, 0, 0]	[0, 1, 0, 0, 0]	VPSIDSLFR	2,Phospho[P];	VPSVESLFR	4,Phospho[V];	VPSVESLFR	4,Phospho[V];
20150615_HepG2_Phos_BGP_mono_70ug_2.27949.27949.2.7.dta	VPSVESLFR	6,Phospho[S];	0.000000	3.761896	0.097222	0.128435	-2.280499	-0.069444	-0.103550	0.6666666666666666	[0, 0, 0, 0, 0, 0, 0, 0, 0, 0, 0, 0, 0, 0, 0, 0, 0, 0, 1, 0, 0, 0, 0, 0, 0, 0]	[0, 1, 0, 0, 0]	VPSEVSLFR	3,Phospho[S];	VPSVESLFR	4,Phospho[V];	VPVSESLFR	4,Phospho[S];
20150615_HepG2_Phos_BGP_mono_70ug_2.27949.27949.2.7.dta	VPSVESLFR	9,Phospho[R];	-1.000000	2.365793	0.055556	0.078910	-0.700614	-0.013889	-0.024787	1.0	[0, 0, 0, 0, 0, 0, 0, 0, 0, 0, 0, 0, 0, 0, 0, 0, 0, 1, 0, 0, 0, 0, 0, 0, 0, 0]	[0, 1, 0, 0, 0]	VPSVEVTRF	7,Phospho[T];	VPSVELSRF	6,Phospho[L];	VPSVELSRF	6,Phospho[L];
20150615_HepG2_Phos_BGP_mono_70ug_2.27949.27949.2.7.dta	VPSVESLFR	1,Phospho[V];	-1.000000	8.151568	0.194444	0.289513	1.985189	0.027778	0.057528	0.1111111111111111	[0, 0, 0, 0, 0, 0, 0, 0, 0, 0, 0, 0, 0, 0, 0, 0, 0, 0, 0, 0, 0, 1, 0, 0, 0, 0]	[0, 1, 0, 0, 0]	VSPVESLFR	2,Phospho[S];	VPVSESLFR	4,Phospho[S];	VPVSESLFR	3,Phospho[V];
20150615_HepG2_Phos_control_70ug_1.10022.10022.3.6.dta	SRTPPSAPSQSR	1,Phospho[S];	0.000000	14.873333	0.233333	0.334432	0.656375	0.013333	0.013754	0.08333333333333333	[0, 0, 0, 0, 0, 0, 0, 0, 0, 0, 0, 0, 0, 0, 0, 0, 0, 0, 1, 0, 0, 0, 0, 0, 0, 0]	[0, 0, 1, 0, 0]	RDVAPSAPSQSR	3,Phospho[V];	RVDAPSAPSQSR	3,Phospho[D];	PSTRPSAPSQSR	3,Phospho[T];
20150615_HepG2_Phos_control_70ug_1.10022.10022.3.6.dta	SRTPPSAPSQSR	3,Phospho[T];	1.000000	14.928287	0.240000	0.345510	0.443253	0.020000	0.015742	0.25	[0, 0, 0, 0, 0, 0, 0, 0, 0, 0, 0, 0, 0, 0, 0, 0, 0, 0, 0, 1, 0, 0, 0, 0, 0, 0]	[0, 0, 1, 0, 0]	SPPTRSAPSQSR	4,Phospho[T];	SPPTRSAPSQSR	5,Phospho[R];	SPPTRSAPSQSR	5,Phospho[R];
20150615_HepG2_Phos_control_70ug_1.10022.10022.3.6.dta	SRTPPSAPSQSR	6,Phospho[S];	0.000000	12.527008	0.206667	0.292661	-0.813516	0.000000	-0.008067	0.5	[0, 0, 0, 0, 0, 0, 0, 0, 0, 0, 0, 0, 0, 0, 0, 0, 0, 0, 1, 0, 0, 0, 0, 0, 0, 0]	[0, 0, 1, 0, 0]	SREPVGAPSQSR	4,Phospho[P];	SREPGVAPSQSR	6,Phospho[V];	SREPGVAPSQSR	4,Phospho[P];
20150615_HepG2_Phos_control_70ug_1.10022.10022.3.6.dta	SRTPPSAPSQSR	9,Phospho[S];	0.000000	5.353218	0.106667	0.114999	-4.214981	-0.053333	-0.128860	0.75	[0, 0, 0, 0, 0, 0, 0, 0, 0, 0, 0, 0, 0, 0, 0, 0, 0, 0, 1, 0, 0, 0, 0, 0, 0, 0]	[0, 0, 1, 0, 0]	SRTPPSAPSAGSR	7,Phospho[A];	SRTPPTGPSQSR	7,Phospho[G];	SRTPPASPSQSR	7,Phospho[S];
20150615_HepG2_Phos_control_70ug_1.10022.10022.3.6.dta	SRTPPSAPSQSR	11,Phospho[S];	0.000000	3.334893	0.080000	0.079468	-2.024225	-0.033333	-0.041293	0.9166666666666666	[0, 0, 0, 0, 0, 0, 0, 0, 0, 0, 0, 0, 0, 0, 0, 0, 0, 0, 1, 0, 0, 0, 0, 0, 0, 0]	[0, 0, 1, 0, 0]	SRTPPSASPQSR	8,Phospho[S];	SRTPPSAPSNTR	8,Phospho[P];	SRTPPSASPQSR	8,Phospho[S];
20150615_HepG2_Phos_control_70ug_1.10022.10022.3.6.dta	SRTPPSAPSQSR	7,Phospho[A];	-1.000000	9.770733	0.166667	0.251611	-1.476730	-0.013333	-0.013599	0.5833333333333334	[1, 0, 0, 0, 0, 0, 0, 0, 0, 0, 0, 0, 0, 0, 0, 0, 0, 0, 0, 0, 0, 0, 0, 0, 0, 0]	[0, 0, 1, 0, 0]	SRTPPASPSQSR	4,Phospho[P];	SRTPPGTPSQSR	4,Phospho[P];	SRTPPASPSQSR	4,Phospho[P];
20150615_HepG2_Phos_control_70ug_1.10022.10022.3.6.dta	SRTPPSAPSQSR	11,Phospho[S];	-1.000000	3.334893	0.080000	0.079468	-2.024225	-0.033333	-0.041293	0.9166666666666666	[0, 0, 0, 0, 0, 0, 0, 0, 0, 0, 0, 0, 0, 0, 0, 0, 0, 0, 1, 0, 0, 0, 0, 0, 0, 0]	[0, 0, 1, 0, 0]	SRTPPSASPQSR	8,Phospho[S];	SRTPPSAPSNTR	8,Phospho[P];	SRTPPSASPQSR	8,Phospho[S];
20150615_HepG2_Phos_control_70ug_1.10022.10022.3.6.dta	SRTPPSAPSQSR	12,Phospho[R];	-1.000000	3.340118	0.086667	0.084080	-0.701101	0.006667	0.000093	1.0	[0, 0, 0, 0, 0, 0, 0, 0, 0, 0, 0, 0, 0, 0, 0, 0, 0, 1, 0, 0, 0, 0, 0, 0, 0, 0]	[0, 0, 1, 0, 0]	SRTPPSAPNTRS	9,Phospho[N];	SRTPPSAPTNRS	9,Phospho[T];	SRTPPSAPTNRS	9,Phospho[T];
20150615_HepG2_Phos_control_70ug_1.10022.10022.3.6.dta	SRTPPSAPSQSR	2,Phospho[R];	-1.000000	14.869865	0.226667	0.332021	0.346801	0.006667	0.002252	0.16666666666666666	[0, 0, 0, 0, 0, 0, 0, 0, 0, 0, 0, 0, 0, 0, 0, 0, 0, 1, 0, 0, 0, 0, 0, 0, 0, 0]	[0, 0, 1, 0, 0]	SPPTRSAPSQSR	5,Phospho[R];	SPPRTSAPSQSR	5,Phospho[T];	SPPRTSAPSQSR	5,Phospho[T];
20150615_HepG2_Phos_control_70ug_1.10022.10022.3.6.dta	SRTPPSAPSQSR	3,Phospho[T];	-1.000000	14.928287	0.240000	0.345510	0.443253	0.020000	0.015742	0.25	[0, 0, 0, 0, 0, 0, 0, 0, 0, 0, 0, 0, 0, 0, 0, 0, 0, 0, 0, 1, 0, 0, 0, 0, 0, 0]	[0, 0, 1, 0, 0]	SPPTRSAPSQSR	4,Phospho[T];	SPPTRSAPSQSR	5,Phospho[R];	SPPTRSAPSQSR	5,Phospho[R];
20150615_HepG2_Phos_control_70ug_1.10126.10126.2.6.dta	SVSPYSR	1,Phospho[S];3,Phospho[S];	1.000000	6.295267	0.073333	0.110854	2.523223	0.026667	0.052281	0.14285714285714285	[0, 0, 0, 0, 0, 0, 0, 0, 0, 0, 0, 0, 0, 0, 0, 0, 0, 0, 1, 0, 0, 0, 0, 0, 0, 0]	[0, 1, 0, 0, 0]	SVPSYSR	2,Phospho[V];3,Phospho[P];	VSSPYSR	1,Phospho[V];4,Phospho[P];	SVPSYSR	2,Phospho[V];3,Phospho[P];
20150615_HepG2_Phos_control_70ug_1.10126.10126.2.6.dta	SVSPYSR	1,Phospho[S];3,Phospho[S];	1.000000	6.295267	0.073333	0.110854	2.523223	0.026667	0.052281	0.42857142857142855	[0, 0, 0, 0, 0, 0, 0, 0, 0, 0, 0, 0, 0, 0, 0, 0, 0, 0, 1, 0, 0, 0, 0, 0, 0, 0]	[0, 1, 0, 0, 0]	SVPSYSR	1,Phospho[S];4,Phospho[S];	SVPSYSR	1,Phospho[S];4,Phospho[S];	SVPSYSR	1,Phospho[S];4,Phospho[S];
20150615_HepG2_Phos_control_70ug_1.10126.10126.2.6.dta	SVSPYSR	1,Phospho[S];5,Phospho[Y];	0.000000	2.348751	0.026667	0.034395	0.663393	0.006667	0.004099	0.14285714285714285	[0, 0, 0, 0, 0, 0, 0, 0, 0, 0, 0, 0, 0, 0, 0, 0, 0, 0, 1, 0, 0, 0, 0, 0, 0, 0]	[0, 1, 0, 0, 0]	AEGLYSR	4,Phospho[L];5,Phospho[Y];	AEGLYSR	4,Phospho[L];5,Phospho[Y];	AEGLYSR	4,Phospho[L];5,Phospho[Y];
20150615_HepG2_Phos_control_70ug_1.10126.10126.2.6.dta	SVSPYSR	1,Phospho[S];5,Phospho[Y];	0.000000	2.348751	0.026667	0.034395	-1.521926	-0.020000	-0.038950	0.7142857142857143	[0, 0, 0, 0, 0, 0, 0, 0, 0, 0, 0, 0, 0, 0, 0, 0, 0, 0, 0, 0, 0, 0, 0, 0, 1, 0]	[0, 1, 0, 0, 0]	SVPSYSR	1,Phospho[S];2,Phospho[V];	SVPSYSR	1,Phospho[S];4,Phospho[S];	SVPSYSR	1,Phospho[S];2,Phospho[V];
20150615_HepG2_Phos_control_70ug_1.10126.10126.2.6.dta	SVSPYSR	1,Phospho[S];6,Phospho[S];	0.000000	1.508301	0.013333	0.014576	0.665875	0.006667	0.004099	0.14285714285714285	[0, 0, 0, 0, 0, 0, 0, 0, 0, 0, 0, 0, 0, 0, 0, 0, 0, 0, 1, 0, 0, 0, 0, 0, 0, 0]	[0, 1, 0, 0, 0]	AEGLYSR	4,Phospho[L];6,Phospho[S];	AEGLYSR	4,Phospho[L];6,Phospho[S];	AEGLYSR	4,Phospho[L];6,Phospho[S];
20150615_HepG2_Phos_control_70ug_1.10126.10126.2.6.dta	SVSPYSR	1,Phospho[S];6,Phospho[S];	0.000000	1.508301	0.013333	0.014576	-1.738531	-0.026667	-0.033321	0.8571428571428571	[0, 0, 0, 0, 0, 0, 0, 0, 0, 0, 0, 0, 0, 0, 0, 0, 0, 0, 1, 0, 0, 0, 0, 0, 0, 0]	[0, 1, 0, 0, 0]	SVSSYRP	1,Phospho[S];5,Phospho[Y];	SVFAESR	1,Phospho[S];3,Phospho[F];	SVEAFSR	1,Phospho[S];5,Phospho[F];
20150615_HepG2_Phos_control_70ug_1.10126.10126.2.6.dta	SVSPYSR	3,Phospho[S];5,Phospho[Y];	0.000000	0.843483	0.013333	0.019820	-1.930911	-0.026667	-0.027849	0.42857142857142855	[0, 0, 0, 0, 0, 0, 0, 0, 0, 0, 0, 0, 0, 0, 0, 0, 0, 0, 1, 0, 0, 0, 0, 0, 0, 0]	[0, 1, 0, 0, 0]	SVFAESR	2,Phospho[V];3,Phospho[F];	SVEAFSR	2,Phospho[V];5,Phospho[F];	SVFAESR	2,Phospho[V];3,Phospho[F];
20150615_HepG2_Phos_control_70ug_1.10126.10126.2.6.dta	SVSPYSR	3,Phospho[S];5,Phospho[Y];	0.000000	0.843483	0.013333	0.019820	-1.930911	-0.026667	-0.027849	0.7142857142857143	[0, 0, 0, 0, 0, 0, 0, 0, 0, 0, 0, 0, 0, 0, 0, 0, 0, 0, 0, 0, 0, 0, 0, 0, 1, 0]	[0, 1, 0, 0, 0]	SVFAESR	2,Phospho[V];3,Phospho[F];	SVFEASR	2,Phospho[V];3,Phospho[F];	SVFAESR	2,Phospho[V];3,Phospho[F];
20150615_HepG2_Phos_control_70ug_1.10126.10126.2.6.dta	SVSPYSR	3,Phospho[S];6,Phospho[S];	0.000000	0.000000	0.000000	0.000000	-1.508301	-0.013333	-0.014576	0.42857142857142855	[0, 0, 0, 0, 0, 0, 0, 0, 0, 0, 0, 0, 0, 0, 0, 0, 0, 0, 1, 0, 0, 0, 0, 0, 0, 0]	[0, 1, 0, 0, 0]	SVSPYSR	2,Phospho[V];6,Phospho[S];	SVSPYSR	2,Phospho[V];6,Phospho[S];	SVSPYSR	2,Phospho[V];6,Phospho[S];
20150615_HepG2_Phos_control_70ug_1.10126.10126.2.6.dta	SVSPYSR	3,Phospho[S];6,Phospho[S];	0.000000	0.000000	0.000000	0.000000	-1.739347	-0.020000	-0.039015	0.8571428571428571	[0, 0, 0, 0, 0, 0, 0, 0, 0, 0, 0, 0, 0, 0, 0, 0, 0, 0, 1, 0, 0, 0, 0, 0, 0, 0]	[0, 1, 0, 0, 0]	SVSSYRP	3,Phospho[S];4,Phospho[S];	SVSYSRP	3,Phospho[S];5,Phospho[S];	SVSSYRP	3,Phospho[S];4,Phospho[S];
20150615_HepG2_Phos_control_70ug_1.10126.10126.2.6.dta	SVSPYSR	5,Phospho[Y];6,Phospho[S];	0.000000	0.000000	0.000000	0.000000	-1.490523	-0.020000	-0.024178	0.7142857142857143	[0, 0, 0, 0, 0, 0, 0, 0, 0, 0, 0, 0, 0, 0, 0, 0, 0, 0, 0, 0, 0, 0, 0, 0, 1, 0]	[0, 1, 0, 0, 0]	SVPSSYR	3,Phospho[P];4,Phospho[S];	SVSYSPR	4,Phospho[Y];5,Phospho[S];	SVPSSYR	3,Phospho[P];4,Phospho[S];
20150615_HepG2_Phos_control_70ug_1.10126.10126.2.6.dta	SVSPYSR	5,Phospho[Y];6,Phospho[S];	0.000000	0.000000	0.000000	0.000000	-1.351185	-0.020000	-0.022844	0.8571428571428571	[0, 0, 0, 0, 0, 0, 0, 0, 0, 0, 0, 0, 0, 0, 0, 0, 0, 0, 1, 0, 0, 0, 0, 0, 0, 0]	[0, 1, 0, 0, 0]	SVAEFSR	4,Phospho[E];5,Phospho[F];	SVSYSPR	4,Phospho[Y];5,Phospho[S];	SVAEFSR	4,Phospho[E];5,Phospho[F];
20150615_HepG2_Phos_control_70ug_1.10126.10126.2.6.dta	SVSPYSR	3,Phospho[S];6,Phospho[S];	-1.000000	0.000000	0.000000	0.000000	-1.508301	-0.013333	-0.014576	0.42857142857142855	[0, 0, 0, 0, 0, 0, 0, 0, 0, 0, 0, 0, 0, 0, 0, 0, 0, 0, 1, 0, 0, 0, 0, 0, 0, 0]	[0, 1, 0, 0, 0]	SVSPYSR	2,Phospho[V];6,Phospho[S];	SVSPYSR	2,Phospho[V];6,Phospho[S];	SVSPYSR	2,Phospho[V];6,Phospho[S];
20150615_HepG2_Phos_control_70ug_1.10126.10126.2.6.dta	SVSPYSR	3,Phospho[S];6,Phospho[S];	-1.000000	0.000000	0.000000	0.000000	-1.739347	-0.020000	-0.039015	0.8571428571428571	[0, 0, 0, 0, 0, 0, 0, 0, 0, 0, 0, 0, 0, 0, 0, 0, 0, 0, 1, 0, 0, 0, 0, 0, 0, 0]	[0, 1, 0, 0, 0]	SVSSYRP	3,Phospho[S];4,Phospho[S];	SVSYSRP	3,Phospho[S];5,Phospho[S];	SVSSYRP	3,Phospho[S];4,Phospho[S];
20150615_HepG2_Phos_control_70ug_1.10126.10126.2.6.dta	SVSPYSR	1,Phospho[S];2,Phospho[V];	-1.000000	6.381945	0.073333	0.125627	2.609902	0.026667	0.067054	0.14285714285714285	[0, 0, 0, 0, 0, 0, 0, 0, 0, 0, 0, 0, 0, 0, 0, 0, 0, 0, 1, 0, 0, 0, 0, 0, 0, 0]	[0, 1, 0, 0, 0]	SVPSYSR	2,Phospho[V];3,Phospho[P];	VSSPYSR	1,Phospho[V];4,Phospho[P];	SVPSYSR	2,Phospho[V];3,Phospho[P];
20150615_HepG2_Phos_control_70ug_1.10126.10126.2.6.dta	SVSPYSR	1,Phospho[S];2,Phospho[V];	-1.000000	6.381945	0.073333	0.125627	2.609902	0.026667	0.067054	0.2857142857142857	[0, 0, 0, 0, 0, 0, 0, 0, 0, 0, 0, 0, 0, 0, 0, 0, 0, 0, 0, 0, 0, 1, 0, 0, 0, 0]	[0, 1, 0, 0, 0]	VSSPYSR	2,Phospho[S];4,Phospho[P];	VSPSYSR	2,Phospho[S];3,Phospho[P];	VSSPYSR	2,Phospho[S];4,Phospho[P];
20150615_HepG2_Phos_control_70ug_1.10126.10126.2.6.dta	SVSPYSR	5,Phospho[Y];6,Phospho[S];	-1.000000	0.000000	0.000000	0.000000	-1.490523	-0.020000	-0.024178	0.7142857142857143	[0, 0, 0, 0, 0, 0, 0, 0, 0, 0, 0, 0, 0, 0, 0, 0, 0, 0, 0, 0, 0, 0, 0, 0, 1, 0]	[0, 1, 0, 0, 0]	SVPSSYR	3,Phospho[P];4,Phospho[S];	SVSYSPR	4,Phospho[Y];5,Phospho[S];	SVPSSYR	3,Phospho[P];4,Phospho[S];
20150615_HepG2_Phos_control_70ug_1.10126.10126.2.6.dta	SVSPYSR	5,Phospho[Y];6,Phospho[S];	-1.000000	0.000000	0.000000	0.000000	-1.351185	-0.020000	-0.022844	0.8571428571428571	[0, 0, 0, 0, 0, 0, 0, 0, 0, 0, 0, 0, 0, 0, 0, 0, 0, 0, 1, 0, 0, 0, 0, 0, 0, 0]	[0, 1, 0, 0, 0]	SVAEFSR	4,Phospho[E];5,Phospho[F];	SVSYSPR	4,Phospho[Y];5,Phospho[S];	SVAEFSR	4,Phospho[E];5,Phospho[F];
20150615_HepG2_Phos_control_70ug_1.10126.10126.2.6.dta	SVSPYSR	1,Phospho[S];7,Phospho[R];	-1.000000	1.508301	0.013333	0.014576	0.665875	0.006667	0.004099	0.14285714285714285	[0, 0, 0, 0, 0, 0, 0, 0, 0, 0, 0, 0, 0, 0, 0, 0, 0, 0, 1, 0, 0, 0, 0, 0, 0, 0]	[0, 1, 0, 0, 0]	AEGLYSR	4,Phospho[L];7,Phospho[R];	AEGLYSR	4,Phospho[L];7,Phospho[R];	AEGLYSR	4,Phospho[L];7,Phospho[R];
20150615_HepG2_Phos_control_70ug_1.10126.10126.2.6.dta	SVSPYSR	1,Phospho[S];7,Phospho[R];	-1.000000	1.508301	0.013333	0.014576	-1.738531	-0.020000	-0.039015	1.0	[0, 0, 0, 0, 0, 0, 0, 0, 0, 0, 0, 0, 0, 0, 0, 0, 0, 1, 0, 0, 0, 0, 0, 0, 0, 0]	[0, 1, 0, 0, 0]	SVSSYPR	1,Phospho[S];4,Phospho[S];	SVSSYPR	1,Phospho[S];4,Phospho[S];	SVSSYPR	1,Phospho[S];4,Phospho[S];
20150615_HepG2_Phos_control_70ug_1.10126.10126.2.6.dta	SVSPYSR	6,Phospho[S];7,Phospho[R];	-1.000000	0.000000	0.000000	0.000000	-0.662115	-0.006667	-0.005191	0.8571428571428571	[0, 0, 0, 0, 0, 0, 0, 0, 0, 0, 0, 0, 0, 0, 0, 0, 0, 0, 1, 0, 0, 0, 0, 0, 0, 0]	[0, 1, 0, 0, 0]	SVSNFNK	6,Phospho[N];7,Phospho[K];	SVAEFSR	3,Phospho[A];7,Phospho[R];	SVSNFKN	6,Phospho[K];7,Phospho[N];
20150615_HepG2_Phos_control_70ug_1.10126.10126.2.6.dta	SVSPYSR	6,Phospho[S];7,Phospho[R];	-1.000000	0.000000	0.000000	0.000000	-0.662115	-0.006667	-0.005191	1.0	[0, 0, 0, 0, 0, 0, 0, 0, 0, 0, 0, 0, 0, 0, 0, 0, 0, 1, 0, 0, 0, 0, 0, 0, 0, 0]	[0, 1, 0, 0, 0]	SVSFNKN	6,Phospho[K];7,Phospho[N];	SVSAFRE	6,Phospho[R];7,Phospho[E];	SVSFNKN	6,Phospho[K];7,Phospho[N];
20150615_HepG2_Phos_control_70ug_1.10126.10126.2.6.dta	SVSPYSR	2,Phospho[V];5,Phospho[Y];	-1.000000	2.348751	0.026667	0.034395	0.000000	0.000000	0.000000	0.2857142857142857	[0, 0, 0, 0, 0, 0, 0, 0, 0, 0, 0, 0, 0, 0, 0, 0, 0, 0, 0, 0, 0, 1, 0, 0, 0, 0]	[0, 1, 0, 0, 0]	VSPSYSR	2,Phospho[S];5,Phospho[Y];	VSPSYSR	2,Phospho[S];5,Phospho[Y];	VSPSYSR	2,Phospho[S];5,Phospho[Y];
20150615_HepG2_Phos_control_70ug_1.10126.10126.2.6.dta	SVSPYSR	2,Phospho[V];5,Phospho[Y];	-1.000000	2.348751	0.026667	0.034395	-1.423293	-0.020000	-0.024178	0.7142857142857143	[0, 0, 0, 0, 0, 0, 0, 0, 0, 0, 0, 0, 0, 0, 0, 0, 0, 0, 0, 0, 0, 0, 0, 0, 1, 0]	[0, 1, 0, 0, 0]	SVPSYSR	2,Phospho[V];3,Phospho[P];	SVSPYSR	2,Phospho[V];4,Phospho[P];	SVPSYSR	2,Phospho[V];4,Phospho[S];
20150615_HepG2_Phos_control_70ug_1.10126.10126.2.6.dta	SVSPYSR	3,Phospho[S];4,Phospho[P];	-1.000000	2.306504	0.033333	0.043997	-1.564172	-0.013333	-0.029349	0.42857142857142855	[0, 0, 0, 0, 0, 0, 0, 0, 0, 0, 0, 0, 0, 0, 0, 0, 0, 0, 1, 0, 0, 0, 0, 0, 0, 0]	[0, 1, 0, 0, 0]	VSPSYSR	1,Phospho[V];2,Phospho[S];	SVPSYSR	2,Phospho[V];4,Phospho[S];	VSPSYSR	1,Phospho[V];2,Phospho[S];
20150615_HepG2_Phos_control_70ug_1.10126.10126.2.6.dta	SVSPYSR	3,Phospho[S];4,Phospho[P];	-1.000000	2.306504	0.033333	0.043997	-1.564172	-0.013333	-0.029349	0.5714285714285714	[0, 0, 0, 0, 0, 0, 0, 0, 0, 0, 0, 0, 0, 0, 0, 1, 0, 0, 0, 0, 0, 0, 0, 0, 0, 0]	[0, 1, 0, 0, 0]	VSPSYSR	1,Phospho[V];2,Phospho[S];	SVPSYSR	2,Phospho[V];4,Phospho[S];	VSPSYSR	1,Phospho[V];2,Phospho[S];
20150615_HepG2_Phos_control_70ug_1.10126.10126.2.6.dta	SVSPYSR	2,Phospho[V];6,Phospho[S];	-1.000000	1.508301	0.013333	0.014576	0.665875	0.006667	0.004099	0.2857142857142857	[0, 0, 0, 0, 0, 0, 0, 0, 0, 0, 0, 0, 0, 0, 0, 0, 0, 0, 0, 0, 0, 1, 0, 0, 0, 0]	[0, 1, 0, 0, 0]	AEGLYSR	4,Phospho[L];6,Phospho[S];	AEGLYSR	4,Phospho[L];6,Phospho[S];	AEGLYSR	4,Phospho[L];6,Phospho[S];
20150615_HepG2_Phos_control_70ug_1.10126.10126.2.6.dta	SVSPYSR	2,Phospho[V];6,Phospho[S];	-1.000000	1.508301	0.013333	0.014576	-1.738531	-0.026667	-0.033321	0.8571428571428571	[0, 0, 0, 0, 0, 0, 0, 0, 0, 0, 0, 0, 0, 0, 0, 0, 0, 0, 1, 0, 0, 0, 0, 0, 0, 0]	[0, 1, 0, 0, 0]	SVSSYRP	2,Phospho[V];5,Phospho[Y];	SVFAESR	2,Phospho[V];3,Phospho[F];	SVEAFSR	2,Phospho[V];5,Phospho[F];
20150615_HepG2_Phos_control_70ug_1.10126.10126.2.6.dta	SVSPYSR	5,Phospho[Y];7,Phospho[R];	-1.000000	0.000000	0.000000	0.000000	-0.843483	-0.013333	-0.019820	0.7142857142857143	[0, 0, 0, 0, 0, 0, 0, 0, 0, 0, 0, 0, 0, 0, 0, 0, 0, 0, 0, 0, 0, 0, 0, 0, 1, 0]	[0, 1, 0, 0, 0]	SVSPYSR	4,Phospho[P];5,Phospho[Y];	SVSYPRS	4,Phospho[Y];5,Phospho[P];	SVSYPRS	4,Phospho[Y];5,Phospho[P];
20150615_HepG2_Phos_control_70ug_1.10126.10126.2.6.dta	SVSPYSR	5,Phospho[Y];7,Phospho[R];	-1.000000	0.000000	0.000000	0.000000	-0.662115	-0.006667	-0.005191	1.0	[0, 0, 0, 0, 0, 0, 0, 0, 0, 0, 0, 0, 0, 0, 0, 0, 0, 1, 0, 0, 0, 0, 0, 0, 0, 0]	[0, 1, 0, 0, 0]	SVSFNKN	6,Phospho[K];7,Phospho[N];	SVSAFRE	6,Phospho[R];7,Phospho[E];	SVSFNKN	6,Phospho[K];7,Phospho[N];
20150615_HepG2_Phos_control_70ug_1.10175.10175.3.3.dta	RPAAAAAAGSASPR	10,Phospho[S];	0.000000	11.736480	0.186667	0.305971	-1.164987	-0.013333	-0.019180	0.7142857142857143	[0, 0, 0, 0, 0, 0, 0, 0, 0, 0, 0, 0, 0, 0, 0, 0, 0, 0, 1, 0, 0, 0, 0, 0, 0, 0]	[0, 0, 1, 0, 0]	RPAAAAAAGSASPR	11,Phospho[A];	RPAAAAAAGGTSPR	10,Phospho[G];	RPAAAAAAGGTSPR	10,Phospho[G];
20150615_HepG2_Phos_control_70ug_1.10175.10175.3.3.dta	RPAAAAAAGSASPR	12,Phospho[S];	1.000000	13.495387	0.226667	0.333427	0.593920	0.006667	0.007293	0.8571428571428571	[0, 0, 0, 0, 0, 0, 0, 0, 0, 0, 0, 0, 0, 0, 0, 0, 0, 0, 1, 0, 0, 0, 0, 0, 0, 0]	[0, 0, 1, 0, 0]	RPAAAAAAGSSARP	12,Phospho[A];	RPAAAAAAGSGTRP	11,Phospho[G];	RPAAAAAAGSGTRP	11,Phospho[G];
20150615_HepG2_Phos_control_70ug_1.10175.10175.3.3.dta	RPAAAAAAGSASPR	5,Phospho[A];	-1.000000	7.257860	0.100000	0.153321	0.340215	0.006667	0.011680	0.35714285714285715	[1, 0, 0, 0, 0, 0, 0, 0, 0, 0, 0, 0, 0, 0, 0, 0, 0, 0, 0, 0, 0, 0, 0, 0, 0, 0]	[0, 0, 1, 0, 0]	RPVNAAAGSASPR	3,Phospho[V];	RVPNAAAGSASPR	2,Phospho[V];	RPVNAAAGSASPR	3,Phospho[V];
20150615_HepG2_Phos_control_70ug_1.10175.10175.3.3.dta	RPAAAAAAGSASPR	7,Phospho[A];	-1.000000	8.922252	0.126667	0.244163	-0.051307	-0.013333	-0.010720	0.5	[1, 0, 0, 0, 0, 0, 0, 0, 0, 0, 0, 0, 0, 0, 0, 0, 0, 0, 0, 0, 0, 0, 0, 0, 0, 0]	[0, 0, 1, 0, 0]	RPAAAAAGASASPR	8,Phospho[G];	RPAAAAAGASASPR	8,Phospho[G];	RPAAAAAGASASPR	9,Phospho[A];
20150615_HepG2_Phos_control_70ug_1.10349.10349.3.2.dta	ATAPQTQHVSPMR	2,Phospho[T];12,Oxidation[M];	0.000000	14.058482	0.186667	0.222064	-0.724360	0.013333	0.015349	0.15384615384615385	[0, 0, 0, 0, 0, 0, 0, 0, 0, 0, 0, 0, 0, 0, 0, 0, 0, 0, 0, 1, 0, 0, 0, 0, 0, 0]	[0, 0, 1, 0, 0]	ATAPAGTQHVSPMR	3,Phospho[A];13,Oxidation[M];	GVSPQTQHVSPMR	2,Phospho[V];12,Oxidation[M];	VGSPQTQHVSPMR	2,Phospho[G];12,Oxidation[M];
20150615_HepG2_Phos_control_70ug_1.10349.10349.3.2.dta	ATAPQTQHVSPMR	6,Phospho[T];12,Oxidation[M];	0.000000	17.140153	0.160000	0.209209	-0.076589	-0.013333	-0.009900	0.46153846153846156	[0, 0, 0, 0, 0, 0, 0, 0, 0, 0, 0, 0, 0, 0, 0, 0, 0, 0, 0, 1, 0, 0, 0, 0, 0, 0]	[0, 0, 1, 0, 0]	ATAPQAASVHSPMR	9,Phospho[V];13,Oxidation[M];	ATAPQAGTVHSPMR	10,Phospho[H];13,Oxidation[M];	ATAPQASAHVSPMR	9,Phospho[H];13,Oxidation[M];
20150615_HepG2_Phos_control_70ug_1.10349.10349.3.2.dta	ATAPQTQHVSPMR	10,Phospho[S];12,Oxidation[M];	1.000000	16.727598	0.193333	0.240695	-2.217453	-0.046667	-0.032635	0.7692307692307693	[0, 0, 0, 0, 0, 0, 0, 0, 0, 0, 0, 0, 0, 0, 0, 0, 0, 0, 1, 0, 0, 0, 0, 0, 0, 0]	[0, 0, 1, 0, 0]	ATAPQTQHVMPSR	10,Oxidation[M];11,Phospho[P];	ATAPQTQHVPMSR	11,Oxidation[M];12,Phospho[S];	ATAPQTQHVMPSR	10,Oxidation[M];11,Phospho[P];
20150615_HepG2_Phos_control_70ug_1.10349.10349.3.2.dta	ATAPQTQHVSPMR	8,Phospho[H];12,Oxidation[M];	-1.000000	16.792689	0.173333	0.223118	-0.424052	0.000000	0.001631	0.6153846153846154	[0, 0, 0, 0, 0, 0, 0, 1, 0, 0, 0, 0, 0, 0, 0, 0, 0, 0, 0, 0, 0, 0, 0, 0, 0, 0]	[0, 0, 1, 0, 0]	ATAPQAASVHSPMR	9,Phospho[V];13,Oxidation[M];	ATAPQAGTVHSPMR	10,Phospho[H];13,Oxidation[M];	ATAPQGTAHVSPMR	10,Phospho[V];13,Oxidation[M];
20150615_HepG2_Phos_control_70ug_1.10349.10349.3.2.dta	ATAPQTQHVSPMR	11,Phospho[P];12,Oxidation[M];	-1.000000	14.791218	0.180000	0.210877	-4.153832	-0.060000	-0.062453	0.8461538461538461	[0, 0, 0, 0, 0, 0, 0, 0, 0, 0, 0, 0, 0, 0, 0, 1, 0, 0, 0, 0, 0, 0, 0, 0, 0, 0]	[0, 0, 1, 0, 0]	ATAPQTQHVMPSR	10,Oxidation[M];11,Phospho[P];	ATAPQTQHVPMSR	11,Oxidation[M];13,Phospho[R];	ATAPQTQHVMPRS	10,Oxidation[M];11,Phospho[P];
20150615_HepG2_Phos_control_70ug_1.10349.10349.3.2.dta	ATAPQTQHVSPMR	5,Phospho[Q];12,Oxidation[M];	-1.000000	16.192810	0.153333	0.185057	-0.775989	-0.013333	-0.033954	0.38461538461538464	[0, 0, 0, 0, 0, 0, 0, 0, 0, 0, 0, 0, 0, 0, 0, 0, 1, 0, 0, 0, 0, 0, 0, 0, 0, 0]	[0, 0, 1, 0, 0]	ATAPGAASAHVSPMR	10,Phospho[H];14,Oxidation[M];	ATAPGAATGHVSPMR	10,Phospho[H];14,Oxidation[M];	ATAPGAAGTHVSPMR	10,Phospho[H];14,Oxidation[M];
20150615_HepG2_Phos_control_70ug_1.10430.10430.2.5.dta	ATDSDLSSPR	2,Phospho[T];	0.000000	8.009472	0.086667	0.149408	0.135215	0.000000	0.020203	0.2	[0, 0, 0, 0, 0, 0, 0, 0, 0, 0, 0, 0, 0, 0, 0, 0, 0, 0, 0, 1, 0, 0, 0, 0, 0, 0]	[0, 1, 0, 0, 0]	TADSDLSSPR	4,Phospho[S];	ESASDLSSPR	3,Phospho[A];	ASESDLSSPR	2,Phospho[S];
20150615_HepG2_Phos_control_70ug_1.10430.10430.2.5.dta	ATDSDLSSPR	4,Phospho[S];	0.000000	7.889452	0.093333	0.137994	-0.641467	-0.033333	-0.024309	0.4	[0, 0, 0, 0, 0, 0, 0, 0, 0, 0, 0, 0, 0, 0, 0, 0, 0, 0, 1, 0, 0, 0, 0, 0, 0, 0]	[0, 1, 0, 0, 0]	ATDSDVTSPR	6,Phospho[V];	ATDSDVTSPR	6,Phospho[V];	ATDSDVTSPR	7,Phospho[T];
20150615_HepG2_Phos_control_70ug_1.10430.10430.2.5.dta	ATDSDLSSPR	7,Phospho[S];	0.000000	9.352059	0.140000	0.174413	-0.791854	0.000000	0.010465	0.7	[0, 0, 0, 0, 0, 0, 0, 0, 0, 0, 0, 0, 0, 0, 0, 0, 0, 0, 1, 0, 0, 0, 0, 0, 0, 0]	[0, 1, 0, 0, 0]	ATDSDSISPR	9,Phospho[P];	ATDSDTVPSR	8,Phospho[P];	ATDSEVSSPR	8,Phospho[S];
20150615_HepG2_Phos_control_70ug_1.10430.10430.2.5.dta	ATDSDLSSPR	8,Phospho[S];	1.000000	11.967369	0.166667	0.198871	1.823456	0.026667	0.045285	0.8	[0, 0, 0, 0, 0, 0, 0, 0, 0, 0, 0, 0, 0, 0, 0, 0, 0, 0, 1, 0, 0, 0, 0, 0, 0, 0]	[0, 1, 0, 0, 0]	ATDSDTVSPR	9,Phospho[P];	ATDSDSIPSR	9,Phospho[S];	ATDSDSIPSR	9,Phospho[S];
20150615_HepG2_Phos_control_70ug_1.10430.10430.2.5.dta	ATDSDLSSPR	8,Phospho[S];	-1.000000	11.967369	0.166667	0.198871	1.823456	0.026667	0.045285	0.8	[0, 0, 0, 0, 0, 0, 0, 0, 0, 0, 0, 0, 0, 0, 0, 0, 0, 0, 1, 0, 0, 0, 0, 0, 0, 0]	[0, 1, 0, 0, 0]	ATDSDTVSPR	9,Phospho[P];	ATDSDSIPSR	9,Phospho[S];	ATDSDSIPSR	9,Phospho[S];
20150615_HepG2_Phos_control_70ug_1.10430.10430.2.5.dta	ATDSDLSSPR	10,Phospho[R];	-1.000000	10.961311	0.153333	0.165695	1.609253	0.013333	0.013957	1.0	[0, 0, 0, 0, 0, 0, 0, 0, 0, 0, 0, 0, 0, 0, 0, 0, 0, 1, 0, 0, 0, 0, 0, 0, 0, 0]	[0, 1, 0, 0, 0]	ATDSDLSSPR	7,Phospho[S];	ATDSDLSSPR	7,Phospho[S];	ATDSDLKGNGA	11,Phospho[A];
20150615_HepG2_Phos_control_70ug_1.10430.10430.2.5.dta	ATDSDLSSPR	2,Phospho[T];	-1.000000	8.009472	0.086667	0.149408	0.135215	0.000000	0.020203	0.2	[0, 0, 0, 0, 0, 0, 0, 0, 0, 0, 0, 0, 0, 0, 0, 0, 0, 0, 0, 1, 0, 0, 0, 0, 0, 0]	[0, 1, 0, 0, 0]	TADSDLSSPR	4,Phospho[S];	ESASDLSSPR	3,Phospho[A];	ASESDLSSPR	2,Phospho[S];
20150615_HepG2_Phos_control_70ug_1.10430.10430.2.5.dta	ATDSDLSSPR	3,Phospho[D];	-1.000000	7.728794	0.080000	0.127841	-0.180325	-0.006667	-0.010153	0.3	[0, 0, 0, 1, 0, 0, 0, 0, 0, 0, 0, 0, 0, 0, 0, 0, 0, 0, 0, 0, 0, 0, 0, 0, 0, 0]	[0, 1, 0, 0, 0]	SEASDLSSPR	4,Phospho[S];	ASESDLSSPR	2,Phospho[S];	ATDSDLSSPR	4,Phospho[S];
20150615_HepG2_Phos_control_70ug_1.10493.10493.2.3.dta	YGMGTSVER	1,Phospho[Y];3,Oxidation[M];	0.000000	10.421801	0.100000	0.128938	2.340907	0.020000	0.029819	0.1111111111111111	[0, 0, 0, 0, 0, 0, 0, 0, 0, 0, 0, 0, 0, 0, 0, 0, 0, 0, 0, 0, 0, 0, 0, 0, 1, 0]	[0, 1, 0, 0, 0]	GYMGTSVER	1,Phospho[G];3,Oxidation[M];	GMYGTSVER	2,Oxidation[M];4,Phospho[G];	YGGMTSVER	2,Phospho[G];4,Oxidation[M];
20150615_HepG2_Phos_control_70ug_1.10493.10493.2.3.dta	YGMGTSVER	3,Oxidation[M];5,Phospho[T];	0.000000	12.227363	0.126667	0.159781	0.143295	0.006667	0.009883	0.5555555555555556	[0, 0, 0, 0, 0, 0, 0, 0, 0, 0, 0, 0, 0, 0, 0, 0, 0, 0, 0, 1, 0, 0, 0, 0, 0, 0]	[0, 1, 0, 0, 0]	YGMTGVSER	3,Oxidation[M];5,Phospho[G];	YGMTGVSER	3,Oxidation[M];5,Phospho[G];	YGMTGVSER	3,Oxidation[M];5,Phospho[G];
20150615_HepG2_Phos_control_70ug_1.10493.10493.2.3.dta	YGMGTSVER	3,Oxidation[M];6,Phospho[S];	1.000000	11.295452	0.120000	0.145717	-0.788616	0.000000	-0.004181	0.6666666666666666	[0, 0, 0, 0, 0, 0, 0, 0, 0, 0, 0, 0, 0, 0, 0, 0, 0, 0, 1, 0, 0, 0, 0, 0, 0, 0]	[0, 1, 0, 0, 0]	YGMASVSER	3,Oxidation[M];5,Phospho[S];	YGMASVSER	3,Oxidation[M];5,Phospho[S];	YGMASVSER	3,Oxidation[M];5,Phospho[S];
20150615_HepG2_Phos_control_70ug_1.10493.10493.2.3.dta	YGMGTSVER	3,Oxidation[M];6,Phospho[S];	-1.000000	11.295452	0.120000	0.145717	-0.788616	0.000000	-0.004181	0.6666666666666666	[0, 0, 0, 0, 0, 0, 0, 0, 0, 0, 0, 0, 0, 0, 0, 0, 0, 0, 1, 0, 0, 0, 0, 0, 0, 0]	[0, 1, 0, 0, 0]	YGMASVSER	3,Oxidation[M];5,Phospho[S];	YGMASVSER	3,Oxidation[M];5,Phospho[S];	YGMASVSER	3,Oxidation[M];5,Phospho[S];
20150615_HepG2_Phos_control_70ug_1.10493.10493.2.3.dta	YGMGTSVER	3,Oxidation[M];7,Phospho[V];	-1.000000	10.417848	0.113333	0.135833	-1.666220	-0.006667	-0.014065	0.7777777777777778	[0, 0, 0, 0, 0, 0, 0, 0, 0, 0, 0, 0, 0, 0, 0, 0, 0, 0, 0, 0, 0, 1, 0, 0, 0, 0]	[0, 1, 0, 0, 0]	YGMASVSER	3,Oxidation[M];5,Phospho[S];	YGMASVSER	3,Oxidation[M];5,Phospho[S];	YGMASVSER	3,Oxidation[M];5,Phospho[S];
20150615_HepG2_Phos_control_70ug_1.10493.10493.2.3.dta	YGMGTSVER	2,Phospho[G];3,Oxidation[M];	-1.000000	10.542455	0.100000	0.128987	0.120655	0.000000	0.001647	0.2222222222222222	[0, 0, 0, 0, 0, 0, 1, 0, 0, 0, 0, 0, 0, 0, 0, 0, 0, 0, 0, 0, 0, 0, 0, 0, 0, 0]	[0, 1, 0, 0, 0]	YGMGTSVER	1,Phospho[Y];3,Oxidation[M];	YGMGTSVER	1,Phospho[Y];3,Oxidation[M];	GYMGTSVER	3,Oxidation[M];4,Phospho[G];
20150615_HepG2_Phos_control_70ug_1.10818.10818.2.3.dta	ATVTPSPVKGK	2,Phospho[T];	0.000000	11.998027	0.173333	0.249461	-1.898779	-0.020000	-0.016076	0.18181818181818182	[0, 0, 0, 0, 0, 0, 0, 0, 0, 0, 0, 0, 0, 0, 0, 0, 0, 0, 0, 1, 0, 0, 0, 0, 0, 0]	[0, 0, 1, 0, 0]	ATVPTSPVKGK	4,Phospho[P];	ATVTPSPVKGK	3,Phospho[V];	AISTPSPVKGK	4,Phospho[T];
20150615_HepG2_Phos_control_70ug_1.10818.10818.2.3.dta	ATVTPSPVKGK	4,Phospho[T];	0.000000	15.572191	0.206667	0.289507	-0.443776	-0.020000	-0.005940	0.36363636363636365	[0, 0, 0, 0, 0, 0, 0, 0, 0, 0, 0, 0, 0, 0, 0, 0, 0, 0, 0, 1, 0, 0, 0, 0, 0, 0]	[0, 0, 1, 0, 0]	ASITPSPVKGK	5,Phospho[P];	ATVTPSPVKGK	7,Phospho[P];	ATVTPSPVKGK	7,Phospho[P];
20150615_HepG2_Phos_control_70ug_1.10818.10818.2.3.dta	ATVTPSPVKGK	6,Phospho[S];	1.000000	18.371441	0.253333	0.339118	1.802653	0.026667	0.046058	0.5454545454545454	[0, 0, 0, 0, 0, 0, 0, 0, 0, 0, 0, 0, 0, 0, 0, 0, 0, 0, 1, 0, 0, 0, 0, 0, 0, 0]	[0, 0, 1, 0, 0]	ATVTSPVPKGK	5,Phospho[S];	ATVTPSPVKGK	7,Phospho[P];	ATVTPPSVKGK	5,Phospho[P];
20150615_HepG2_Phos_control_70ug_1.10818.10818.2.3.dta	ATVTPSPVKGK	11,Phospho[K];	-1.000000	13.818996	0.213333	0.256130	-0.687678	0.040000	0.020259	1.0	[0, 0, 0, 0, 0, 0, 0, 0, 0, 0, 1, 0, 0, 0, 0, 0, 0, 0, 0, 0, 0, 0, 0, 0, 0, 0]	[0, 0, 1, 0, 0]	ATVTPSPKVKG	8,Phospho[K];	ATVTPSPKVKG	8,Phospho[K];	ATVTPSPKVKG	8,Phospho[K];
20150615_HepG2_Phos_control_70ug_1.10818.10818.2.3.dta	ATVTPSPVKGK	10,Phospho[G];	-1.000000	13.055560	0.180000	0.235320	-1.637710	-0.020000	-0.020839	0.9090909090909091	[0, 0, 0, 0, 0, 0, 1, 0, 0, 0, 0, 0, 0, 0, 0, 0, 0, 0, 0, 0, 0, 0, 0, 0, 0, 0]	[0, 0, 1, 0, 0]	ATVTPSVPGKK	8,Phospho[P];	ATVTPSPVGKK	8,Phospho[V];	ATVTPSPKVGK	7,Phospho[P];
20150615_HepG2_Phos_control_70ug_1.10886.10886.2.6.dta	VPDEEENEESDNEKETEK	10,Phospho[S];	1.000000	16.917393	0.313333	0.308292	0.650864	0.006667	0.004664	0.5555555555555556	[0, 0, 0, 0, 0, 0, 0, 0, 0, 0, 0, 0, 0, 0, 0, 0, 0, 0, 1, 0, 0, 0, 0, 0, 0, 0]	[0, 0, 0, 1, 0]	VPDEEENEEDSNEKETEK	10,Phospho[D];	VPDEEENEEDSNEKETEK	10,Phospho[D];	VPDEEEGGESEDNEKETEK	11,Phospho[E];
20150615_HepG2_Phos_control_70ug_1.10886.10886.2.6.dta	VPDEEENEESDNEKETEK	16,Phospho[T];	0.000000	9.367076	0.226667	0.216963	-2.756983	-0.033333	-0.040478	0.8888888888888888	[0, 0, 0, 0, 0, 0, 0, 0, 0, 0, 0, 0, 0, 0, 0, 0, 0, 0, 0, 1, 0, 0, 0, 0, 0, 0]	[0, 0, 0, 1, 0]	VPDEEENEESDNEEKTEK	13,Phospho[E];	VPDEEENEESDNEKETEK	14,Phospho[K];	VPDEEENEESDNEEKTEK	13,Phospho[E];
20150615_HepG2_Phos_control_70ug_1.10886.10886.2.6.dta	VPDEEENEESDNEKETEK	3,Phospho[D];	-1.000000	9.670470	0.126667	0.127204	-1.474934	-0.033333	-0.041288	0.16666666666666666	[0, 0, 0, 1, 0, 0, 0, 0, 0, 0, 0, 0, 0, 0, 0, 0, 0, 0, 0, 0, 0, 0, 0, 0, 0, 0]	[0, 0, 0, 1, 0]	PDVEEENEESDNEKETEK	4,Phospho[E];	DPIDEENEESDNEKETEK	3,Phospho[I];	DPIDEENEESDNEKETEK	3,Phospho[I];
20150615_HepG2_Phos_control_70ug_1.10989.10989.2.5.dta	RPEGPGAQAPSSPR	11,Phospho[S];	0.000000	9.762492	0.206667	0.206169	-0.729241	0.000000	-0.001545	0.7857142857142857	[0, 0, 0, 0, 0, 0, 0, 0, 0, 0, 0, 0, 0, 0, 0, 0, 0, 0, 1, 0, 0, 0, 0, 0, 0, 0]	[0, 0, 1, 0, 0]	RPEGPGAQAPSPSR	14,Phospho[R];	RPEGPGAQASPSPR	13,Phospho[P];	RPEGPGAQASPSPR	13,Phospho[P];
20150615_HepG2_Phos_control_70ug_1.10989.10989.2.5.dta	RPEGPGAQAPSSPR	12,Phospho[S];	1.000000	10.574370	0.220000	0.213770	0.817481	0.013333	0.018944	0.8571428571428571	[0, 0, 0, 0, 0, 0, 0, 0, 0, 0, 0, 0, 0, 0, 0, 0, 0, 0, 1, 0, 0, 0, 0, 0, 0, 0]	[0, 0, 1, 0, 0]	RPEGPGAQAPSSRP	11,Phospho[S];	RPEGPGAQAPDRGV	14,Phospho[V];	RPEGPGAQAPDRVG	13,Phospho[V];
20150615_HepG2_Phos_control_70ug_1.10989.10989.2.5.dta	RPEGPGAQAPSSPR	3,Phospho[E];	-1.000000	3.284931	0.066667	0.077253	-0.623889	-0.013333	-0.013061	0.21428571428571427	[0, 0, 0, 0, 1, 0, 0, 0, 0, 0, 0, 0, 0, 0, 0, 0, 0, 0, 0, 0, 0, 0, 0, 0, 0, 0]	[0, 0, 1, 0, 0]	EPRGPGAQAPSSPR	4,Phospho[G];	REPGPGAQAPSSPR	5,Phospho[P];	RPDAPGAQAPSSPR	1,Phospho[R];
20150615_HepG2_Phos_control_70ug_1.10989.10989.2.5.dta	RPEGPGAQAPSSPR	7,Phospho[A];	-1.000000	5.044105	0.106667	0.105711	-1.921798	-0.046667	-0.042855	0.5	[1, 0, 0, 0, 0, 0, 0, 0, 0, 0, 0, 0, 0, 0, 0, 0, 0, 0, 0, 0, 0, 0, 0, 0, 0, 0]	[0, 0, 1, 0, 0]	RPEGPGAAGPASSPR	10,Phospho[P];	RPEGPGAGAPASSPR	11,Phospho[A];	RPEGPQQAPSSPR	8,Phospho[A];
20150615_HepG2_Phos_control_70ug_1.11236.11236.2.5.dta	TDALTSSPGR	1,Phospho[T];	0.000000	9.367955	0.166667	0.252443	-0.024333	0.033333	0.008148	0.1	[0, 0, 0, 0, 0, 0, 0, 0, 0, 0, 0, 0, 0, 0, 0, 0, 0, 0, 0, 1, 0, 0, 0, 0, 0, 0]	[0, 1, 0, 0, 0]	ESAITSSPGR	3,Phospho[A];	SEALTSSPGR	4,Phospho[L];	ADTITSSPGR	4,Phospho[I];
20150615_HepG2_Phos_control_70ug_1.11236.11236.2.5.dta	TDALTSSPGR	5,Phospho[T];	0.000000	11.969057	0.180000	0.281337	0.330185	-0.006667	0.017616	0.5	[0, 0, 0, 0, 0, 0, 0, 0, 0, 0, 0, 0, 0, 0, 0, 0, 0, 0, 0, 1, 0, 0, 0, 0, 0, 0]	[0, 1, 0, 0, 0]	TDAISTSPGR	7,Phospho[S];	TDATISSPGR	6,Phospho[S];	TDALTSSPGR	8,Phospho[P];
20150615_HepG2_Phos_control_70ug_1.11236.11236.2.5.dta	TDALTSSPGR	6,Phospho[S];	0.000000	12.735808	0.206667	0.305825	0.411717	0.020000	0.042103	0.6	[0, 0, 0, 0, 0, 0, 0, 0, 0, 0, 0, 0, 0, 0, 0, 0, 0, 0, 1, 0, 0, 0, 0, 0, 0, 0]	[0, 1, 0, 0, 0]	TDALTSPGSR	8,Phospho[G];	TDALTSGPSR	7,Phospho[G];	TDALTSSPGR	8,Phospho[P];
20150615_HepG2_Phos_control_70ug_1.11236.11236.2.5.dta	TDALTSSPGR	7,Phospho[S];	1.000000	13.808937	0.213333	0.307008	1.480231	0.020000	0.043287	0.7	[0, 0, 0, 0, 0, 0, 0, 0, 0, 0, 0, 0, 0, 0, 0, 0, 0, 0, 1, 0, 0, 0, 0, 0, 0, 0]	[0, 1, 0, 0, 0]	TDALTSGPRS	8,Phospho[P];	TDALTSGPRS	8,Phospho[P];	TDALTSSPRG	8,Phospho[P];
20150615_HepG2_Phos_control_70ug_1.11236.11236.2.5.dta	TDALTSSPGR	6,Phospho[S];	-1.000000	12.735808	0.206667	0.305825	0.411717	0.020000	0.042103	0.6	[0, 0, 0, 0, 0, 0, 0, 0, 0, 0, 0, 0, 0, 0, 0, 0, 0, 0, 1, 0, 0, 0, 0, 0, 0, 0]	[0, 1, 0, 0, 0]	TDALTSPGSR	8,Phospho[G];	TDALTSGPSR	7,Phospho[G];	TDALTSSPGR	8,Phospho[P];
20150615_HepG2_Phos_control_70ug_1.11236.11236.2.5.dta	TDALTSSPGR	10,Phospho[R];	-1.000000	11.864751	0.186667	0.264368	-0.463954	-0.006667	0.001542	1.0	[0, 0, 0, 0, 0, 0, 0, 0, 0, 0, 0, 0, 0, 0, 0, 0, 0, 1, 0, 0, 0, 0, 0, 0, 0, 0]	[0, 1, 0, 0, 0]	TDALTSGPRS	8,Phospho[P];	TDALTSSPGR	8,Phospho[P];	TDALTSGPRS	7,Phospho[G];
20150615_HepG2_Phos_control_70ug_1.11236.11236.2.5.dta	TDALTSSPGR	8,Phospho[P];	-1.000000	12.354353	0.193333	0.263721	0.025647	0.000000	0.000000	0.8	[0, 0, 0, 0, 0, 0, 0, 0, 0, 0, 0, 0, 0, 0, 0, 1, 0, 0, 0, 0, 0, 0, 0, 0, 0, 0]	[0, 1, 0, 0, 0]	TDALTSGPRS	8,Phospho[P];	TDALTSGPRS	8,Phospho[P];	TDALTSPSGR	8,Phospho[S];
20150615_HepG2_Phos_control_70ug_1.11236.11236.2.5.dta	TDALTSSPGR	2,Phospho[D];	-1.000000	8.715905	0.140000	0.228363	-1.799058	0.006667	-0.024080	0.2	[0, 0, 0, 1, 0, 0, 0, 0, 0, 0, 0, 0, 0, 0, 0, 0, 0, 0, 0, 0, 0, 0, 0, 0, 0, 0]	[0, 1, 0, 0, 0]	TDATISSPGR	5,Phospho[I];	TDATISSPGR	4,Phospho[T];	TDAITSSPGR	1,Phospho[T];
20150615_HepG2_Phos_control_70ug_1.11251.11251.2.7.dta	WDGSEEDEDNSKK	4,Phospho[S];	1.000000	14.166725	0.206667	0.230448	1.365948	0.040000	0.042745	0.3076923076923077	[0, 0, 0, 0, 0, 0, 0, 0, 0, 0, 0, 0, 0, 0, 0, 0, 0, 0, 1, 0, 0, 0, 0, 0, 0, 0]	[0, 0, 1, 0, 0]	WSGDEEDEDNSKK	4,Phospho[D];	WSDGEEDEDNSKK	3,Phospho[D];	WSDGEEDEDNSKK	3,Phospho[D];
20150615_HepG2_Phos_control_70ug_1.11251.11251.2.7.dta	WDGSEEDEDNSKK	11,Phospho[S];	0.000000	4.040296	0.100000	0.086207	-2.136423	-0.020000	-0.032899	0.8461538461538461	[0, 0, 0, 0, 0, 0, 0, 0, 0, 0, 0, 0, 0, 0, 0, 0, 0, 0, 1, 0, 0, 0, 0, 0, 0, 0]	[0, 0, 1, 0, 0]	WDGSEEDDEGGSKK	8,Phospho[D];	WDGSEEDEDNSKK	9,Phospho[D];	WDGSEEDENDSKK	8,Phospho[E];
20150615_HepG2_Phos_control_70ug_1.11251.11251.2.7.dta	WDGSEEDEDNSKK	13,Phospho[K];	-1.000000	2.753121	0.100000	0.091972	-0.491811	0.006667	0.009657	1.0	[0, 0, 0, 0, 0, 0, 0, 0, 0, 0, 1, 0, 0, 0, 0, 0, 0, 0, 0, 0, 0, 0, 0, 0, 0, 0]	[0, 0, 1, 0, 0]	WDGSEEDEDTTRV	10,Phospho[T];	WDGSEEDEDGKSKG	13,Phospho[K];	WDGSEEDEDSNKK	11,Phospho[N];
20150615_HepG2_Phos_control_70ug_1.11251.11251.2.7.dta	WDGSEEDEDNSKK	2,Phospho[D];	-1.000000	12.149053	0.160000	0.182835	-0.651724	-0.013333	-0.014598	0.15384615384615385	[0, 0, 0, 1, 0, 0, 0, 0, 0, 0, 0, 0, 0, 0, 0, 0, 0, 0, 0, 0, 0, 0, 0, 0, 0, 0]	[0, 0, 1, 0, 0]	WSDGEEDEDNSKK	4,Phospho[G];	SWDGEEDEDNSKK	4,Phospho[G];	SWDGEEDEDNSKK	4,Phospho[G];
20150615_HepG2_Phos_control_70ug_1.11357.11357.2.9.dta	QGSGRESPSLASR	3,Phospho[S];	1.000000	5.430955	0.086667	0.101931	-0.437645	-0.006667	0.000000	0.23076923076923078	[0, 0, 0, 0, 0, 0, 0, 0, 0, 0, 0, 0, 0, 0, 0, 0, 0, 0, 1, 0, 0, 0, 0, 0, 0, 0]	[0, 0, 1, 0, 0]	NASGRESPSLASR	4,Phospho[G];	QGDSARSPSLASR	5,Phospho[A];	QGGSRESPSLASR	3,Phospho[G];
20150615_HepG2_Phos_control_70ug_1.11357.11357.2.9.dta	QGSGRESPSLASR	7,Phospho[S];	0.000000	5.444821	0.093333	0.100710	-0.416540	0.000000	0.001489	0.5384615384615384	[0, 0, 0, 0, 0, 0, 0, 0, 0, 0, 0, 0, 0, 0, 0, 0, 0, 0, 1, 0, 0, 0, 0, 0, 0, 0]	[0, 0, 1, 0, 0]	QGSGRESPSLASR	6,Phospho[E];	QGSDARSPSLASR	5,Phospho[A];	QGSDRGTPSLASR	6,Phospho[G];
20150615_HepG2_Phos_control_70ug_1.11357.11357.2.9.dta	QGSGRESPSLASR	9,Phospho[S];	0.000000	5.245865	0.100000	0.099937	0.004997	0.006667	0.004945	0.6923076923076923	[0, 0, 0, 0, 0, 0, 0, 0, 0, 0, 0, 0, 0, 0, 0, 0, 0, 0, 1, 0, 0, 0, 0, 0, 0, 0]	[0, 0, 1, 0, 0]	QGSGRESSPIASR	9,Phospho[P];	QGSGRESSPLASR	8,Phospho[S];	QGSGRESPSIASR	8,Phospho[P];
20150615_HepG2_Phos_control_70ug_1.11357.11357.2.9.dta	QGSGRESPSLASR	12,Phospho[S];	0.000000	2.971512	0.060000	0.064390	-1.706945	-0.033333	-0.028955	0.9230769230769231	[0, 0, 0, 0, 0, 0, 0, 0, 0, 0, 0, 0, 0, 0, 0, 0, 0, 0, 1, 0, 0, 0, 0, 0, 0, 0]	[0, 0, 1, 0, 0]	QGSGRESPISASR	9,Phospho[I];	QGSGRESPSIASR	10,Phospho[I];	QGSGRESPSIASR	10,Phospho[I];
20150615_HepG2_Phos_control_70ug_1.11357.11357.2.9.dta	QGSGRESPSLASR	11,Phospho[A];	-1.000000	4.021426	0.080000	0.080914	-0.657031	-0.013333	-0.012431	0.8461538461538461	[1, 0, 0, 0, 0, 0, 0, 0, 0, 0, 0, 0, 0, 0, 0, 0, 0, 0, 0, 0, 0, 0, 0, 0, 0, 0]	[0, 0, 1, 0, 0]	QGSGRESPSLARS	10,Phospho[L];	QGSGRESPSIARS	10,Phospho[I];	QGSGRESPSIASR	10,Phospho[I];
20150615_HepG2_Phos_control_70ug_1.11357.11357.2.9.dta	QGSGRESPSLASR	13,Phospho[R];	-1.000000	2.971512	0.060000	0.064390	-1.451326	-0.020000	-0.016524	1.0	[0, 0, 0, 0, 0, 0, 0, 0, 0, 0, 0, 0, 0, 0, 0, 0, 0, 1, 0, 0, 0, 0, 0, 0, 0, 0]	[0, 0, 1, 0, 0]	QGSGRESPSGNKK	12,Phospho[K];	QGSGRESPSAISR	10,Phospho[A];	QGSGRESPSAISR	10,Phospho[A];
20150615_HepG2_Phos_control_70ug_1.11357.11357.2.9.dta	QGSGRESPSLASR	2,Phospho[G];	-1.000000	4.802316	0.080000	0.094120	-0.628639	-0.006667	-0.007811	0.15384615384615385	[0, 0, 0, 0, 0, 0, 1, 0, 0, 0, 0, 0, 0, 0, 0, 0, 0, 0, 0, 0, 0, 0, 0, 0, 0, 0]	[0, 0, 1, 0, 0]	ANGSRESPSLASR	4,Phospho[S];	ANGSRESPSLASR	4,Phospho[S];	ANGSRESPSLASR	4,Phospho[S];
20150615_HepG2_Phos_control_70ug_1.11357.11357.2.9.dta	QGSGRESPSLASR	7,Phospho[S];	-1.000000	5.444821	0.093333	0.100710	-0.416540	0.000000	0.001489	0.5384615384615384	[0, 0, 0, 0, 0, 0, 0, 0, 0, 0, 0, 0, 0, 0, 0, 0, 0, 0, 1, 0, 0, 0, 0, 0, 0, 0]	[0, 0, 1, 0, 0]	QGSGRESPSLASR	6,Phospho[E];	QGSDARSPSLASR	5,Phospho[A];	QGSDRGTPSLASR	6,Phospho[G];
20150615_HepG2_Phos_control_70ug_1.11367.11367.3.6.dta	LRSPSNDSAHR	3,Phospho[S];	1.000000	15.850909	0.220000	0.282404	0.898824	0.013333	0.017864	0.2727272727272727	[0, 0, 0, 0, 0, 0, 0, 0, 0, 0, 0, 0, 0, 0, 0, 0, 0, 0, 1, 0, 0, 0, 0, 0, 0, 0]	[0, 0, 1, 0, 0]	RISPSNDSAHR	4,Phospho[P];	RIPSSNDSAHR	4,Phospho[S];	RIPSSNDSAHR	4,Phospho[S];
20150615_HepG2_Phos_control_70ug_1.11367.11367.3.6.dta	LRSPSNDSAHR	5,Phospho[S];	0.000000	14.202670	0.193333	0.253815	-0.721322	-0.006667	-0.005810	0.45454545454545453	[0, 0, 0, 0, 0, 0, 0, 0, 0, 0, 0, 0, 0, 0, 0, 0, 0, 0, 1, 0, 0, 0, 0, 0, 0, 0]	[0, 0, 1, 0, 0]	LREAANDSAHR	3,Phospho[E];	LRAEANDSAHR	4,Phospho[E];	LREAANDSAHR	3,Phospho[E];
20150615_HepG2_Phos_control_70ug_1.11367.11367.3.6.dta	LRSPSNDSAHR	8,Phospho[S];	0.000000	8.179839	0.093333	0.126590	-2.905709	-0.053333	-0.076757	0.7272727272727273	[0, 0, 0, 0, 0, 0, 0, 0, 0, 0, 0, 0, 0, 0, 0, 0, 0, 0, 1, 0, 0, 0, 0, 0, 0, 0]	[0, 0, 1, 0, 0]	LRSPNSDSAHR	5,Phospho[N];	LRSPSNDSAHR	6,Phospho[N];	LRSPNSDSAHR	6,Phospho[S];
20150615_HepG2_Phos_control_70ug_1.11367.11367.3.6.dta	LRSPSNDSAHR	10,Phospho[H];	-1.000000	4.683671	0.046667	0.057327	-1.839366	-0.040000	-0.056498	0.9090909090909091	[0, 0, 0, 0, 0, 0, 0, 1, 0, 0, 0, 0, 0, 0, 0, 0, 0, 0, 0, 0, 0, 0, 0, 0, 0, 0]	[0, 0, 1, 0, 0]	LRSPSNDHASR	7,Phospho[D];	LRSPSNDHASR	7,Phospho[D];	LRSPSNDAHSR	7,Phospho[D];
20150615_HepG2_Phos_control_70ug_1.11367.11367.3.6.dta	LRSPSNDSAHR	11,Phospho[R];	-1.000000	4.712347	0.073333	0.079973	-1.738499	0.006667	-0.009479	1.0	[0, 0, 0, 0, 0, 0, 0, 0, 0, 0, 0, 0, 0, 0, 0, 0, 0, 1, 0, 0, 0, 0, 0, 0, 0, 0]	[0, 0, 1, 0, 0]	LRSPSNDASRH	9,Phospho[S];	LRSPSNDASRH	9,Phospho[S];	LRSPSNDASRH	9,Phospho[S];
20150615_HepG2_Phos_control_70ug_1.11367.11367.3.6.dta	LRSPSNDSAHR	2,Phospho[R];	-1.000000	14.161169	0.200000	0.249399	-0.790917	-0.006667	-0.015141	0.18181818181818182	[0, 0, 0, 0, 0, 0, 0, 0, 0, 0, 0, 0, 0, 0, 0, 0, 0, 1, 0, 0, 0, 0, 0, 0, 0, 0]	[0, 0, 1, 0, 0]	RIPSSNDSAHR	4,Phospho[S];	RIPSSNDSAHR	4,Phospho[S];	LRSPSNDSAHR	4,Phospho[P];
20150615_HepG2_Phos_control_70ug_1.12586.12586.3.3.dta	DGLAPEKTSPDRDK	8,Phospho[T];	1.000000	12.377675	0.140000	0.162907	-0.826293	0.006667	0.011856	0.5714285714285714	[0, 0, 0, 0, 0, 0, 0, 0, 0, 0, 0, 0, 0, 0, 0, 0, 0, 0, 0, 1, 0, 0, 0, 0, 0, 0]	[0, 0, 1, 0, 0]	DGLAEPKTSPDRDK	7,Phospho[K];	DGLAPEKTSPDRDK	5,Phospho[P];	DGLAPEKTSPDRDK	5,Phospho[P];
20150615_HepG2_Phos_control_70ug_1.12586.12586.3.3.dta	DGLAPEKTSPDRDK	9,Phospho[S];	0.000000	10.630862	0.120000	0.142029	-1.940481	-0.006667	-0.007369	0.6428571428571429	[0, 0, 0, 0, 0, 0, 0, 0, 0, 0, 0, 0, 0, 0, 0, 0, 0, 0, 1, 0, 0, 0, 0, 0, 0, 0]	[0, 0, 1, 0, 0]	DGLAPGSLTSPDRDK	8,Phospho[L];	DGLAPASVTSPDRDK	7,Phospho[S];	DGLAPETSKPDRDK	8,Phospho[S];
20150615_HepG2_Phos_control_70ug_1.12586.12586.3.3.dta	DGLAPEKTSPDRDK	2,Phospho[G];	-1.000000	9.828071	0.126667	0.154983	-3.324279	-0.006667	-0.003477	0.14285714285714285	[0, 0, 0, 0, 0, 0, 1, 0, 0, 0, 0, 0, 0, 0, 0, 0, 0, 0, 0, 0, 0, 0, 0, 0, 0, 0]	[0, 0, 1, 0, 0]	DGIAPEKTSPDRDK	4,Phospho[A];	DIGAPEKTSPDRDK	5,Phospho[P];	TPTGPEKTSPDRDK	4,Phospho[G];
20150615_HepG2_Phos_control_70ug_1.13073.13073.2.9.dta	KLSDDPCPVESK	3,Phospho[S];7,Carbamidomethyl[C];	1.000000	8.950216	0.173333	0.173555	0.383814	0.013333	0.017082	0.25	[0, 0, 0, 0, 0, 0, 0, 0, 0, 0, 0, 0, 0, 0, 0, 0, 0, 0, 1, 0, 0, 0, 0, 0, 0, 0]	[0, 0, 1, 0, 0]	ESKVDPCPVESK	4,Phospho[V];7,Carbamidomethyl[C];	SDKIDPCPVESK	3,Phospho[K];7,Carbamidomethyl[C];	SDKIDPCPVESK	3,Phospho[K];7,Carbamidomethyl[C];
20150615_HepG2_Phos_control_70ug_1.13073.13073.2.9.dta	KLSDDPCPVESK	7,Carbamidomethyl[C];11,Phospho[S];	0.000000	0.900327	0.086667	0.069478	-0.735150	0.020000	0.016117	0.9166666666666666	[0, 0, 0, 0, 0, 0, 0, 0, 0, 0, 0, 0, 0, 0, 0, 0, 0, 0, 1, 0, 0, 0, 0, 0, 0, 0]	[0, 0, 1, 0, 0]	KLSDDPCPSDKI	7,Carbamidomethyl[C];12,Phospho[I];	KLSDDPCPDSKI	7,Carbamidomethyl[C];11,Phospho[K];	KLSDDPCPDSKI	7,Carbamidomethyl[C];11,Phospho[K];
20150615_HepG2_Phos_control_70ug_1.13073.13073.2.9.dta	KLSDDPCPVESK	7,Carbamidomethyl[C];9,Phospho[V];	-1.000000	3.977269	0.093333	0.084697	-0.364900	0.006667	0.003569	0.75	[0, 0, 0, 0, 0, 0, 0, 0, 0, 0, 0, 0, 0, 0, 0, 0, 0, 0, 0, 0, 0, 1, 0, 0, 0, 0]	[0, 0, 1, 0, 0]	KLSDDAPPMGESK	10,Phospho[G];	KLSDDPAPMGESK	9,Phospho[M];	KLSDDPVCPESK	8,Carbamidomethyl[C];9,Phospho[P];
20150615_HepG2_Phos_control_70ug_1.13073.13073.2.9.dta	KLSDDPCPVESK	3,Phospho[S];7,Carbamidomethyl[C];	-1.000000	8.950216	0.173333	0.173555	0.383814	0.013333	0.017082	0.25	[0, 0, 0, 0, 0, 0, 0, 0, 0, 0, 0, 0, 0, 0, 0, 0, 0, 0, 1, 0, 0, 0, 0, 0, 0, 0]	[0, 0, 1, 0, 0]	ESKVDPCPVESK	4,Phospho[V];7,Carbamidomethyl[C];	SDKIDPCPVESK	3,Phospho[K];7,Carbamidomethyl[C];	SDKIDPCPVESK	3,Phospho[K];7,Carbamidomethyl[C];
20150615_HepG2_Phos_control_70ug_1.13624.13624.3.1.dta	KGPGQPSSPQRLDR	7,Phospho[S];	0.000000	4.386057	0.073333	0.091307	-1.039732	-0.013333	-0.006612	0.5	[0, 0, 0, 0, 0, 0, 0, 0, 0, 0, 0, 0, 0, 0, 0, 0, 0, 0, 1, 0, 0, 0, 0, 0, 0, 0]	[0, 0, 1, 0, 0]	KGPGQVGDPQRLDR	6,Phospho[V];	KGPGAGVGDPQRLDR	7,Phospho[V];	KGPGAGVGDPQRLDR	7,Phospho[V];
20150615_HepG2_Phos_control_70ug_1.13624.13624.3.1.dta	KGPGQPSSPQRLDR	8,Phospho[S];	1.000000	4.386057	0.073333	0.091307	-1.238696	-0.013333	-0.006612	0.5714285714285714	[0, 0, 0, 0, 0, 0, 0, 0, 0, 0, 0, 0, 0, 0, 0, 0, 0, 0, 1, 0, 0, 0, 0, 0, 0, 0]	[0, 0, 1, 0, 0]	KGPGQPSNPRTLDR	10,Phospho[R];	KGPGAGVGDPQRLDR	8,Phospho[G];	KGPGAGGVDPQRLDR	8,Phospho[V];
20150615_HepG2_Phos_control_70ug_1.13624.13624.3.1.dta	KGPGQPSSPQRLDR	2,Phospho[G];	-1.000000	6.769609	0.086667	0.113324	1.596877	0.006667	0.009705	0.14285714285714285	[0, 0, 0, 0, 0, 0, 1, 0, 0, 0, 0, 0, 0, 0, 0, 0, 0, 0, 0, 0, 0, 0, 0, 0, 0, 0]	[0, 0, 1, 0, 0]	KPGANPSSPQRLDR	2,Phospho[P];	KGPNAPSSPQRLDR	3,Phospho[P];	KPGNAPSSPQRLDR	2,Phospho[P];
20150615_HepG2_Phos_control_70ug_1.13624.13624.3.1.dta	KGPGQPSSPQRLDR	1,Phospho[K];	-1.000000	7.881984	0.100000	0.139933	3.080644	0.033333	0.043533	0.07142857142857142	[0, 0, 0, 0, 0, 0, 0, 0, 0, 0, 1, 0, 0, 0, 0, 0, 0, 0, 0, 0, 0, 0, 0, 0, 0, 0]	[0, 0, 1, 0, 0]	GKGPQPSSPQRLDR	1,Phospho[G];	GKGPQPSSPQRLDR	1,Phospho[G];	KPGGQPSSPQRLDR	3,Phospho[G];
20150615_HepG2_Phos_control_70ug_1.13995.13995.2.8.dta	PAGPAGDEPAESPSETPGPR	12,Phospho[S];	1.000000	11.693330	0.233333	0.279186	-0.504821	0.006667	0.008781	0.6	[0, 0, 0, 0, 0, 0, 0, 0, 0, 0, 0, 0, 0, 0, 0, 0, 0, 0, 1, 0, 0, 0, 0, 0, 0, 0]	[0, 0, 0, 1, 0]	PAGPAGDETPEGPSETPGPR	12,Phospho[G];	PAGPAGDEPGETPSETPGPR	11,Phospho[E];	PAGPAGDEPTGEPSETPGPR	12,Phospho[E];
20150615_HepG2_Phos_control_70ug_1.13995.13995.2.8.dta	PAGPAGDEPAESPSETPGPR	14,Phospho[S];	0.000000	10.211131	0.220000	0.251379	-1.474846	-0.020000	-0.013247	0.7	[0, 0, 0, 0, 0, 0, 0, 0, 0, 0, 0, 0, 0, 0, 0, 0, 0, 0, 1, 0, 0, 0, 0, 0, 0, 0]	[0, 0, 0, 1, 0]	PAGPAGDEPASESPETPGPR	12,Phospho[E];	PAGPAGDEPAEVGDETPGPR	13,Phospho[G];	PAGPAGDEPADIGDETPGPR	14,Phospho[D];
20150615_HepG2_Phos_control_70ug_1.13995.13995.2.8.dta	PAGPAGDEPAESPSETPGPR	16,Phospho[T];	0.000000	8.738604	0.213333	0.238141	-0.878851	0.000000	-0.008373	0.8	[0, 0, 0, 0, 0, 0, 0, 0, 0, 0, 0, 0, 0, 0, 0, 0, 0, 0, 0, 1, 0, 0, 0, 0, 0, 0]	[0, 0, 0, 1, 0]	PAGPAGDEPAESPDTTPGPR	15,Phospho[T];	PAGPAGDEPAESPDTTPGPR	15,Phospho[T];	PAGPAGDEPAESPTDTPGPR	15,Phospho[D];
20150615_HepG2_Phos_control_70ug_1.13995.13995.2.8.dta	PAGPAGDEPAESPSETPGPR	3,Phospho[G];	-1.000000	7.088383	0.160000	0.225338	-1.370500	0.013333	0.016634	0.15	[0, 0, 0, 0, 0, 0, 1, 0, 0, 0, 0, 0, 0, 0, 0, 0, 0, 0, 0, 0, 0, 0, 0, 0, 0, 0]	[0, 0, 0, 1, 0]	PAGGPADEPAESPSETPGPR	6,Phospho[A];	PAGAGPDEPAESPSETPGPR	6,Phospho[P];	PAGPAGDEPAESPSETPGPR	5,Phospho[A];
20150615_HepG2_Phos_control_70ug_1.13995.13995.2.8.dta	PAGPAGDEPAESPSETPGPR	9,Phospho[P];	-1.000000	11.687568	0.226667	0.274369	-0.510583	0.000000	0.003028	0.45	[0, 0, 0, 0, 0, 0, 0, 0, 0, 0, 0, 0, 0, 0, 0, 1, 0, 0, 0, 0, 0, 0, 0, 0, 0, 0]	[0, 0, 0, 1, 0]	PAGPAGDETPEGPSETPGPR	12,Phospho[G];	PAGPAGDEPGETPSETPGPR	11,Phospho[E];	PAGPAGDEPGTEPSETPGPR	12,Phospho[E];
20150615_HepG2_Phos_control_70ug_1.14176.14176.3.7.dta	DGARPDVTESESGSPEYR	8,Phospho[T];	0.000000	13.103331	0.153333	0.214978	-1.753083	-0.020000	-0.023544	0.4444444444444444	[0, 0, 0, 0, 0, 0, 0, 0, 0, 0, 0, 0, 0, 0, 0, 0, 0, 0, 0, 1, 0, 0, 0, 0, 0, 0]	[0, 0, 0, 1, 0]	DGARPDVTSEESGSPEYR	9,Phospho[S];	DGARPDTVESESGSPEYR	10,Phospho[S];	DGARPDVTESESGSPEYR	9,Phospho[E];
20150615_HepG2_Phos_control_70ug_1.14176.14176.3.7.dta	DGARPDVTESESGSPEYR	10,Phospho[S];	0.000000	15.700436	0.186667	0.250271	0.844022	0.013333	0.011749	0.5555555555555556	[0, 0, 0, 0, 0, 0, 0, 0, 0, 0, 0, 0, 0, 0, 0, 0, 0, 0, 1, 0, 0, 0, 0, 0, 0, 0]	[0, 0, 0, 1, 0]	DGARPDVTSEESGSPEYR	9,Phospho[S];	DGARPDVTDTESGSPEYR	9,Phospho[D];	DGARPDVTTDESGSPEYR	9,Phospho[T];
20150615_HepG2_Phos_control_70ug_1.14176.14176.3.7.dta	DGARPDVTESESGSPEYR	12,Phospho[S];	1.000000	15.850949	0.206667	0.255077	0.994535	0.026667	0.013050	0.6666666666666666	[0, 0, 0, 0, 0, 0, 0, 0, 0, 0, 0, 0, 0, 0, 0, 0, 0, 0, 1, 0, 0, 0, 0, 0, 0, 0]	[0, 0, 0, 1, 0]	DGARPDVTDTESGSPEYR	9,Phospho[D];	DGARPDVTTDESGSPEYR	10,Phospho[D];	DGARPDVTESSEGSPEYR	11,Phospho[S];
20150615_HepG2_Phos_control_70ug_1.14176.14176.3.7.dta	DGARPDVTESESGSPEYR	14,Phospho[S];	0.000000	13.159346	0.186667	0.217398	-0.709656	0.000000	-0.024630	0.7777777777777778	[0, 0, 0, 0, 0, 0, 0, 0, 0, 0, 0, 0, 0, 0, 0, 0, 0, 0, 1, 0, 0, 0, 0, 0, 0, 0]	[0, 0, 0, 1, 0]	DGARPDVTESTDGSPEYR	12,Phospho[D];	DGARPDVTESDTGSPEYR	12,Phospho[T];	DGARPDVTESDTGSPEYR	11,Phospho[D];
20150615_HepG2_Phos_control_70ug_1.14176.14176.3.7.dta	DGARPDVTESESGSPEYR	17,Phospho[Y];	0.000000	9.719506	0.153333	0.168955	-1.635146	0.000000	-0.006478	0.9444444444444444	[0, 0, 0, 0, 0, 0, 0, 0, 0, 0, 0, 0, 0, 0, 0, 0, 0, 0, 0, 0, 0, 0, 0, 0, 1, 0]	[0, 0, 0, 1, 0]	DGARPDVTESESGDTPYR	14,Phospho[D];	DGARPDVTESESGPSEYR	15,Phospho[S];	DGARPDVTESESGPSEYR	14,Phospho[P];
20150615_HepG2_Phos_control_70ug_1.14176.14176.3.7.dta	DGARPDVTESESGSPEYR	13,Phospho[G];	-1.000000	13.980042	0.193333	0.224865	-0.279968	0.006667	0.000000	0.7222222222222222	[0, 0, 0, 0, 0, 0, 1, 0, 0, 0, 0, 0, 0, 0, 0, 0, 0, 0, 0, 0, 0, 0, 0, 0, 0, 0]	[0, 0, 0, 1, 0]	DGARPDVTEESSGSPEYR	11,Phospho[S];	DGARPDVTESGTDSPEYR	11,Phospho[G];	DGARPDVTESEGSSPEYR	13,Phospho[S];
20150615_HepG2_Phos_control_70ug_1.14176.14176.3.7.dta	DGARPDVTESESGSPEYR	17,Phospho[Y];	-1.000000	9.719506	0.153333	0.168955	-1.635146	0.000000	-0.006478	0.9444444444444444	[0, 0, 0, 0, 0, 0, 0, 0, 0, 0, 0, 0, 0, 0, 0, 0, 0, 0, 0, 0, 0, 0, 0, 0, 1, 0]	[0, 0, 0, 1, 0]	DGARPDVTESESGDTPYR	14,Phospho[D];	DGARPDVTESESGPSEYR	15,Phospho[S];	DGARPDVTESESGPSEYR	14,Phospho[P];
20150615_HepG2_Phos_control_70ug_1.14176.14176.3.7.dta	DGARPDVTESESGSPEYR	6,Phospho[D];	-1.000000	11.153047	0.126667	0.171893	-2.080401	-0.026667	-0.041808	0.3333333333333333	[0, 0, 0, 1, 0, 0, 0, 0, 0, 0, 0, 0, 0, 0, 0, 0, 0, 0, 0, 0, 0, 0, 0, 0, 0, 0]	[0, 0, 0, 1, 0]	DGARPTDVESESGSPEYR	9,Phospho[E];	DGARPDVETSESGSPEYR	8,Phospho[E];	DGARPVSEESESGSPEYR	9,Phospho[E];
20150615_HepG2_Phos_control_70ug_1.14176.14176.3.7.dta	DGARPDVTESESGSPEYR	3,Phospho[A];	-1.000000	9.484265	0.120000	0.160771	-0.805554	0.000000	0.000000	0.16666666666666666	[1, 0, 0, 0, 0, 0, 0, 0, 0, 0, 0, 0, 0, 0, 0, 0, 0, 0, 0, 0, 0, 0, 0, 0, 0, 0]	[0, 0, 0, 1, 0]	DGRAPDVTESESGSPEYR	5,Phospho[P];	DGRAPDVTESESGSPEYR	5,Phospho[P];	DPQRDVTESESGSPEYR	4,Phospho[R];
20150615_HepG2_Phos_control_70ug_1.14176.14176.3.7.dta	DGARPDVTESESGSPEYR	5,Phospho[P];	-1.000000	10.289819	0.120000	0.162405	-1.860402	-0.020000	-0.035032	0.2777777777777778	[0, 0, 0, 0, 0, 0, 0, 0, 0, 0, 0, 0, 0, 0, 0, 1, 0, 0, 0, 0, 0, 0, 0, 0, 0, 0]	[0, 0, 0, 1, 0]	DGARPDVTESESGSPEYR	7,Phospho[V];	DGARPDTVESESGSPEYR	8,Phospho[V];	DGARPDSIESESGSPEYR	7,Phospho[S];
20150615_HepG2_Phos_control_70ug_1.14313.14313.3.1.dta	HHNSTAELQK	4,Phospho[S];	1.000000	7.706710	0.140000	0.192708	0.319549	0.020000	0.031777	0.4	[0, 0, 0, 0, 0, 0, 0, 0, 0, 0, 0, 0, 0, 0, 0, 0, 0, 0, 1, 0, 0, 0, 0, 0, 0, 0]	[0, 1, 0, 0, 0]	HNHTSAELQK	4,Phospho[T];	HNHTSAELQK	4,Phospho[T];	HHSNTAELQK	4,Phospho[N];
20150615_HepG2_Phos_control_70ug_1.14313.14313.3.1.dta	HHNSTAELQK	5,Phospho[T];	0.000000	8.271319	0.153333	0.202644	0.884159	0.026667	0.027962	0.5	[0, 0, 0, 0, 0, 0, 0, 0, 0, 0, 0, 0, 0, 0, 0, 0, 0, 0, 0, 1, 0, 0, 0, 0, 0, 0]	[0, 1, 0, 0, 0]	HNHTSAELQK	4,Phospho[T];	HHSSQAELQK	5,Phospho[Q];	HHSSQAELQK	5,Phospho[Q];
20150615_HepG2_Phos_control_70ug_1.14313.14313.3.1.dta	HHNSTAELQK	10,Phospho[K];	-1.000000	3.981229	0.100000	0.119360	-0.813157	0.020000	0.000149	1.0	[0, 0, 0, 0, 0, 0, 0, 0, 0, 0, 1, 0, 0, 0, 0, 0, 0, 0, 0, 0, 0, 0, 0, 0, 0, 0]	[0, 1, 0, 0, 0]	HHNSTALEKQ	7,Phospho[L];	HHNSTALAIGSG	7,Phospho[L];	HHNSTALEQK	7,Phospho[L];
20150615_HepG2_Phos_control_70ug_1.16817.16817.2.6.dta	LSSSDRYSDASDDSFSEPR	2,Phospho[S];3,Phospho[S];4,Phospho[S];	0.000000	6.184198	0.086667	0.105081	0.000000	0.000000	0.000000	0.10526315789473684	[0, 0, 0, 0, 0, 0, 0, 0, 0, 0, 0, 0, 0, 0, 0, 0, 0, 0, 1, 0, 0, 0, 0, 0, 0, 0]	[0, 0, 0, 1, 0]	SSLSDRYSDASDDSFSEPR	4,Phospho[S];1,Phospho[S];2,Phospho[S];	SSLSDRYSDASDDSFSEPR	4,Phospho[S];1,Phospho[S];2,Phospho[S];	SSLSDRYSDASDDSFSEPR	4,Phospho[S];1,Phospho[S];2,Phospho[S];
20150615_HepG2_Phos_control_70ug_1.16817.16817.2.6.dta	LSSSDRYSDASDDSFSEPR	2,Phospho[S];3,Phospho[S];4,Phospho[S];	0.000000	6.184198	0.086667	0.105081	0.000000	0.000000	0.000000	0.15789473684210525	[0, 0, 0, 0, 0, 0, 0, 0, 0, 0, 0, 0, 0, 0, 0, 0, 0, 0, 1, 0, 0, 0, 0, 0, 0, 0]	[0, 0, 0, 1, 0]	SSLSDRYSDASDDSFSEPR	4,Phospho[S];1,Phospho[S];2,Phospho[S];	SSLSDRYSDASDDSFSEPR	4,Phospho[S];1,Phospho[S];2,Phospho[S];	SSLSDRYSDASDDSFSEPR	4,Phospho[S];1,Phospho[S];2,Phospho[S];
20150615_HepG2_Phos_control_70ug_1.16817.16817.2.6.dta	LSSSDRYSDASDDSFSEPR	2,Phospho[S];3,Phospho[S];4,Phospho[S];	0.000000	6.184198	0.086667	0.105081	0.000000	0.000000	0.000000	0.21052631578947367	[0, 0, 0, 0, 0, 0, 0, 0, 0, 0, 0, 0, 0, 0, 0, 0, 0, 0, 1, 0, 0, 0, 0, 0, 0, 0]	[0, 0, 0, 1, 0]	SSLSDRYSDASDDSFSEPR	4,Phospho[S];1,Phospho[S];2,Phospho[S];	SSLSDRYSDASDDSFSEPR	4,Phospho[S];1,Phospho[S];2,Phospho[S];	SSLSDRYSDASDDSFSEPR	4,Phospho[S];1,Phospho[S];2,Phospho[S];
20150615_HepG2_Phos_control_70ug_1.16817.16817.2.6.dta	LSSSDRYSDASDDSFSEPR	2,Phospho[S];3,Phospho[S];7,Phospho[Y];	0.000000	6.184198	0.086667	0.105081	0.000000	0.000000	0.000000	0.10526315789473684	[0, 0, 0, 0, 0, 0, 0, 0, 0, 0, 0, 0, 0, 0, 0, 0, 0, 0, 1, 0, 0, 0, 0, 0, 0, 0]	[0, 0, 0, 1, 0]	SSLSDRYSDASDDSFSEPR	4,Phospho[S];1,Phospho[S];7,Phospho[Y];	SSLSDRYSDASDDSFSEPR	4,Phospho[S];1,Phospho[S];7,Phospho[Y];	SSLSDRYSDASDDSFSEPR	4,Phospho[S];1,Phospho[S];7,Phospho[Y];
20150615_HepG2_Phos_control_70ug_1.16817.16817.2.6.dta	LSSSDRYSDASDDSFSEPR	2,Phospho[S];3,Phospho[S];7,Phospho[Y];	0.000000	6.184198	0.086667	0.105081	0.000000	0.000000	0.000000	0.15789473684210525	[0, 0, 0, 0, 0, 0, 0, 0, 0, 0, 0, 0, 0, 0, 0, 0, 0, 0, 1, 0, 0, 0, 0, 0, 0, 0]	[0, 0, 0, 1, 0]	SSLSDRYSDASDDSFSEPR	4,Phospho[S];1,Phospho[S];7,Phospho[Y];	SSLSDRYSDASDDSFSEPR	4,Phospho[S];1,Phospho[S];7,Phospho[Y];	SSLSDRYSDASDDSFSEPR	4,Phospho[S];1,Phospho[S];7,Phospho[Y];
20150615_HepG2_Phos_control_70ug_1.16817.16817.2.6.dta	LSSSDRYSDASDDSFSEPR	2,Phospho[S];3,Phospho[S];7,Phospho[Y];	0.000000	6.184198	0.086667	0.105081	-0.379925	-0.006667	-0.002966	0.3684210526315789	[0, 0, 0, 0, 0, 0, 0, 0, 0, 0, 0, 0, 0, 0, 0, 0, 0, 0, 0, 0, 0, 0, 0, 0, 1, 0]	[0, 0, 0, 1, 0]	LSSSDDYSRASDDSFSEPR	2,Phospho[S];3,Phospho[S];8,Phospho[S];	LSSSDYDRSASDDSFSEPR	2,Phospho[S];3,Phospho[S];9,Phospho[S];	LSSSDPTHADASDDSFSEPR	2,Phospho[S];3,Phospho[S];6,Phospho[P];
20150615_HepG2_Phos_control_70ug_1.16817.16817.2.6.dta	LSSSDRYSDASDDSFSEPR	2,Phospho[S];3,Phospho[S];8,Phospho[S];	0.000000	6.184198	0.086667	0.105081	0.000000	0.000000	0.000000	0.10526315789473684	[0, 0, 0, 0, 0, 0, 0, 0, 0, 0, 0, 0, 0, 0, 0, 0, 0, 0, 1, 0, 0, 0, 0, 0, 0, 0]	[0, 0, 0, 1, 0]	SSLSDRYSDASDDSFSEPR	4,Phospho[S];1,Phospho[S];8,Phospho[S];	SSLSDRYSDASDDSFSEPR	4,Phospho[S];1,Phospho[S];8,Phospho[S];	SSLSDRYSDASDDSFSEPR	4,Phospho[S];1,Phospho[S];8,Phospho[S];
20150615_HepG2_Phos_control_70ug_1.16817.16817.2.6.dta	LSSSDRYSDASDDSFSEPR	2,Phospho[S];3,Phospho[S];8,Phospho[S];	0.000000	6.184198	0.086667	0.105081	0.000000	0.000000	0.000000	0.15789473684210525	[0, 0, 0, 0, 0, 0, 0, 0, 0, 0, 0, 0, 0, 0, 0, 0, 0, 0, 1, 0, 0, 0, 0, 0, 0, 0]	[0, 0, 0, 1, 0]	SSLSDRYSDASDDSFSEPR	4,Phospho[S];1,Phospho[S];8,Phospho[S];	SSLSDRYSDASDDSFSEPR	4,Phospho[S];1,Phospho[S];8,Phospho[S];	SSLSDRYSDASDDSFSEPR	4,Phospho[S];1,Phospho[S];8,Phospho[S];
20150615_HepG2_Phos_control_70ug_1.16817.16817.2.6.dta	LSSSDRYSDASDDSFSEPR	2,Phospho[S];3,Phospho[S];8,Phospho[S];	0.000000	6.184198	0.086667	0.105081	-0.379925	-0.006667	-0.002966	0.42105263157894735	[0, 0, 0, 0, 0, 0, 0, 0, 0, 0, 0, 0, 0, 0, 0, 0, 0, 0, 1, 0, 0, 0, 0, 0, 0, 0]	[0, 0, 0, 1, 0]	LSSSDDYSRASDDSFSEPR	2,Phospho[S];3,Phospho[S];8,Phospho[S];	LSSSDYDRSASDDSFSEPR	2,Phospho[S];3,Phospho[S];9,Phospho[S];	LSSSDPTHADASDDSFSEPR	2,Phospho[S];3,Phospho[S];6,Phospho[P];
20150615_HepG2_Phos_control_70ug_1.16817.16817.2.6.dta	LSSSDRYSDASDDSFSEPR	2,Phospho[S];3,Phospho[S];11,Phospho[S];	0.000000	6.184198	0.086667	0.105081	0.000000	0.000000	0.000000	0.10526315789473684	[0, 0, 0, 0, 0, 0, 0, 0, 0, 0, 0, 0, 0, 0, 0, 0, 0, 0, 1, 0, 0, 0, 0, 0, 0, 0]	[0, 0, 0, 1, 0]	SSLSDRYSDASDDSFSEPR	4,Phospho[S];1,Phospho[S];11,Phospho[S];	SSLSDRYSDASDDSFSEPR	4,Phospho[S];1,Phospho[S];11,Phospho[S];	SSLSDRYSDASDDSFSEPR	4,Phospho[S];1,Phospho[S];11,Phospho[S];
20150615_HepG2_Phos_control_70ug_1.16817.16817.2.6.dta	LSSSDRYSDASDDSFSEPR	2,Phospho[S];3,Phospho[S];11,Phospho[S];	0.000000	6.184198	0.086667	0.105081	0.000000	0.000000	0.000000	0.15789473684210525	[0, 0, 0, 0, 0, 0, 0, 0, 0, 0, 0, 0, 0, 0, 0, 0, 0, 0, 1, 0, 0, 0, 0, 0, 0, 0]	[0, 0, 0, 1, 0]	SSLSDRYSDASDDSFSEPR	4,Phospho[S];1,Phospho[S];11,Phospho[S];	SSLSDRYSDASDDSFSEPR	4,Phospho[S];1,Phospho[S];11,Phospho[S];	SSLSDRYSDASDDSFSEPR	4,Phospho[S];1,Phospho[S];11,Phospho[S];
20150615_HepG2_Phos_control_70ug_1.16817.16817.2.6.dta	LSSSDRYSDASDDSFSEPR	2,Phospho[S];3,Phospho[S];11,Phospho[S];	0.000000	6.184198	0.086667	0.105081	-0.841173	-0.006667	-0.008855	0.5789473684210527	[0, 0, 0, 0, 0, 0, 0, 0, 0, 0, 0, 0, 0, 0, 0, 0, 0, 0, 1, 0, 0, 0, 0, 0, 0, 0]	[0, 0, 0, 1, 0]	LSSSDRYSPCGMDSFSEPR	2,Phospho[S];3,Phospho[S];9,Phospho[P];	LSSSDRYSPCGMDSFSEPR	2,Phospho[S];3,Phospho[S];9,Phospho[P];	LSSSDRYSDSADDSFSEPR	2,Phospho[S];3,Phospho[S];13,Phospho[D];
20150615_HepG2_Phos_control_70ug_1.16817.16817.2.6.dta	LSSSDRYSDASDDSFSEPR	2,Phospho[S];3,Phospho[S];14,Phospho[S];	0.000000	6.180635	0.093333	0.100223	0.000000	0.000000	0.000000	0.10526315789473684	[0, 0, 0, 0, 0, 0, 0, 0, 0, 0, 0, 0, 0, 0, 0, 0, 0, 0, 1, 0, 0, 0, 0, 0, 0, 0]	[0, 0, 0, 1, 0]	SSLSDRYSDASDDSFSEPR	4,Phospho[S];1,Phospho[S];14,Phospho[S];	SSLSDRYSDASDDSFSEPR	4,Phospho[S];1,Phospho[S];14,Phospho[S];	SSLSDRYSDASDDSFSEPR	4,Phospho[S];1,Phospho[S];14,Phospho[S];
20150615_HepG2_Phos_control_70ug_1.16817.16817.2.6.dta	LSSSDRYSDASDDSFSEPR	2,Phospho[S];3,Phospho[S];14,Phospho[S];	0.000000	6.180635	0.093333	0.100223	0.000000	0.000000	0.000000	0.15789473684210525	[0, 0, 0, 0, 0, 0, 0, 0, 0, 0, 0, 0, 0, 0, 0, 0, 0, 0, 1, 0, 0, 0, 0, 0, 0, 0]	[0, 0, 0, 1, 0]	SSLSDRYSDASDDSFSEPR	4,Phospho[S];1,Phospho[S];14,Phospho[S];	SSLSDRYSDASDDSFSEPR	4,Phospho[S];1,Phospho[S];14,Phospho[S];	SSLSDRYSDASDDSFSEPR	4,Phospho[S];1,Phospho[S];14,Phospho[S];
20150615_HepG2_Phos_control_70ug_1.16817.16817.2.6.dta	LSSSDRYSDASDDSFSEPR	2,Phospho[S];3,Phospho[S];14,Phospho[S];	0.000000	6.180635	0.093333	0.100223	0.427900	0.006667	0.004461	0.7368421052631579	[0, 0, 0, 0, 0, 0, 0, 0, 0, 0, 0, 0, 0, 0, 0, 0, 0, 0, 1, 0, 0, 0, 0, 0, 0, 0]	[0, 0, 0, 1, 0]	LSSSDRYSDASDDYASEPR	2,Phospho[S];3,Phospho[S];13,Phospho[D];	LSSSDRYSDASDSDFSEPR	2,Phospho[S];3,Phospho[S];14,Phospho[D];	LSSSDRYSDASDSDFSEPR	2,Phospho[S];3,Phospho[S];14,Phospho[D];
20150615_HepG2_Phos_control_70ug_1.16817.16817.2.6.dta	LSSSDRYSDASDDSFSEPR	2,Phospho[S];3,Phospho[S];16,Phospho[S];	0.000000	3.810541	0.060000	0.069975	0.000000	0.000000	0.000000	0.10526315789473684	[0, 0, 0, 0, 0, 0, 0, 0, 0, 0, 0, 0, 0, 0, 0, 0, 0, 0, 1, 0, 0, 0, 0, 0, 0, 0]	[0, 0, 0, 1, 0]	SSLSDRYSDASDDSFSEPR	4,Phospho[S];1,Phospho[S];16,Phospho[S];	SSLSDRYSDASDDSFSEPR	4,Phospho[S];1,Phospho[S];16,Phospho[S];	SSLSDRYSDASDDSFSEPR	4,Phospho[S];1,Phospho[S];16,Phospho[S];
20150615_HepG2_Phos_control_70ug_1.16817.16817.2.6.dta	LSSSDRYSDASDDSFSEPR	2,Phospho[S];3,Phospho[S];16,Phospho[S];	0.000000	3.810541	0.060000	0.069975	0.000000	0.000000	0.000000	0.15789473684210525	[0, 0, 0, 0, 0, 0, 0, 0, 0, 0, 0, 0, 0, 0, 0, 0, 0, 0, 1, 0, 0, 0, 0, 0, 0, 0]	[0, 0, 0, 1, 0]	SSLSDRYSDASDDSFSEPR	4,Phospho[S];1,Phospho[S];16,Phospho[S];	SSLSDRYSDASDDSFSEPR	4,Phospho[S];1,Phospho[S];16,Phospho[S];	SSLSDRYSDASDDSFSEPR	4,Phospho[S];1,Phospho[S];16,Phospho[S];
20150615_HepG2_Phos_control_70ug_1.16817.16817.2.6.dta	LSSSDRYSDASDDSFSEPR	2,Phospho[S];3,Phospho[S];16,Phospho[S];	0.000000	3.810541	0.060000	0.069975	-1.868678	-0.020000	-0.025787	0.8421052631578947	[0, 0, 0, 0, 0, 0, 0, 0, 0, 0, 0, 0, 0, 0, 0, 0, 0, 0, 1, 0, 0, 0, 0, 0, 0, 0]	[0, 0, 0, 1, 0]	LSSSDRYSDASDSDFSEPR	2,Phospho[S];3,Phospho[S];13,Phospho[S];	LSSSDRYSDASDDSYAEPR	2,Phospho[S];3,Phospho[S];13,Phospho[D];	LSSSDRYSDASDSDFSEPR	2,Phospho[S];3,Phospho[S];13,Phospho[S];
20150615_HepG2_Phos_control_70ug_1.16817.16817.2.6.dta	LSSSDRYSDASDDSFSEPR	2,Phospho[S];4,Phospho[S];7,Phospho[Y];	0.000000	6.184198	0.086667	0.105081	0.014503	0.000000	0.000000	0.10526315789473684	[0, 0, 0, 0, 0, 0, 0, 0, 0, 0, 0, 0, 0, 0, 0, 0, 0, 0, 1, 0, 0, 0, 0, 0, 0, 0]	[0, 0, 0, 1, 0]	LSDSSRYSDASDDSFSEPR	4,Phospho[S];2,Phospho[S];7,Phospho[Y];	SSLSDRYSDASDDSFSEPR	4,Phospho[S];2,Phospho[S];7,Phospho[Y];	SSLSDRYSDASDDSFSEPR	4,Phospho[S];2,Phospho[S];7,Phospho[Y];
20150615_HepG2_Phos_control_70ug_1.16817.16817.2.6.dta	LSSSDRYSDASDDSFSEPR	2,Phospho[S];4,Phospho[S];7,Phospho[Y];	0.000000	6.184198	0.086667	0.105081	0.014503	0.000000	0.000000	0.21052631578947367	[0, 0, 0, 0, 0, 0, 0, 0, 0, 0, 0, 0, 0, 0, 0, 0, 0, 0, 1, 0, 0, 0, 0, 0, 0, 0]	[0, 0, 0, 1, 0]	LSDSSRYSDASDDSFSEPR	4,Phospho[S];2,Phospho[S];7,Phospho[Y];	SSLSDRYSDASDDSFSEPR	4,Phospho[S];2,Phospho[S];7,Phospho[Y];	SSLSDRYSDASDDSFSEPR	4,Phospho[S];2,Phospho[S];7,Phospho[Y];
20150615_HepG2_Phos_control_70ug_1.16817.16817.2.6.dta	LSSSDRYSDASDDSFSEPR	2,Phospho[S];4,Phospho[S];7,Phospho[Y];	0.000000	6.184198	0.086667	0.105081	-0.379925	-0.006667	-0.002966	0.3684210526315789	[0, 0, 0, 0, 0, 0, 0, 0, 0, 0, 0, 0, 0, 0, 0, 0, 0, 0, 0, 0, 0, 0, 0, 0, 1, 0]	[0, 0, 0, 1, 0]	LSSSDDYSRASDDSFSEPR	2,Phospho[S];4,Phospho[S];8,Phospho[S];	LSSSDYDRSASDDSFSEPR	2,Phospho[S];4,Phospho[S];9,Phospho[S];	LSSSDPTHADASDDSFSEPR	2,Phospho[S];4,Phospho[S];6,Phospho[P];
20150615_HepG2_Phos_control_70ug_1.16817.16817.2.6.dta	LSSSDRYSDASDDSFSEPR	2,Phospho[S];4,Phospho[S];8,Phospho[S];	0.000000	6.184198	0.086667	0.105081	0.014503	0.000000	0.000000	0.10526315789473684	[0, 0, 0, 0, 0, 0, 0, 0, 0, 0, 0, 0, 0, 0, 0, 0, 0, 0, 1, 0, 0, 0, 0, 0, 0, 0]	[0, 0, 0, 1, 0]	LSDSSRYSDASDDSFSEPR	4,Phospho[S];2,Phospho[S];8,Phospho[S];	SSLSDRYSDASDDSFSEPR	4,Phospho[S];2,Phospho[S];8,Phospho[S];	SSLSDRYSDASDDSFSEPR	4,Phospho[S];2,Phospho[S];8,Phospho[S];
20150615_HepG2_Phos_control_70ug_1.16817.16817.2.6.dta	LSSSDRYSDASDDSFSEPR	2,Phospho[S];4,Phospho[S];8,Phospho[S];	0.000000	6.184198	0.086667	0.105081	0.014503	0.000000	0.000000	0.21052631578947367	[0, 0, 0, 0, 0, 0, 0, 0, 0, 0, 0, 0, 0, 0, 0, 0, 0, 0, 1, 0, 0, 0, 0, 0, 0, 0]	[0, 0, 0, 1, 0]	LSDSSRYSDASDDSFSEPR	4,Phospho[S];2,Phospho[S];8,Phospho[S];	SSLSDRYSDASDDSFSEPR	4,Phospho[S];2,Phospho[S];8,Phospho[S];	SSLSDRYSDASDDSFSEPR	4,Phospho[S];2,Phospho[S];8,Phospho[S];
20150615_HepG2_Phos_control_70ug_1.16817.16817.2.6.dta	LSSSDRYSDASDDSFSEPR	2,Phospho[S];4,Phospho[S];8,Phospho[S];	0.000000	6.184198	0.086667	0.105081	-0.379925	-0.006667	-0.002966	0.42105263157894735	[0, 0, 0, 0, 0, 0, 0, 0, 0, 0, 0, 0, 0, 0, 0, 0, 0, 0, 1, 0, 0, 0, 0, 0, 0, 0]	[0, 0, 0, 1, 0]	LSSSDDYSRASDDSFSEPR	2,Phospho[S];4,Phospho[S];8,Phospho[S];	LSSSDYDRSASDDSFSEPR	2,Phospho[S];4,Phospho[S];9,Phospho[S];	LSSSDPTHADASDDSFSEPR	2,Phospho[S];4,Phospho[S];6,Phospho[P];
20150615_HepG2_Phos_control_70ug_1.16817.16817.2.6.dta	LSSSDRYSDASDDSFSEPR	2,Phospho[S];4,Phospho[S];11,Phospho[S];	0.000000	6.184198	0.086667	0.105081	0.014503	0.000000	0.000000	0.10526315789473684	[0, 0, 0, 0, 0, 0, 0, 0, 0, 0, 0, 0, 0, 0, 0, 0, 0, 0, 1, 0, 0, 0, 0, 0, 0, 0]	[0, 0, 0, 1, 0]	LSDSSRYSDASDDSFSEPR	4,Phospho[S];2,Phospho[S];11,Phospho[S];	SSLSDRYSDASDDSFSEPR	4,Phospho[S];2,Phospho[S];11,Phospho[S];	SSLSDRYSDASDDSFSEPR	4,Phospho[S];2,Phospho[S];11,Phospho[S];
20150615_HepG2_Phos_control_70ug_1.16817.16817.2.6.dta	LSSSDRYSDASDDSFSEPR	2,Phospho[S];4,Phospho[S];11,Phospho[S];	0.000000	6.184198	0.086667	0.105081	0.014503	0.000000	0.000000	0.21052631578947367	[0, 0, 0, 0, 0, 0, 0, 0, 0, 0, 0, 0, 0, 0, 0, 0, 0, 0, 1, 0, 0, 0, 0, 0, 0, 0]	[0, 0, 0, 1, 0]	LSDSSRYSDASDDSFSEPR	4,Phospho[S];2,Phospho[S];11,Phospho[S];	SSLSDRYSDASDDSFSEPR	4,Phospho[S];2,Phospho[S];11,Phospho[S];	SSLSDRYSDASDDSFSEPR	4,Phospho[S];2,Phospho[S];11,Phospho[S];
20150615_HepG2_Phos_control_70ug_1.16817.16817.2.6.dta	LSSSDRYSDASDDSFSEPR	2,Phospho[S];4,Phospho[S];11,Phospho[S];	0.000000	6.184198	0.086667	0.105081	-0.841173	-0.006667	-0.008855	0.5789473684210527	[0, 0, 0, 0, 0, 0, 0, 0, 0, 0, 0, 0, 0, 0, 0, 0, 0, 0, 1, 0, 0, 0, 0, 0, 0, 0]	[0, 0, 0, 1, 0]	LSSSDRYSPCGMDSFSEPR	2,Phospho[S];4,Phospho[S];9,Phospho[P];	LSSSDRYSPCGMDSFSEPR	2,Phospho[S];4,Phospho[S];9,Phospho[P];	LSSSDRYSDSADDSFSEPR	2,Phospho[S];4,Phospho[S];13,Phospho[D];
20150615_HepG2_Phos_control_70ug_1.16817.16817.2.6.dta	LSSSDRYSDASDDSFSEPR	2,Phospho[S];4,Phospho[S];14,Phospho[S];	0.000000	6.180635	0.093333	0.100223	0.000000	0.000000	0.000000	0.10526315789473684	[0, 0, 0, 0, 0, 0, 0, 0, 0, 0, 0, 0, 0, 0, 0, 0, 0, 0, 1, 0, 0, 0, 0, 0, 0, 0]	[0, 0, 0, 1, 0]	SSLSDRYSDASDDSFSEPR	4,Phospho[S];2,Phospho[S];14,Phospho[S];	SSLSDRYSDASDDSFSEPR	4,Phospho[S];2,Phospho[S];14,Phospho[S];	SSLSDRYSDASDDSFSEPR	4,Phospho[S];2,Phospho[S];14,Phospho[S];
20150615_HepG2_Phos_control_70ug_1.16817.16817.2.6.dta	LSSSDRYSDASDDSFSEPR	2,Phospho[S];4,Phospho[S];14,Phospho[S];	0.000000	6.180635	0.093333	0.100223	0.000000	0.000000	0.000000	0.21052631578947367	[0, 0, 0, 0, 0, 0, 0, 0, 0, 0, 0, 0, 0, 0, 0, 0, 0, 0, 1, 0, 0, 0, 0, 0, 0, 0]	[0, 0, 0, 1, 0]	SSLSDRYSDASDDSFSEPR	4,Phospho[S];2,Phospho[S];14,Phospho[S];	SSLSDRYSDASDDSFSEPR	4,Phospho[S];2,Phospho[S];14,Phospho[S];	SSLSDRYSDASDDSFSEPR	4,Phospho[S];2,Phospho[S];14,Phospho[S];
20150615_HepG2_Phos_control_70ug_1.16817.16817.2.6.dta	LSSSDRYSDASDDSFSEPR	2,Phospho[S];4,Phospho[S];14,Phospho[S];	0.000000	6.180635	0.093333	0.100223	0.427900	0.006667	0.004461	0.7368421052631579	[0, 0, 0, 0, 0, 0, 0, 0, 0, 0, 0, 0, 0, 0, 0, 0, 0, 0, 1, 0, 0, 0, 0, 0, 0, 0]	[0, 0, 0, 1, 0]	LSSSDRYSDASDDYASEPR	2,Phospho[S];4,Phospho[S];13,Phospho[D];	LSSSDRYSDASDSDFSEPR	2,Phospho[S];4,Phospho[S];14,Phospho[D];	LSSSDRYSDASDSDFSEPR	2,Phospho[S];4,Phospho[S];14,Phospho[D];
20150615_HepG2_Phos_control_70ug_1.16817.16817.2.6.dta	LSSSDRYSDASDDSFSEPR	2,Phospho[S];4,Phospho[S];16,Phospho[S];	0.000000	3.810541	0.060000	0.069975	0.000000	0.000000	0.000000	0.10526315789473684	[0, 0, 0, 0, 0, 0, 0, 0, 0, 0, 0, 0, 0, 0, 0, 0, 0, 0, 1, 0, 0, 0, 0, 0, 0, 0]	[0, 0, 0, 1, 0]	SSLSDRYSDASDDSFSEPR	4,Phospho[S];2,Phospho[S];16,Phospho[S];	SSLSDRYSDASDDSFSEPR	4,Phospho[S];2,Phospho[S];16,Phospho[S];	SSLSDRYSDASDDSFSEPR	4,Phospho[S];2,Phospho[S];16,Phospho[S];
20150615_HepG2_Phos_control_70ug_1.16817.16817.2.6.dta	LSSSDRYSDASDDSFSEPR	2,Phospho[S];4,Phospho[S];16,Phospho[S];	0.000000	3.810541	0.060000	0.069975	0.000000	0.000000	0.000000	0.21052631578947367	[0, 0, 0, 0, 0, 0, 0, 0, 0, 0, 0, 0, 0, 0, 0, 0, 0, 0, 1, 0, 0, 0, 0, 0, 0, 0]	[0, 0, 0, 1, 0]	SSLSDRYSDASDDSFSEPR	4,Phospho[S];2,Phospho[S];16,Phospho[S];	SSLSDRYSDASDDSFSEPR	4,Phospho[S];2,Phospho[S];16,Phospho[S];	SSLSDRYSDASDDSFSEPR	4,Phospho[S];2,Phospho[S];16,Phospho[S];
20150615_HepG2_Phos_control_70ug_1.16817.16817.2.6.dta	LSSSDRYSDASDDSFSEPR	2,Phospho[S];4,Phospho[S];16,Phospho[S];	0.000000	3.810541	0.060000	0.069975	-1.868678	-0.020000	-0.025787	0.8421052631578947	[0, 0, 0, 0, 0, 0, 0, 0, 0, 0, 0, 0, 0, 0, 0, 0, 0, 0, 1, 0, 0, 0, 0, 0, 0, 0]	[0, 0, 0, 1, 0]	LSSSDRYSDASDSDFSEPR	2,Phospho[S];4,Phospho[S];13,Phospho[S];	LSSSDRYSDASDDSYAEPR	2,Phospho[S];4,Phospho[S];13,Phospho[D];	LSSSDRYSDASDSDFSEPR	2,Phospho[S];4,Phospho[S];13,Phospho[S];
20150615_HepG2_Phos_control_70ug_1.16817.16817.2.6.dta	LSSSDRYSDASDDSFSEPR	2,Phospho[S];7,Phospho[Y];8,Phospho[S];	0.000000	6.184198	0.086667	0.105081	0.014503	0.000000	0.000000	0.10526315789473684	[0, 0, 0, 0, 0, 0, 0, 0, 0, 0, 0, 0, 0, 0, 0, 0, 0, 0, 1, 0, 0, 0, 0, 0, 0, 0]	[0, 0, 0, 1, 0]	LSDSSRYSDASDDSFSEPR	4,Phospho[S];7,Phospho[Y];8,Phospho[S];	SSLSDRYSDASDDSFSEPR	4,Phospho[S];7,Phospho[Y];8,Phospho[S];	SSLSDRYSDASDDSFSEPR	4,Phospho[S];7,Phospho[Y];8,Phospho[S];
20150615_HepG2_Phos_control_70ug_1.16817.16817.2.6.dta	LSSSDRYSDASDDSFSEPR	2,Phospho[S];7,Phospho[Y];8,Phospho[S];	0.000000	6.184198	0.086667	0.105081	-0.379925	-0.006667	-0.002940	0.3684210526315789	[0, 0, 0, 0, 0, 0, 0, 0, 0, 0, 0, 0, 0, 0, 0, 0, 0, 0, 0, 0, 0, 0, 0, 0, 1, 0]	[0, 0, 0, 1, 0]	LSSSDDYSRASDDSFSEPR	2,Phospho[S];6,Phospho[D];9,Phospho[R];	LSSSDYDSRASDDSFSEPR	2,Phospho[S];6,Phospho[Y];9,Phospho[R];	LSSSDYDSRASDDSFSEPR	2,Phospho[S];6,Phospho[Y];8,Phospho[S];
20150615_HepG2_Phos_control_70ug_1.16817.16817.2.6.dta	LSSSDRYSDASDDSFSEPR	2,Phospho[S];7,Phospho[Y];8,Phospho[S];	0.000000	6.184198	0.086667	0.105081	-0.379925	-0.006667	-0.002940	0.42105263157894735	[0, 0, 0, 0, 0, 0, 0, 0, 0, 0, 0, 0, 0, 0, 0, 0, 0, 0, 1, 0, 0, 0, 0, 0, 0, 0]	[0, 0, 0, 1, 0]	LSSSDDYSRASDDSFSEPR	2,Phospho[S];6,Phospho[D];9,Phospho[R];	LSSSDYDSRASDDSFSEPR	2,Phospho[S];6,Phospho[Y];9,Phospho[R];	LSSSDYDSRASDDSFSEPR	2,Phospho[S];6,Phospho[Y];8,Phospho[S];
20150615_HepG2_Phos_control_70ug_1.16817.16817.2.6.dta	LSSSDRYSDASDDSFSEPR	2,Phospho[S];7,Phospho[Y];11,Phospho[S];	0.000000	6.184198	0.086667	0.105081	0.014503	0.000000	0.000000	0.10526315789473684	[0, 0, 0, 0, 0, 0, 0, 0, 0, 0, 0, 0, 0, 0, 0, 0, 0, 0, 1, 0, 0, 0, 0, 0, 0, 0]	[0, 0, 0, 1, 0]	LSDSSRYSDASDDSFSEPR	4,Phospho[S];7,Phospho[Y];11,Phospho[S];	SSLSDRYSDASDDSFSEPR	4,Phospho[S];7,Phospho[Y];11,Phospho[S];	SSLSDRYSDASDDSFSEPR	4,Phospho[S];7,Phospho[Y];11,Phospho[S];
20150615_HepG2_Phos_control_70ug_1.16817.16817.2.6.dta	LSSSDRYSDASDDSFSEPR	2,Phospho[S];7,Phospho[Y];11,Phospho[S];	0.000000	6.184198	0.086667	0.105081	-0.379925	-0.006667	-0.002940	0.3684210526315789	[0, 0, 0, 0, 0, 0, 0, 0, 0, 0, 0, 0, 0, 0, 0, 0, 0, 0, 0, 0, 0, 0, 0, 0, 1, 0]	[0, 0, 0, 1, 0]	LSSSDYDRSASDDSFSEPR	2,Phospho[S];6,Phospho[Y];11,Phospho[S];	LSSSDYDSRASDDSFSEPR	2,Phospho[S];6,Phospho[Y];11,Phospho[S];	LSSSDYDSRASDDSFSEPR	2,Phospho[S];6,Phospho[Y];11,Phospho[S];
20150615_HepG2_Phos_control_70ug_1.16817.16817.2.6.dta	LSSSDRYSDASDDSFSEPR	2,Phospho[S];7,Phospho[Y];11,Phospho[S];	0.000000	6.184198	0.086667	0.105081	-0.841173	-0.006667	-0.008855	0.5789473684210527	[0, 0, 0, 0, 0, 0, 0, 0, 0, 0, 0, 0, 0, 0, 0, 0, 0, 0, 1, 0, 0, 0, 0, 0, 0, 0]	[0, 0, 0, 1, 0]	LSSSDRYSPCGMDSFSEPR	2,Phospho[S];7,Phospho[Y];9,Phospho[P];	LSSSDRYSPCGMDSFSEPR	2,Phospho[S];7,Phospho[Y];9,Phospho[P];	LSSSDRYSDSADDSFSEPR	2,Phospho[S];7,Phospho[Y];13,Phospho[D];
20150615_HepG2_Phos_control_70ug_1.16817.16817.2.6.dta	LSSSDRYSDASDDSFSEPR	2,Phospho[S];7,Phospho[Y];14,Phospho[S];	0.000000	6.180635	0.093333	0.100223	0.000000	0.000000	0.000000	0.10526315789473684	[0, 0, 0, 0, 0, 0, 0, 0, 0, 0, 0, 0, 0, 0, 0, 0, 0, 0, 1, 0, 0, 0, 0, 0, 0, 0]	[0, 0, 0, 1, 0]	SSLSDRYSDASDDSFSEPR	4,Phospho[S];7,Phospho[Y];14,Phospho[S];	SSLSDRYSDASDDSFSEPR	4,Phospho[S];7,Phospho[Y];14,Phospho[S];	SSLSDRYSDASDDSFSEPR	4,Phospho[S];7,Phospho[Y];14,Phospho[S];
20150615_HepG2_Phos_control_70ug_1.16817.16817.2.6.dta	LSSSDRYSDASDDSFSEPR	2,Phospho[S];7,Phospho[Y];14,Phospho[S];	0.000000	6.180635	0.093333	0.100223	-0.377590	-0.006667	-0.002940	0.3684210526315789	[0, 0, 0, 0, 0, 0, 0, 0, 0, 0, 0, 0, 0, 0, 0, 0, 0, 0, 0, 0, 0, 0, 0, 0, 1, 0]	[0, 0, 0, 1, 0]	LSSSDYDSRASDDSFSEPR	2,Phospho[S];6,Phospho[Y];14,Phospho[S];	LSSSDYDSRASDDSFSEPR	2,Phospho[S];6,Phospho[Y];14,Phospho[S];	LSSSDYDSRASDDSFSEPR	2,Phospho[S];6,Phospho[Y];14,Phospho[S];
20150615_HepG2_Phos_control_70ug_1.16817.16817.2.6.dta	LSSSDRYSDASDDSFSEPR	2,Phospho[S];7,Phospho[Y];14,Phospho[S];	0.000000	6.180635	0.093333	0.100223	0.427900	0.006667	0.004461	0.7368421052631579	[0, 0, 0, 0, 0, 0, 0, 0, 0, 0, 0, 0, 0, 0, 0, 0, 0, 0, 1, 0, 0, 0, 0, 0, 0, 0]	[0, 0, 0, 1, 0]	LSSSDRYSDASDDYASEPR	2,Phospho[S];7,Phospho[Y];13,Phospho[D];	LSSSDRYSDASDSDFSEPR	2,Phospho[S];7,Phospho[Y];14,Phospho[D];	LSSSDRYSDASDSDFSEPR	2,Phospho[S];7,Phospho[Y];14,Phospho[D];
20150615_HepG2_Phos_control_70ug_1.16817.16817.2.6.dta	LSSSDRYSDASDDSFSEPR	2,Phospho[S];7,Phospho[Y];16,Phospho[S];	0.000000	3.810541	0.060000	0.069975	0.000000	0.000000	0.000000	0.10526315789473684	[0, 0, 0, 0, 0, 0, 0, 0, 0, 0, 0, 0, 0, 0, 0, 0, 0, 0, 1, 0, 0, 0, 0, 0, 0, 0]	[0, 0, 0, 1, 0]	SSLSDRYSDASDDSFSEPR	4,Phospho[S];7,Phospho[Y];16,Phospho[S];	SSLSDRYSDASDDSFSEPR	4,Phospho[S];7,Phospho[Y];16,Phospho[S];	SSLSDRYSDASDDSFSEPR	4,Phospho[S];7,Phospho[Y];16,Phospho[S];
20150615_HepG2_Phos_control_70ug_1.16817.16817.2.6.dta	LSSSDRYSDASDDSFSEPR	2,Phospho[S];7,Phospho[Y];16,Phospho[S];	0.000000	3.810541	0.060000	0.069975	-0.373950	-0.006667	-0.002940	0.3684210526315789	[0, 0, 0, 0, 0, 0, 0, 0, 0, 0, 0, 0, 0, 0, 0, 0, 0, 0, 0, 0, 0, 0, 0, 0, 1, 0]	[0, 0, 0, 1, 0]	LSSSDYDSRASDDSFSEPR	2,Phospho[S];6,Phospho[Y];16,Phospho[S];	LSSSDYDSRASDDSFSEPR	2,Phospho[S];6,Phospho[Y];16,Phospho[S];	LSSSDYDSRASDDSFSEPR	2,Phospho[S];6,Phospho[Y];16,Phospho[S];
20150615_HepG2_Phos_control_70ug_1.16817.16817.2.6.dta	LSSSDRYSDASDDSFSEPR	2,Phospho[S];7,Phospho[Y];16,Phospho[S];	0.000000	3.810541	0.060000	0.069975	-1.868678	-0.020000	-0.025787	0.8421052631578947	[0, 0, 0, 0, 0, 0, 0, 0, 0, 0, 0, 0, 0, 0, 0, 0, 0, 0, 1, 0, 0, 0, 0, 0, 0, 0]	[0, 0, 0, 1, 0]	LSSSDRYSDASDSDFSEPR	2,Phospho[S];7,Phospho[Y];13,Phospho[S];	LSSSDRYSDASDDSYAEPR	2,Phospho[S];7,Phospho[Y];13,Phospho[D];	LSSSDRYSDASDSDFSEPR	2,Phospho[S];7,Phospho[Y];13,Phospho[S];
20150615_HepG2_Phos_control_70ug_1.16817.16817.2.6.dta	LSSSDRYSDASDDSFSEPR	2,Phospho[S];8,Phospho[S];11,Phospho[S];	0.000000	6.184198	0.086667	0.105081	0.014503	0.000000	0.000000	0.10526315789473684	[0, 0, 0, 0, 0, 0, 0, 0, 0, 0, 0, 0, 0, 0, 0, 0, 0, 0, 1, 0, 0, 0, 0, 0, 0, 0]	[0, 0, 0, 1, 0]	LSDSSRYSDASDDSFSEPR	4,Phospho[S];8,Phospho[S];11,Phospho[S];	SSLSDRYSDASDDSFSEPR	4,Phospho[S];8,Phospho[S];11,Phospho[S];	SSLSDRYSDASDDSFSEPR	4,Phospho[S];8,Phospho[S];11,Phospho[S];
20150615_HepG2_Phos_control_70ug_1.16817.16817.2.6.dta	LSSSDRYSDASDDSFSEPR	2,Phospho[S];8,Phospho[S];11,Phospho[S];	0.000000	6.184198	0.086667	0.105081	-0.379925	-0.006667	-0.002940	0.42105263157894735	[0, 0, 0, 0, 0, 0, 0, 0, 0, 0, 0, 0, 0, 0, 0, 0, 0, 0, 1, 0, 0, 0, 0, 0, 0, 0]	[0, 0, 0, 1, 0]	LSSSDYDSRASDDSFSEPR	2,Phospho[S];7,Phospho[D];11,Phospho[S];	LSSSDRYDSSADDSFSEPR	2,Phospho[S];10,Phospho[S];11,Phospho[A];	LSSSDDYRSASDDSFSEPR	2,Phospho[S];6,Phospho[D];11,Phospho[S];
20150615_HepG2_Phos_control_70ug_1.16817.16817.2.6.dta	LSSSDRYSDASDDSFSEPR	2,Phospho[S];8,Phospho[S];11,Phospho[S];	0.000000	6.184198	0.086667	0.105081	-0.841173	-0.006667	-0.008855	0.5789473684210527	[0, 0, 0, 0, 0, 0, 0, 0, 0, 0, 0, 0, 0, 0, 0, 0, 0, 0, 1, 0, 0, 0, 0, 0, 0, 0]	[0, 0, 0, 1, 0]	LSSSDRYSCPMGDSFSEPR	2,Phospho[S];8,Phospho[S];9,Phospho[C];	LSSSDRYDSGTDDSFSEPR	2,Phospho[S];10,Phospho[G];11,Phospho[T];	LSSSDRYSDSADDSFSEPR	2,Phospho[S];8,Phospho[S];13,Phospho[D];
20150615_HepG2_Phos_control_70ug_1.16817.16817.2.6.dta	LSSSDRYSDASDDSFSEPR	2,Phospho[S];8,Phospho[S];14,Phospho[S];	0.000000	6.180635	0.093333	0.100223	-0.000000	0.000000	0.000000	0.10526315789473684	[0, 0, 0, 0, 0, 0, 0, 0, 0, 0, 0, 0, 0, 0, 0, 0, 0, 0, 1, 0, 0, 0, 0, 0, 0, 0]	[0, 0, 0, 1, 0]	SSLSDRYSDASDDSFSEPR	4,Phospho[S];8,Phospho[S];14,Phospho[S];	SSLSDRYSDASDDSFSEPR	4,Phospho[S];8,Phospho[S];14,Phospho[S];	SSLSDRYSDASDDSFSEPR	4,Phospho[S];8,Phospho[S];14,Phospho[S];
20150615_HepG2_Phos_control_70ug_1.16817.16817.2.6.dta	LSSSDRYSDASDDSFSEPR	2,Phospho[S];8,Phospho[S];14,Phospho[S];	0.000000	6.180635	0.093333	0.100223	-0.649576	-0.006667	-0.007632	0.42105263157894735	[0, 0, 0, 0, 0, 0, 0, 0, 0, 0, 0, 0, 0, 0, 0, 0, 0, 0, 1, 0, 0, 0, 0, 0, 0, 0]	[0, 0, 0, 1, 0]	LSSSDRYDSTGDDSFSEPR	2,Phospho[S];11,Phospho[G];14,Phospho[S];	LSSSDRYDSASDDSFSEPR	2,Phospho[S];10,Phospho[A];14,Phospho[S];	LSSSDRYDSASDDSFSEPR	2,Phospho[S];10,Phospho[A];14,Phospho[S];
20150615_HepG2_Phos_control_70ug_1.16817.16817.2.6.dta	LSSSDRYSDASDDSFSEPR	2,Phospho[S];8,Phospho[S];14,Phospho[S];	0.000000	6.180635	0.093333	0.100223	0.427900	0.006667	0.004461	0.7368421052631579	[0, 0, 0, 0, 0, 0, 0, 0, 0, 0, 0, 0, 0, 0, 0, 0, 0, 0, 1, 0, 0, 0, 0, 0, 0, 0]	[0, 0, 0, 1, 0]	LSSSDRYSDASDDYASEPR	2,Phospho[S];8,Phospho[S];13,Phospho[D];	LSSSDRYSDASDSDFSEPR	2,Phospho[S];8,Phospho[S];14,Phospho[D];	LSSSDRYSDASDSDFSEPR	2,Phospho[S];8,Phospho[S];14,Phospho[D];
20150615_HepG2_Phos_control_70ug_1.16817.16817.2.6.dta	LSSSDRYSDASDDSFSEPR	2,Phospho[S];8,Phospho[S];16,Phospho[S];	0.000000	3.810541	0.060000	0.069975	-0.007308	-0.006667	-0.003261	0.10526315789473684	[0, 0, 0, 0, 0, 0, 0, 0, 0, 0, 0, 0, 0, 0, 0, 0, 0, 0, 1, 0, 0, 0, 0, 0, 0, 0]	[0, 0, 0, 1, 0]	SSLSDRYSDASDDSFSEPR	4,Phospho[S];8,Phospho[S];16,Phospho[S];	SSLSDRYSDASDDSFSEPR	4,Phospho[S];8,Phospho[S];16,Phospho[S];	LSDSSRYSDASDDSFSEPR	4,Phospho[S];8,Phospho[S];16,Phospho[S];
20150615_HepG2_Phos_control_70ug_1.16817.16817.2.6.dta	LSSSDRYSDASDDSFSEPR	2,Phospho[S];8,Phospho[S];16,Phospho[S];	0.000000	3.810541	0.060000	0.069975	-0.652818	-0.006667	-0.007632	0.42105263157894735	[0, 0, 0, 0, 0, 0, 0, 0, 0, 0, 0, 0, 0, 0, 0, 0, 0, 0, 1, 0, 0, 0, 0, 0, 0, 0]	[0, 0, 0, 1, 0]	LSSSDRYSDSADDSFSEPR	2,Phospho[S];11,Phospho[A];16,Phospho[S];	LSSSDRYDSSADDSFSEPR	2,Phospho[S];11,Phospho[A];16,Phospho[S];	LSSSDRYDSSADDSFSEPR	2,Phospho[S];11,Phospho[A];16,Phospho[S];
20150615_HepG2_Phos_control_70ug_1.16817.16817.2.6.dta	LSSSDRYSDASDDSFSEPR	2,Phospho[S];8,Phospho[S];16,Phospho[S];	0.000000	3.810541	0.060000	0.069975	-1.868678	-0.020000	-0.025787	0.8421052631578947	[0, 0, 0, 0, 0, 0, 0, 0, 0, 0, 0, 0, 0, 0, 0, 0, 0, 0, 1, 0, 0, 0, 0, 0, 0, 0]	[0, 0, 0, 1, 0]	LSSSDRYSDASDSDFSEPR	2,Phospho[S];8,Phospho[S];13,Phospho[S];	LSSSDRYSDASDDSYAEPR	2,Phospho[S];8,Phospho[S];13,Phospho[D];	LSSSDRYSDASDSDFSEPR	2,Phospho[S];8,Phospho[S];13,Phospho[S];
20150615_HepG2_Phos_control_70ug_1.16817.16817.2.6.dta	LSSSDRYSDASDDSFSEPR	2,Phospho[S];11,Phospho[S];14,Phospho[S];	0.000000	7.154067	0.106667	0.112239	-0.000000	0.000000	0.000000	0.10526315789473684	[0, 0, 0, 0, 0, 0, 0, 0, 0, 0, 0, 0, 0, 0, 0, 0, 0, 0, 1, 0, 0, 0, 0, 0, 0, 0]	[0, 0, 0, 1, 0]	SSLSDRYSDASDDSFSEPR	4,Phospho[S];11,Phospho[S];14,Phospho[S];	SSLSDRYSDASDDSFSEPR	4,Phospho[S];11,Phospho[S];14,Phospho[S];	SSLSDRYSDASDDSFSEPR	4,Phospho[S];11,Phospho[S];14,Phospho[S];
20150615_HepG2_Phos_control_70ug_1.16817.16817.2.6.dta	LSSSDRYSDASDDSFSEPR	2,Phospho[S];11,Phospho[S];14,Phospho[S];	0.000000	7.154067	0.106667	0.112239	0.323856	0.006667	0.004384	0.5789473684210527	[0, 0, 0, 0, 0, 0, 0, 0, 0, 0, 0, 0, 0, 0, 0, 0, 0, 0, 1, 0, 0, 0, 0, 0, 0, 0]	[0, 0, 0, 1, 0]	LSSSDRYSDASDDSFSEPR	2,Phospho[S];10,Phospho[A];14,Phospho[S];	LSSSDRYSDTGDDSFSEPR	2,Phospho[S];11,Phospho[G];14,Phospho[S];	LSSSDRYSDTGDDSFSEPR	2,Phospho[S];11,Phospho[G];14,Phospho[S];
20150615_HepG2_Phos_control_70ug_1.16817.16817.2.6.dta	LSSSDRYSDASDDSFSEPR	2,Phospho[S];11,Phospho[S];14,Phospho[S];	0.000000	7.154067	0.106667	0.112239	0.418382	0.006667	0.004461	0.7368421052631579	[0, 0, 0, 0, 0, 0, 0, 0, 0, 0, 0, 0, 0, 0, 0, 0, 0, 0, 1, 0, 0, 0, 0, 0, 0, 0]	[0, 0, 0, 1, 0]	LSSSDRYSDASDDFSSEPR	2,Phospho[S];11,Phospho[S];13,Phospho[D];	LSSSDRYSDASDDYASEPR	2,Phospho[S];11,Phospho[S];13,Phospho[D];	LSSSDRYSDASDSDFSEPR	2,Phospho[S];11,Phospho[S];14,Phospho[D];
20150615_HepG2_Phos_control_70ug_1.16817.16817.2.6.dta	LSSSDRYSDASDDSFSEPR	2,Phospho[S];11,Phospho[S];16,Phospho[S];	0.000000	4.807547	0.073333	0.081990	-0.007185	-0.006667	-0.003261	0.10526315789473684	[0, 0, 0, 0, 0, 0, 0, 0, 0, 0, 0, 0, 0, 0, 0, 0, 0, 0, 1, 0, 0, 0, 0, 0, 0, 0]	[0, 0, 0, 1, 0]	SSLSDRYSDASDDSFSEPR	4,Phospho[S];11,Phospho[S];16,Phospho[S];	SSLSDRYSDASDDSFSEPR	4,Phospho[S];11,Phospho[S];16,Phospho[S];	LSDSSRYSDASDDSFSEPR	4,Phospho[S];11,Phospho[S];16,Phospho[S];
20150615_HepG2_Phos_control_70ug_1.16817.16817.2.6.dta	LSSSDRYSDASDDSFSEPR	2,Phospho[S];11,Phospho[S];16,Phospho[S];	0.000000	4.807547	0.073333	0.081990	0.344188	0.006667	0.004384	0.5789473684210527	[0, 0, 0, 0, 0, 0, 0, 0, 0, 0, 0, 0, 0, 0, 0, 0, 0, 0, 1, 0, 0, 0, 0, 0, 0, 0]	[0, 0, 0, 1, 0]	LSSSDRYDSGTDDSFSEPR	2,Phospho[S];11,Phospho[T];16,Phospho[S];	LSSSDRYDSSADDSFSEPR	2,Phospho[S];11,Phospho[A];16,Phospho[S];	LSSSDRYDSSADDSFSEPR	2,Phospho[S];11,Phospho[A];16,Phospho[S];
20150615_HepG2_Phos_control_70ug_1.16817.16817.2.6.dta	LSSSDRYSDASDDSFSEPR	2,Phospho[S];11,Phospho[S];16,Phospho[S];	0.000000	4.807547	0.073333	0.081990	-1.848567	-0.020000	-0.025787	0.8421052631578947	[0, 0, 0, 0, 0, 0, 0, 0, 0, 0, 0, 0, 0, 0, 0, 0, 0, 0, 1, 0, 0, 0, 0, 0, 0, 0]	[0, 0, 0, 1, 0]	LSSSDRYSDASDSDFSEPR	2,Phospho[S];11,Phospho[S];13,Phospho[S];	LSSSDRYSDASDDSYAEPR	2,Phospho[S];11,Phospho[S];13,Phospho[D];	LSSSDRYSDASDSDFSEPR	2,Phospho[S];11,Phospho[S];13,Phospho[S];
20150615_HepG2_Phos_control_70ug_1.16817.16817.2.6.dta	LSSSDRYSDASDDSFSEPR	2,Phospho[S];14,Phospho[S];16,Phospho[S];	0.000000	3.435364	0.053333	0.068673	-0.007190	-0.006667	-0.003261	0.10526315789473684	[0, 0, 0, 0, 0, 0, 0, 0, 0, 0, 0, 0, 0, 0, 0, 0, 0, 0, 1, 0, 0, 0, 0, 0, 0, 0]	[0, 0, 0, 1, 0]	SSLSDRYSDASDDSFSEPR	4,Phospho[S];14,Phospho[S];16,Phospho[S];	SSLSDRYSDASDDSFSEPR	4,Phospho[S];14,Phospho[S];16,Phospho[S];	LSDSSRYSDASDDSFSEPR	4,Phospho[S];14,Phospho[S];16,Phospho[S];
20150615_HepG2_Phos_control_70ug_1.16817.16817.2.6.dta	LSSSDRYSDASDDSFSEPR	2,Phospho[S];14,Phospho[S];16,Phospho[S];	0.000000	3.435364	0.053333	0.068673	-1.579298	-0.020000	-0.019344	0.7368421052631579	[0, 0, 0, 0, 0, 0, 0, 0, 0, 0, 0, 0, 0, 0, 0, 0, 0, 0, 1, 0, 0, 0, 0, 0, 0, 0]	[0, 0, 0, 1, 0]	LSSSDRYSDASDDSFSEPR	2,Phospho[S];13,Phospho[D];15,Phospho[F];	LSSSDRYSDASDDSFSEPR	2,Phospho[S];11,Phospho[S];16,Phospho[S];	LSSSDRYSDASDDFSSEPR	2,Phospho[S];13,Phospho[D];15,Phospho[S];
20150615_HepG2_Phos_control_70ug_1.16817.16817.2.6.dta	LSSSDRYSDASDDSFSEPR	2,Phospho[S];14,Phospho[S];16,Phospho[S];	0.000000	3.435364	0.053333	0.068673	-1.579298	-0.020000	-0.019344	0.8421052631578947	[0, 0, 0, 0, 0, 0, 0, 0, 0, 0, 0, 0, 0, 0, 0, 0, 0, 0, 1, 0, 0, 0, 0, 0, 0, 0]	[0, 0, 0, 1, 0]	LSSSDRYSDASDDSFSEPR	2,Phospho[S];13,Phospho[D];15,Phospho[F];	LSSSDRYSDASDGYESEPR	2,Phospho[S];13,Phospho[G];14,Phospho[Y];	LSSSDRYSDASDDFSSEPR	2,Phospho[S];13,Phospho[D];15,Phospho[S];
20150615_HepG2_Phos_control_70ug_1.16817.16817.2.6.dta	LSSSDRYSDASDDSFSEPR	3,Phospho[S];4,Phospho[S];7,Phospho[Y];	0.000000	6.184198	0.086667	0.105081	0.014503	0.000000	0.000000	0.15789473684210525	[0, 0, 0, 0, 0, 0, 0, 0, 0, 0, 0, 0, 0, 0, 0, 0, 0, 0, 1, 0, 0, 0, 0, 0, 0, 0]	[0, 0, 0, 1, 0]	LSDSSRYSDASDDSFSEPR	5,Phospho[S];2,Phospho[S];7,Phospho[Y];	SSLSDRYSDASDDSFSEPR	1,Phospho[S];2,Phospho[S];7,Phospho[Y];	SSLSDRYSDASDDSFSEPR	1,Phospho[S];2,Phospho[S];7,Phospho[Y];
20150615_HepG2_Phos_control_70ug_1.16817.16817.2.6.dta	LSSSDRYSDASDDSFSEPR	3,Phospho[S];4,Phospho[S];7,Phospho[Y];	0.000000	6.184198	0.086667	0.105081	0.014503	0.000000	0.000000	0.21052631578947367	[0, 0, 0, 0, 0, 0, 0, 0, 0, 0, 0, 0, 0, 0, 0, 0, 0, 0, 1, 0, 0, 0, 0, 0, 0, 0]	[0, 0, 0, 1, 0]	LSDSSRYSDASDDSFSEPR	5,Phospho[S];2,Phospho[S];7,Phospho[Y];	SSLSDRYSDASDDSFSEPR	1,Phospho[S];2,Phospho[S];7,Phospho[Y];	SSLSDRYSDASDDSFSEPR	1,Phospho[S];2,Phospho[S];7,Phospho[Y];
20150615_HepG2_Phos_control_70ug_1.16817.16817.2.6.dta	LSSSDRYSDASDDSFSEPR	3,Phospho[S];4,Phospho[S];7,Phospho[Y];	0.000000	6.184198	0.086667	0.105081	-0.379925	-0.006667	-0.002966	0.3684210526315789	[0, 0, 0, 0, 0, 0, 0, 0, 0, 0, 0, 0, 0, 0, 0, 0, 0, 0, 0, 0, 0, 0, 0, 0, 1, 0]	[0, 0, 0, 1, 0]	LSSSDDYSRASDDSFSEPR	3,Phospho[S];4,Phospho[S];8,Phospho[S];	LSSSDYDRSASDDSFSEPR	3,Phospho[S];4,Phospho[S];9,Phospho[S];	LSSSDPTHADASDDSFSEPR	3,Phospho[S];4,Phospho[S];6,Phospho[P];
20150615_HepG2_Phos_control_70ug_1.16817.16817.2.6.dta	LSSSDRYSDASDDSFSEPR	3,Phospho[S];4,Phospho[S];8,Phospho[S];	0.000000	6.184198	0.086667	0.105081	0.014503	0.000000	0.000000	0.15789473684210525	[0, 0, 0, 0, 0, 0, 0, 0, 0, 0, 0, 0, 0, 0, 0, 0, 0, 0, 1, 0, 0, 0, 0, 0, 0, 0]	[0, 0, 0, 1, 0]	LSDSSRYSDASDDSFSEPR	5,Phospho[S];2,Phospho[S];8,Phospho[S];	SSLSDRYSDASDDSFSEPR	1,Phospho[S];2,Phospho[S];8,Phospho[S];	SSLSDRYSDASDDSFSEPR	1,Phospho[S];2,Phospho[S];8,Phospho[S];
20150615_HepG2_Phos_control_70ug_1.16817.16817.2.6.dta	LSSSDRYSDASDDSFSEPR	3,Phospho[S];4,Phospho[S];8,Phospho[S];	0.000000	6.184198	0.086667	0.105081	0.014503	0.000000	0.000000	0.21052631578947367	[0, 0, 0, 0, 0, 0, 0, 0, 0, 0, 0, 0, 0, 0, 0, 0, 0, 0, 1, 0, 0, 0, 0, 0, 0, 0]	[0, 0, 0, 1, 0]	LSDSSRYSDASDDSFSEPR	5,Phospho[S];2,Phospho[S];8,Phospho[S];	SSLSDRYSDASDDSFSEPR	1,Phospho[S];2,Phospho[S];8,Phospho[S];	SSLSDRYSDASDDSFSEPR	1,Phospho[S];2,Phospho[S];8,Phospho[S];
20150615_HepG2_Phos_control_70ug_1.16817.16817.2.6.dta	LSSSDRYSDASDDSFSEPR	3,Phospho[S];4,Phospho[S];8,Phospho[S];	0.000000	6.184198	0.086667	0.105081	-0.379925	-0.006667	-0.002966	0.42105263157894735	[0, 0, 0, 0, 0, 0, 0, 0, 0, 0, 0, 0, 0, 0, 0, 0, 0, 0, 1, 0, 0, 0, 0, 0, 0, 0]	[0, 0, 0, 1, 0]	LSSSDDYSRASDDSFSEPR	3,Phospho[S];4,Phospho[S];8,Phospho[S];	LSSSDYDRSASDDSFSEPR	3,Phospho[S];4,Phospho[S];9,Phospho[S];	LSSSDPTHADASDDSFSEPR	3,Phospho[S];4,Phospho[S];6,Phospho[P];
20150615_HepG2_Phos_control_70ug_1.16817.16817.2.6.dta	LSSSDRYSDASDDSFSEPR	3,Phospho[S];4,Phospho[S];11,Phospho[S];	0.000000	6.184198	0.086667	0.105081	0.014503	0.000000	0.000000	0.15789473684210525	[0, 0, 0, 0, 0, 0, 0, 0, 0, 0, 0, 0, 0, 0, 0, 0, 0, 0, 1, 0, 0, 0, 0, 0, 0, 0]	[0, 0, 0, 1, 0]	LSDSSRYSDASDDSFSEPR	5,Phospho[S];2,Phospho[S];11,Phospho[S];	SSLSDRYSDASDDSFSEPR	1,Phospho[S];2,Phospho[S];11,Phospho[S];	SSLSDRYSDASDDSFSEPR	1,Phospho[S];2,Phospho[S];11,Phospho[S];
20150615_HepG2_Phos_control_70ug_1.16817.16817.2.6.dta	LSSSDRYSDASDDSFSEPR	3,Phospho[S];4,Phospho[S];11,Phospho[S];	0.000000	6.184198	0.086667	0.105081	0.014503	0.000000	0.000000	0.21052631578947367	[0, 0, 0, 0, 0, 0, 0, 0, 0, 0, 0, 0, 0, 0, 0, 0, 0, 0, 1, 0, 0, 0, 0, 0, 0, 0]	[0, 0, 0, 1, 0]	LSDSSRYSDASDDSFSEPR	5,Phospho[S];2,Phospho[S];11,Phospho[S];	SSLSDRYSDASDDSFSEPR	1,Phospho[S];2,Phospho[S];11,Phospho[S];	SSLSDRYSDASDDSFSEPR	1,Phospho[S];2,Phospho[S];11,Phospho[S];
20150615_HepG2_Phos_control_70ug_1.16817.16817.2.6.dta	LSSSDRYSDASDDSFSEPR	3,Phospho[S];4,Phospho[S];11,Phospho[S];	0.000000	6.184198	0.086667	0.105081	-0.841173	-0.006667	-0.008855	0.5789473684210527	[0, 0, 0, 0, 0, 0, 0, 0, 0, 0, 0, 0, 0, 0, 0, 0, 0, 0, 1, 0, 0, 0, 0, 0, 0, 0]	[0, 0, 0, 1, 0]	LSSSDRYSPCGMDSFSEPR	3,Phospho[S];4,Phospho[S];9,Phospho[P];	LSSSDRYSPCGMDSFSEPR	3,Phospho[S];4,Phospho[S];9,Phospho[P];	LSSSDRYSDSADDSFSEPR	3,Phospho[S];4,Phospho[S];13,Phospho[D];
20150615_HepG2_Phos_control_70ug_1.16817.16817.2.6.dta	LSSSDRYSDASDDSFSEPR	3,Phospho[S];4,Phospho[S];14,Phospho[S];	0.000000	6.180635	0.093333	0.100223	0.000000	0.000000	0.000000	0.15789473684210525	[0, 0, 0, 0, 0, 0, 0, 0, 0, 0, 0, 0, 0, 0, 0, 0, 0, 0, 1, 0, 0, 0, 0, 0, 0, 0]	[0, 0, 0, 1, 0]	SSLSDRYSDASDDSFSEPR	1,Phospho[S];2,Phospho[S];14,Phospho[S];	SSLSDRYSDASDDSFSEPR	1,Phospho[S];2,Phospho[S];14,Phospho[S];	SSLSDRYSDASDDSFSEPR	1,Phospho[S];2,Phospho[S];14,Phospho[S];
20150615_HepG2_Phos_control_70ug_1.16817.16817.2.6.dta	LSSSDRYSDASDDSFSEPR	3,Phospho[S];4,Phospho[S];14,Phospho[S];	0.000000	6.180635	0.093333	0.100223	0.000000	0.000000	0.000000	0.21052631578947367	[0, 0, 0, 0, 0, 0, 0, 0, 0, 0, 0, 0, 0, 0, 0, 0, 0, 0, 1, 0, 0, 0, 0, 0, 0, 0]	[0, 0, 0, 1, 0]	SSLSDRYSDASDDSFSEPR	1,Phospho[S];2,Phospho[S];14,Phospho[S];	SSLSDRYSDASDDSFSEPR	1,Phospho[S];2,Phospho[S];14,Phospho[S];	SSLSDRYSDASDDSFSEPR	1,Phospho[S];2,Phospho[S];14,Phospho[S];
20150615_HepG2_Phos_control_70ug_1.16817.16817.2.6.dta	LSSSDRYSDASDDSFSEPR	3,Phospho[S];4,Phospho[S];14,Phospho[S];	0.000000	6.180635	0.093333	0.100223	0.427900	0.006667	0.004461	0.7368421052631579	[0, 0, 0, 0, 0, 0, 0, 0, 0, 0, 0, 0, 0, 0, 0, 0, 0, 0, 1, 0, 0, 0, 0, 0, 0, 0]	[0, 0, 0, 1, 0]	LSSSDRYSDASDDYASEPR	3,Phospho[S];4,Phospho[S];13,Phospho[D];	LSSSDRYSDASDSDFSEPR	3,Phospho[S];4,Phospho[S];14,Phospho[D];	LSSSDRYSDASDSDFSEPR	3,Phospho[S];4,Phospho[S];14,Phospho[D];
20150615_HepG2_Phos_control_70ug_1.16817.16817.2.6.dta	LSSSDRYSDASDDSFSEPR	3,Phospho[S];4,Phospho[S];16,Phospho[S];	0.000000	3.810541	0.060000	0.069975	0.000000	0.000000	0.000000	0.15789473684210525	[0, 0, 0, 0, 0, 0, 0, 0, 0, 0, 0, 0, 0, 0, 0, 0, 0, 0, 1, 0, 0, 0, 0, 0, 0, 0]	[0, 0, 0, 1, 0]	SSLSDRYSDASDDSFSEPR	1,Phospho[S];2,Phospho[S];16,Phospho[S];	SSLSDRYSDASDDSFSEPR	1,Phospho[S];2,Phospho[S];16,Phospho[S];	SSLSDRYSDASDDSFSEPR	1,Phospho[S];2,Phospho[S];16,Phospho[S];
20150615_HepG2_Phos_control_70ug_1.16817.16817.2.6.dta	LSSSDRYSDASDDSFSEPR	3,Phospho[S];4,Phospho[S];16,Phospho[S];	0.000000	3.810541	0.060000	0.069975	0.000000	0.000000	0.000000	0.21052631578947367	[0, 0, 0, 0, 0, 0, 0, 0, 0, 0, 0, 0, 0, 0, 0, 0, 0, 0, 1, 0, 0, 0, 0, 0, 0, 0]	[0, 0, 0, 1, 0]	SSLSDRYSDASDDSFSEPR	1,Phospho[S];2,Phospho[S];16,Phospho[S];	SSLSDRYSDASDDSFSEPR	1,Phospho[S];2,Phospho[S];16,Phospho[S];	SSLSDRYSDASDDSFSEPR	1,Phospho[S];2,Phospho[S];16,Phospho[S];
20150615_HepG2_Phos_control_70ug_1.16817.16817.2.6.dta	LSSSDRYSDASDDSFSEPR	3,Phospho[S];4,Phospho[S];16,Phospho[S];	0.000000	3.810541	0.060000	0.069975	-1.868678	-0.020000	-0.025787	0.8421052631578947	[0, 0, 0, 0, 0, 0, 0, 0, 0, 0, 0, 0, 0, 0, 0, 0, 0, 0, 1, 0, 0, 0, 0, 0, 0, 0]	[0, 0, 0, 1, 0]	LSSSDRYSDASDSDFSEPR	3,Phospho[S];4,Phospho[S];13,Phospho[S];	LSSSDRYSDASDDSYAEPR	3,Phospho[S];4,Phospho[S];13,Phospho[D];	LSSSDRYSDASDSDFSEPR	3,Phospho[S];4,Phospho[S];13,Phospho[S];
20150615_HepG2_Phos_control_70ug_1.16817.16817.2.6.dta	LSSSDRYSDASDDSFSEPR	3,Phospho[S];7,Phospho[Y];8,Phospho[S];	0.000000	6.184198	0.086667	0.105081	0.014503	0.000000	0.000000	0.15789473684210525	[0, 0, 0, 0, 0, 0, 0, 0, 0, 0, 0, 0, 0, 0, 0, 0, 0, 0, 1, 0, 0, 0, 0, 0, 0, 0]	[0, 0, 0, 1, 0]	LSDSSRYSDASDDSFSEPR	5,Phospho[S];7,Phospho[Y];8,Phospho[S];	SSLSDRYSDASDDSFSEPR	1,Phospho[S];7,Phospho[Y];8,Phospho[S];	SSLSDRYSDASDDSFSEPR	1,Phospho[S];7,Phospho[Y];8,Phospho[S];
20150615_HepG2_Phos_control_70ug_1.16817.16817.2.6.dta	LSSSDRYSDASDDSFSEPR	3,Phospho[S];7,Phospho[Y];8,Phospho[S];	0.000000	6.184198	0.086667	0.105081	-0.379925	-0.006667	-0.002940	0.3684210526315789	[0, 0, 0, 0, 0, 0, 0, 0, 0, 0, 0, 0, 0, 0, 0, 0, 0, 0, 0, 0, 0, 0, 0, 0, 1, 0]	[0, 0, 0, 1, 0]	LSSSDDYSRASDDSFSEPR	3,Phospho[S];6,Phospho[D];9,Phospho[R];	LSSSDYDSRASDDSFSEPR	3,Phospho[S];6,Phospho[Y];9,Phospho[R];	LSSSDYDSRASDDSFSEPR	3,Phospho[S];6,Phospho[Y];8,Phospho[S];
20150615_HepG2_Phos_control_70ug_1.16817.16817.2.6.dta	LSSSDRYSDASDDSFSEPR	3,Phospho[S];7,Phospho[Y];8,Phospho[S];	0.000000	6.184198	0.086667	0.105081	-0.379925	-0.006667	-0.002940	0.42105263157894735	[0, 0, 0, 0, 0, 0, 0, 0, 0, 0, 0, 0, 0, 0, 0, 0, 0, 0, 1, 0, 0, 0, 0, 0, 0, 0]	[0, 0, 0, 1, 0]	LSSSDDYSRASDDSFSEPR	3,Phospho[S];6,Phospho[D];9,Phospho[R];	LSSSDYDSRASDDSFSEPR	3,Phospho[S];6,Phospho[Y];9,Phospho[R];	LSSSDYDSRASDDSFSEPR	3,Phospho[S];6,Phospho[Y];8,Phospho[S];
20150615_HepG2_Phos_control_70ug_1.16817.16817.2.6.dta	LSSSDRYSDASDDSFSEPR	3,Phospho[S];7,Phospho[Y];11,Phospho[S];	0.000000	6.184198	0.086667	0.105081	0.014503	0.000000	0.000000	0.15789473684210525	[0, 0, 0, 0, 0, 0, 0, 0, 0, 0, 0, 0, 0, 0, 0, 0, 0, 0, 1, 0, 0, 0, 0, 0, 0, 0]	[0, 0, 0, 1, 0]	LSDSSRYSDASDDSFSEPR	5,Phospho[S];7,Phospho[Y];11,Phospho[S];	SSLSDRYSDASDDSFSEPR	1,Phospho[S];7,Phospho[Y];11,Phospho[S];	SSLSDRYSDASDDSFSEPR	1,Phospho[S];7,Phospho[Y];11,Phospho[S];
20150615_HepG2_Phos_control_70ug_1.16817.16817.2.6.dta	LSSSDRYSDASDDSFSEPR	3,Phospho[S];7,Phospho[Y];11,Phospho[S];	0.000000	6.184198	0.086667	0.105081	-0.379925	-0.006667	-0.002940	0.3684210526315789	[0, 0, 0, 0, 0, 0, 0, 0, 0, 0, 0, 0, 0, 0, 0, 0, 0, 0, 0, 0, 0, 0, 0, 0, 1, 0]	[0, 0, 0, 1, 0]	LSSSDYDRSASDDSFSEPR	3,Phospho[S];6,Phospho[Y];11,Phospho[S];	LSSSDYDSRASDDSFSEPR	3,Phospho[S];6,Phospho[Y];11,Phospho[S];	LSSSDYDSRASDDSFSEPR	3,Phospho[S];6,Phospho[Y];11,Phospho[S];
20150615_HepG2_Phos_control_70ug_1.16817.16817.2.6.dta	LSSSDRYSDASDDSFSEPR	3,Phospho[S];7,Phospho[Y];11,Phospho[S];	0.000000	6.184198	0.086667	0.105081	-0.841173	-0.006667	-0.008855	0.5789473684210527	[0, 0, 0, 0, 0, 0, 0, 0, 0, 0, 0, 0, 0, 0, 0, 0, 0, 0, 1, 0, 0, 0, 0, 0, 0, 0]	[0, 0, 0, 1, 0]	LSSSDRYSPCGMDSFSEPR	3,Phospho[S];7,Phospho[Y];9,Phospho[P];	LSSSDRYSPCGMDSFSEPR	3,Phospho[S];7,Phospho[Y];9,Phospho[P];	LSSSDRYSDSADDSFSEPR	3,Phospho[S];7,Phospho[Y];13,Phospho[D];
20150615_HepG2_Phos_control_70ug_1.16817.16817.2.6.dta	LSSSDRYSDASDDSFSEPR	3,Phospho[S];7,Phospho[Y];14,Phospho[S];	0.000000	6.180635	0.093333	0.100223	0.000000	0.000000	0.000000	0.15789473684210525	[0, 0, 0, 0, 0, 0, 0, 0, 0, 0, 0, 0, 0, 0, 0, 0, 0, 0, 1, 0, 0, 0, 0, 0, 0, 0]	[0, 0, 0, 1, 0]	SSLSDRYSDASDDSFSEPR	1,Phospho[S];7,Phospho[Y];14,Phospho[S];	SSLSDRYSDASDDSFSEPR	1,Phospho[S];7,Phospho[Y];14,Phospho[S];	SSLSDRYSDASDDSFSEPR	1,Phospho[S];7,Phospho[Y];14,Phospho[S];
20150615_HepG2_Phos_control_70ug_1.16817.16817.2.6.dta	LSSSDRYSDASDDSFSEPR	3,Phospho[S];7,Phospho[Y];14,Phospho[S];	0.000000	6.180635	0.093333	0.100223	-0.377590	-0.006667	-0.002940	0.3684210526315789	[0, 0, 0, 0, 0, 0, 0, 0, 0, 0, 0, 0, 0, 0, 0, 0, 0, 0, 0, 0, 0, 0, 0, 0, 1, 0]	[0, 0, 0, 1, 0]	LSSSDYDSRASDDSFSEPR	3,Phospho[S];6,Phospho[Y];14,Phospho[S];	LSSSDYDSRASDDSFSEPR	3,Phospho[S];6,Phospho[Y];14,Phospho[S];	LSSSDYDSRASDDSFSEPR	3,Phospho[S];6,Phospho[Y];14,Phospho[S];
20150615_HepG2_Phos_control_70ug_1.16817.16817.2.6.dta	LSSSDRYSDASDDSFSEPR	3,Phospho[S];7,Phospho[Y];14,Phospho[S];	0.000000	6.180635	0.093333	0.100223	0.427900	0.006667	0.004461	0.7368421052631579	[0, 0, 0, 0, 0, 0, 0, 0, 0, 0, 0, 0, 0, 0, 0, 0, 0, 0, 1, 0, 0, 0, 0, 0, 0, 0]	[0, 0, 0, 1, 0]	LSSSDRYSDASDDYASEPR	3,Phospho[S];7,Phospho[Y];13,Phospho[D];	LSSSDRYSDASDSDFSEPR	3,Phospho[S];7,Phospho[Y];14,Phospho[D];	LSSSDRYSDASDSDFSEPR	3,Phospho[S];7,Phospho[Y];14,Phospho[D];
20150615_HepG2_Phos_control_70ug_1.16817.16817.2.6.dta	LSSSDRYSDASDDSFSEPR	3,Phospho[S];7,Phospho[Y];16,Phospho[S];	0.000000	3.810541	0.060000	0.069975	0.000000	0.000000	0.000000	0.15789473684210525	[0, 0, 0, 0, 0, 0, 0, 0, 0, 0, 0, 0, 0, 0, 0, 0, 0, 0, 1, 0, 0, 0, 0, 0, 0, 0]	[0, 0, 0, 1, 0]	SSLSDRYSDASDDSFSEPR	1,Phospho[S];7,Phospho[Y];16,Phospho[S];	SSLSDRYSDASDDSFSEPR	1,Phospho[S];7,Phospho[Y];16,Phospho[S];	SSLSDRYSDASDDSFSEPR	1,Phospho[S];7,Phospho[Y];16,Phospho[S];
20150615_HepG2_Phos_control_70ug_1.16817.16817.2.6.dta	LSSSDRYSDASDDSFSEPR	3,Phospho[S];7,Phospho[Y];16,Phospho[S];	0.000000	3.810541	0.060000	0.069975	-0.373950	-0.006667	-0.002940	0.3684210526315789	[0, 0, 0, 0, 0, 0, 0, 0, 0, 0, 0, 0, 0, 0, 0, 0, 0, 0, 0, 0, 0, 0, 0, 0, 1, 0]	[0, 0, 0, 1, 0]	LSSSDYDSRASDDSFSEPR	3,Phospho[S];6,Phospho[Y];16,Phospho[S];	LSSSDYDSRASDDSFSEPR	3,Phospho[S];6,Phospho[Y];16,Phospho[S];	LSSSDYDSRASDDSFSEPR	3,Phospho[S];6,Phospho[Y];16,Phospho[S];
20150615_HepG2_Phos_control_70ug_1.16817.16817.2.6.dta	LSSSDRYSDASDDSFSEPR	3,Phospho[S];7,Phospho[Y];16,Phospho[S];	0.000000	3.810541	0.060000	0.069975	-1.868678	-0.020000	-0.025787	0.8421052631578947	[0, 0, 0, 0, 0, 0, 0, 0, 0, 0, 0, 0, 0, 0, 0, 0, 0, 0, 1, 0, 0, 0, 0, 0, 0, 0]	[0, 0, 0, 1, 0]	LSSSDRYSDASDSDFSEPR	3,Phospho[S];7,Phospho[Y];13,Phospho[S];	LSSSDRYSDASDDSYAEPR	3,Phospho[S];7,Phospho[Y];13,Phospho[D];	LSSSDRYSDASDSDFSEPR	3,Phospho[S];7,Phospho[Y];13,Phospho[S];
20150615_HepG2_Phos_control_70ug_1.16817.16817.2.6.dta	LSSSDRYSDASDDSFSEPR	3,Phospho[S];8,Phospho[S];11,Phospho[S];	0.000000	6.184198	0.086667	0.105081	0.014503	0.000000	0.000000	0.15789473684210525	[0, 0, 0, 0, 0, 0, 0, 0, 0, 0, 0, 0, 0, 0, 0, 0, 0, 0, 1, 0, 0, 0, 0, 0, 0, 0]	[0, 0, 0, 1, 0]	LSDSSRYSDASDDSFSEPR	5,Phospho[S];8,Phospho[S];11,Phospho[S];	SSLSDRYSDASDDSFSEPR	1,Phospho[S];8,Phospho[S];11,Phospho[S];	SSLSDRYSDASDDSFSEPR	1,Phospho[S];8,Phospho[S];11,Phospho[S];
20150615_HepG2_Phos_control_70ug_1.16817.16817.2.6.dta	LSSSDRYSDASDDSFSEPR	3,Phospho[S];8,Phospho[S];11,Phospho[S];	0.000000	6.184198	0.086667	0.105081	-0.379925	-0.006667	-0.002940	0.42105263157894735	[0, 0, 0, 0, 0, 0, 0, 0, 0, 0, 0, 0, 0, 0, 0, 0, 0, 0, 1, 0, 0, 0, 0, 0, 0, 0]	[0, 0, 0, 1, 0]	LSSSDYDSRASDDSFSEPR	3,Phospho[S];7,Phospho[D];11,Phospho[S];	LSSSDRYDSSADDSFSEPR	3,Phospho[S];10,Phospho[S];11,Phospho[A];	LSSSDDYRSASDDSFSEPR	3,Phospho[S];6,Phospho[D];11,Phospho[S];
20150615_HepG2_Phos_control_70ug_1.16817.16817.2.6.dta	LSSSDRYSDASDDSFSEPR	3,Phospho[S];8,Phospho[S];11,Phospho[S];	0.000000	6.184198	0.086667	0.105081	-0.841173	-0.006667	-0.008855	0.5789473684210527	[0, 0, 0, 0, 0, 0, 0, 0, 0, 0, 0, 0, 0, 0, 0, 0, 0, 0, 1, 0, 0, 0, 0, 0, 0, 0]	[0, 0, 0, 1, 0]	LSSSDRYSCPMGDSFSEPR	3,Phospho[S];8,Phospho[S];9,Phospho[C];	LSSSDRYDSGTDDSFSEPR	3,Phospho[S];10,Phospho[G];11,Phospho[T];	LSSSDRYSDSADDSFSEPR	3,Phospho[S];8,Phospho[S];13,Phospho[D];
20150615_HepG2_Phos_control_70ug_1.16817.16817.2.6.dta	LSSSDRYSDASDDSFSEPR	3,Phospho[S];8,Phospho[S];14,Phospho[S];	0.000000	6.180635	0.093333	0.100223	0.000000	0.000000	0.000000	0.15789473684210525	[0, 0, 0, 0, 0, 0, 0, 0, 0, 0, 0, 0, 0, 0, 0, 0, 0, 0, 1, 0, 0, 0, 0, 0, 0, 0]	[0, 0, 0, 1, 0]	SSLSDRYSDASDDSFSEPR	1,Phospho[S];8,Phospho[S];14,Phospho[S];	SSLSDRYSDASDDSFSEPR	1,Phospho[S];8,Phospho[S];14,Phospho[S];	SSLSDRYSDASDDSFSEPR	1,Phospho[S];8,Phospho[S];14,Phospho[S];
20150615_HepG2_Phos_control_70ug_1.16817.16817.2.6.dta	LSSSDRYSDASDDSFSEPR	3,Phospho[S];8,Phospho[S];14,Phospho[S];	0.000000	6.180635	0.093333	0.100223	-0.649576	-0.006667	-0.007632	0.42105263157894735	[0, 0, 0, 0, 0, 0, 0, 0, 0, 0, 0, 0, 0, 0, 0, 0, 0, 0, 1, 0, 0, 0, 0, 0, 0, 0]	[0, 0, 0, 1, 0]	LSSSDRYDSTGDDSFSEPR	3,Phospho[S];11,Phospho[G];14,Phospho[S];	LSSSDRYDSASDDSFSEPR	3,Phospho[S];10,Phospho[A];14,Phospho[S];	LSSSDRYDSASDDSFSEPR	3,Phospho[S];10,Phospho[A];14,Phospho[S];
20150615_HepG2_Phos_control_70ug_1.16817.16817.2.6.dta	LSSSDRYSDASDDSFSEPR	3,Phospho[S];8,Phospho[S];14,Phospho[S];	0.000000	6.180635	0.093333	0.100223	0.427900	0.006667	0.004461	0.7368421052631579	[0, 0, 0, 0, 0, 0, 0, 0, 0, 0, 0, 0, 0, 0, 0, 0, 0, 0, 1, 0, 0, 0, 0, 0, 0, 0]	[0, 0, 0, 1, 0]	LSSSDRYSDASDDYASEPR	3,Phospho[S];8,Phospho[S];13,Phospho[D];	LSSSDRYSDASDSDFSEPR	3,Phospho[S];8,Phospho[S];14,Phospho[D];	LSSSDRYSDASDSDFSEPR	3,Phospho[S];8,Phospho[S];14,Phospho[D];
20150615_HepG2_Phos_control_70ug_1.16817.16817.2.6.dta	LSSSDRYSDASDDSFSEPR	3,Phospho[S];8,Phospho[S];16,Phospho[S];	0.000000	3.810541	0.060000	0.069975	0.000000	0.000000	0.000000	0.15789473684210525	[0, 0, 0, 0, 0, 0, 0, 0, 0, 0, 0, 0, 0, 0, 0, 0, 0, 0, 1, 0, 0, 0, 0, 0, 0, 0]	[0, 0, 0, 1, 0]	SSLSDRYSDASDDSFSEPR	1,Phospho[S];8,Phospho[S];16,Phospho[S];	SSLSDRYSDASDDSFSEPR	1,Phospho[S];8,Phospho[S];16,Phospho[S];	SSLSDRYSDASDDSFSEPR	1,Phospho[S];8,Phospho[S];16,Phospho[S];
20150615_HepG2_Phos_control_70ug_1.16817.16817.2.6.dta	LSSSDRYSDASDDSFSEPR	3,Phospho[S];8,Phospho[S];16,Phospho[S];	0.000000	3.810541	0.060000	0.069975	-0.652818	-0.006667	-0.007632	0.42105263157894735	[0, 0, 0, 0, 0, 0, 0, 0, 0, 0, 0, 0, 0, 0, 0, 0, 0, 0, 1, 0, 0, 0, 0, 0, 0, 0]	[0, 0, 0, 1, 0]	LSSSDRYSDSADDSFSEPR	3,Phospho[S];11,Phospho[A];16,Phospho[S];	LSSSDRYDSSADDSFSEPR	3,Phospho[S];11,Phospho[A];16,Phospho[S];	LSSSDRYDSSADDSFSEPR	3,Phospho[S];11,Phospho[A];16,Phospho[S];
20150615_HepG2_Phos_control_70ug_1.16817.16817.2.6.dta	LSSSDRYSDASDDSFSEPR	3,Phospho[S];8,Phospho[S];16,Phospho[S];	0.000000	3.810541	0.060000	0.069975	-1.868678	-0.020000	-0.025787	0.8421052631578947	[0, 0, 0, 0, 0, 0, 0, 0, 0, 0, 0, 0, 0, 0, 0, 0, 0, 0, 1, 0, 0, 0, 0, 0, 0, 0]	[0, 0, 0, 1, 0]	LSSSDRYSDASDSDFSEPR	3,Phospho[S];8,Phospho[S];13,Phospho[S];	LSSSDRYSDASDDSYAEPR	3,Phospho[S];8,Phospho[S];13,Phospho[D];	LSSSDRYSDASDSDFSEPR	3,Phospho[S];8,Phospho[S];13,Phospho[S];
20150615_HepG2_Phos_control_70ug_1.16817.16817.2.6.dta	LSSSDRYSDASDDSFSEPR	3,Phospho[S];11,Phospho[S];14,Phospho[S];	0.000000	7.154067	0.106667	0.112239	0.000000	0.000000	0.000000	0.15789473684210525	[0, 0, 0, 0, 0, 0, 0, 0, 0, 0, 0, 0, 0, 0, 0, 0, 0, 0, 1, 0, 0, 0, 0, 0, 0, 0]	[0, 0, 0, 1, 0]	SSLSDRYSDASDDSFSEPR	1,Phospho[S];11,Phospho[S];14,Phospho[S];	SSLSDRYSDASDDSFSEPR	1,Phospho[S];11,Phospho[S];14,Phospho[S];	SSLSDRYSDASDDSFSEPR	1,Phospho[S];11,Phospho[S];14,Phospho[S];
20150615_HepG2_Phos_control_70ug_1.16817.16817.2.6.dta	LSSSDRYSDASDDSFSEPR	3,Phospho[S];11,Phospho[S];14,Phospho[S];	0.000000	7.154067	0.106667	0.112239	0.323856	0.006667	0.004384	0.5789473684210527	[0, 0, 0, 0, 0, 0, 0, 0, 0, 0, 0, 0, 0, 0, 0, 0, 0, 0, 1, 0, 0, 0, 0, 0, 0, 0]	[0, 0, 0, 1, 0]	LSSSDRYSDASDDSFSEPR	3,Phospho[S];10,Phospho[A];14,Phospho[S];	LSSSDRYSDTGDDSFSEPR	3,Phospho[S];11,Phospho[G];14,Phospho[S];	LSSSDRYSDTGDDSFSEPR	3,Phospho[S];11,Phospho[G];14,Phospho[S];
20150615_HepG2_Phos_control_70ug_1.16817.16817.2.6.dta	LSSSDRYSDASDDSFSEPR	3,Phospho[S];11,Phospho[S];14,Phospho[S];	0.000000	7.154067	0.106667	0.112239	0.418382	0.006667	0.004461	0.7368421052631579	[0, 0, 0, 0, 0, 0, 0, 0, 0, 0, 0, 0, 0, 0, 0, 0, 0, 0, 1, 0, 0, 0, 0, 0, 0, 0]	[0, 0, 0, 1, 0]	LSSSDRYSDASDDFSSEPR	3,Phospho[S];11,Phospho[S];13,Phospho[D];	LSSSDRYSDASDDYASEPR	3,Phospho[S];11,Phospho[S];13,Phospho[D];	LSSSDRYSDASDSDFSEPR	3,Phospho[S];11,Phospho[S];14,Phospho[D];
20150615_HepG2_Phos_control_70ug_1.16817.16817.2.6.dta	LSSSDRYSDASDDSFSEPR	3,Phospho[S];11,Phospho[S];16,Phospho[S];	0.000000	4.807547	0.073333	0.081990	0.000000	0.000000	0.000000	0.15789473684210525	[0, 0, 0, 0, 0, 0, 0, 0, 0, 0, 0, 0, 0, 0, 0, 0, 0, 0, 1, 0, 0, 0, 0, 0, 0, 0]	[0, 0, 0, 1, 0]	SSLSDRYSDASDDSFSEPR	1,Phospho[S];11,Phospho[S];16,Phospho[S];	SSLSDRYSDASDDSFSEPR	1,Phospho[S];11,Phospho[S];16,Phospho[S];	SSLSDRYSDASDDSFSEPR	1,Phospho[S];11,Phospho[S];16,Phospho[S];
20150615_HepG2_Phos_control_70ug_1.16817.16817.2.6.dta	LSSSDRYSDASDDSFSEPR	3,Phospho[S];11,Phospho[S];16,Phospho[S];	0.000000	4.807547	0.073333	0.081990	0.344188	0.006667	0.004384	0.5789473684210527	[0, 0, 0, 0, 0, 0, 0, 0, 0, 0, 0, 0, 0, 0, 0, 0, 0, 0, 1, 0, 0, 0, 0, 0, 0, 0]	[0, 0, 0, 1, 0]	LSSSDRYDSGTDDSFSEPR	3,Phospho[S];11,Phospho[T];16,Phospho[S];	LSSSDRYDSSADDSFSEPR	3,Phospho[S];11,Phospho[A];16,Phospho[S];	LSSSDRYDSSADDSFSEPR	3,Phospho[S];11,Phospho[A];16,Phospho[S];
20150615_HepG2_Phos_control_70ug_1.16817.16817.2.6.dta	LSSSDRYSDASDDSFSEPR	3,Phospho[S];11,Phospho[S];16,Phospho[S];	0.000000	4.807547	0.073333	0.081990	-1.848567	-0.020000	-0.025787	0.8421052631578947	[0, 0, 0, 0, 0, 0, 0, 0, 0, 0, 0, 0, 0, 0, 0, 0, 0, 0, 1, 0, 0, 0, 0, 0, 0, 0]	[0, 0, 0, 1, 0]	LSSSDRYSDASDSDFSEPR	3,Phospho[S];11,Phospho[S];13,Phospho[S];	LSSSDRYSDASDDSYAEPR	3,Phospho[S];11,Phospho[S];13,Phospho[D];	LSSSDRYSDASDSDFSEPR	3,Phospho[S];11,Phospho[S];13,Phospho[S];
20150615_HepG2_Phos_control_70ug_1.16817.16817.2.6.dta	LSSSDRYSDASDDSFSEPR	3,Phospho[S];14,Phospho[S];16,Phospho[S];	0.000000	3.435364	0.053333	0.068673	0.000000	0.000000	0.000000	0.15789473684210525	[0, 0, 0, 0, 0, 0, 0, 0, 0, 0, 0, 0, 0, 0, 0, 0, 0, 0, 1, 0, 0, 0, 0, 0, 0, 0]	[0, 0, 0, 1, 0]	SSLSDRYSDASDDSFSEPR	1,Phospho[S];14,Phospho[S];16,Phospho[S];	SSLSDRYSDASDDSFSEPR	1,Phospho[S];14,Phospho[S];16,Phospho[S];	SSLSDRYSDASDDSFSEPR	1,Phospho[S];14,Phospho[S];16,Phospho[S];
20150615_HepG2_Phos_control_70ug_1.16817.16817.2.6.dta	LSSSDRYSDASDDSFSEPR	3,Phospho[S];14,Phospho[S];16,Phospho[S];	0.000000	3.435364	0.053333	0.068673	-1.579298	-0.020000	-0.019344	0.7368421052631579	[0, 0, 0, 0, 0, 0, 0, 0, 0, 0, 0, 0, 0, 0, 0, 0, 0, 0, 1, 0, 0, 0, 0, 0, 0, 0]	[0, 0, 0, 1, 0]	LSSSDRYSDASDDSFSEPR	3,Phospho[S];13,Phospho[D];15,Phospho[F];	LSSSDRYSDASDDSFSEPR	3,Phospho[S];11,Phospho[S];16,Phospho[S];	LSSSDRYSDASDDFSSEPR	3,Phospho[S];13,Phospho[D];15,Phospho[S];
20150615_HepG2_Phos_control_70ug_1.16817.16817.2.6.dta	LSSSDRYSDASDDSFSEPR	3,Phospho[S];14,Phospho[S];16,Phospho[S];	0.000000	3.435364	0.053333	0.068673	-1.579298	-0.020000	-0.019344	0.8421052631578947	[0, 0, 0, 0, 0, 0, 0, 0, 0, 0, 0, 0, 0, 0, 0, 0, 0, 0, 1, 0, 0, 0, 0, 0, 0, 0]	[0, 0, 0, 1, 0]	LSSSDRYSDASDDSFSEPR	3,Phospho[S];13,Phospho[D];15,Phospho[F];	LSSSDRYSDASDGYESEPR	3,Phospho[S];13,Phospho[G];14,Phospho[Y];	LSSSDRYSDASDDFSSEPR	3,Phospho[S];13,Phospho[D];15,Phospho[S];
20150615_HepG2_Phos_control_70ug_1.16817.16817.2.6.dta	LSSSDRYSDASDDSFSEPR	4,Phospho[S];7,Phospho[Y];8,Phospho[S];	0.000000	6.184198	0.086667	0.105081	0.000000	0.000000	0.000000	0.21052631578947367	[0, 0, 0, 0, 0, 0, 0, 0, 0, 0, 0, 0, 0, 0, 0, 0, 0, 0, 1, 0, 0, 0, 0, 0, 0, 0]	[0, 0, 0, 1, 0]	SSLSDRYSDASDDSFSEPR	2,Phospho[S];7,Phospho[Y];8,Phospho[S];	SSLSDRYSDASDDSFSEPR	2,Phospho[S];7,Phospho[Y];8,Phospho[S];	SSLSDRYSDASDDSFSEPR	2,Phospho[S];7,Phospho[Y];8,Phospho[S];
20150615_HepG2_Phos_control_70ug_1.16817.16817.2.6.dta	LSSSDRYSDASDDSFSEPR	4,Phospho[S];7,Phospho[Y];8,Phospho[S];	0.000000	6.184198	0.086667	0.105081	-0.379925	-0.006667	-0.002940	0.3684210526315789	[0, 0, 0, 0, 0, 0, 0, 0, 0, 0, 0, 0, 0, 0, 0, 0, 0, 0, 0, 0, 0, 0, 0, 0, 1, 0]	[0, 0, 0, 1, 0]	LSSSDDYSRASDDSFSEPR	4,Phospho[S];6,Phospho[D];9,Phospho[R];	LSSSDYDSRASDDSFSEPR	4,Phospho[S];6,Phospho[Y];9,Phospho[R];	LSSSDYDSRASDDSFSEPR	4,Phospho[S];6,Phospho[Y];8,Phospho[S];
20150615_HepG2_Phos_control_70ug_1.16817.16817.2.6.dta	LSSSDRYSDASDDSFSEPR	4,Phospho[S];7,Phospho[Y];8,Phospho[S];	0.000000	6.184198	0.086667	0.105081	-0.379925	-0.006667	-0.002940	0.42105263157894735	[0, 0, 0, 0, 0, 0, 0, 0, 0, 0, 0, 0, 0, 0, 0, 0, 0, 0, 1, 0, 0, 0, 0, 0, 0, 0]	[0, 0, 0, 1, 0]	LSSSDDYSRASDDSFSEPR	4,Phospho[S];6,Phospho[D];9,Phospho[R];	LSSSDYDSRASDDSFSEPR	4,Phospho[S];6,Phospho[Y];9,Phospho[R];	LSSSDYDSRASDDSFSEPR	4,Phospho[S];6,Phospho[Y];8,Phospho[S];
20150615_HepG2_Phos_control_70ug_1.16817.16817.2.6.dta	LSSSDRYSDASDDSFSEPR	4,Phospho[S];7,Phospho[Y];11,Phospho[S];	0.000000	6.184198	0.086667	0.105081	0.000000	0.000000	0.000000	0.21052631578947367	[0, 0, 0, 0, 0, 0, 0, 0, 0, 0, 0, 0, 0, 0, 0, 0, 0, 0, 1, 0, 0, 0, 0, 0, 0, 0]	[0, 0, 0, 1, 0]	SSLSDRYSDASDDSFSEPR	2,Phospho[S];7,Phospho[Y];11,Phospho[S];	SSLSDRYSDASDDSFSEPR	2,Phospho[S];7,Phospho[Y];11,Phospho[S];	SSLSDRYSDASDDSFSEPR	2,Phospho[S];7,Phospho[Y];11,Phospho[S];
20150615_HepG2_Phos_control_70ug_1.16817.16817.2.6.dta	LSSSDRYSDASDDSFSEPR	4,Phospho[S];7,Phospho[Y];11,Phospho[S];	0.000000	6.184198	0.086667	0.105081	-0.379925	-0.006667	-0.002940	0.3684210526315789	[0, 0, 0, 0, 0, 0, 0, 0, 0, 0, 0, 0, 0, 0, 0, 0, 0, 0, 0, 0, 0, 0, 0, 0, 1, 0]	[0, 0, 0, 1, 0]	LSSSDYDRSASDDSFSEPR	4,Phospho[S];6,Phospho[Y];11,Phospho[S];	LSSSDYDSRASDDSFSEPR	4,Phospho[S];6,Phospho[Y];11,Phospho[S];	LSSSDYDSRASDDSFSEPR	4,Phospho[S];6,Phospho[Y];11,Phospho[S];
20150615_HepG2_Phos_control_70ug_1.16817.16817.2.6.dta	LSSSDRYSDASDDSFSEPR	4,Phospho[S];7,Phospho[Y];11,Phospho[S];	0.000000	6.184198	0.086667	0.105081	-0.841173	-0.006667	-0.008855	0.5789473684210527	[0, 0, 0, 0, 0, 0, 0, 0, 0, 0, 0, 0, 0, 0, 0, 0, 0, 0, 1, 0, 0, 0, 0, 0, 0, 0]	[0, 0, 0, 1, 0]	LSSSDRYSPCGMDSFSEPR	4,Phospho[S];7,Phospho[Y];9,Phospho[P];	LSSSDRYSPCGMDSFSEPR	4,Phospho[S];7,Phospho[Y];9,Phospho[P];	LSSSDRYSDSADDSFSEPR	4,Phospho[S];7,Phospho[Y];13,Phospho[D];
20150615_HepG2_Phos_control_70ug_1.16817.16817.2.6.dta	LSSSDRYSDASDDSFSEPR	4,Phospho[S];7,Phospho[Y];14,Phospho[S];	0.000000	6.180635	0.093333	0.100223	0.000000	0.000000	0.000000	0.21052631578947367	[0, 0, 0, 0, 0, 0, 0, 0, 0, 0, 0, 0, 0, 0, 0, 0, 0, 0, 1, 0, 0, 0, 0, 0, 0, 0]	[0, 0, 0, 1, 0]	SSLSDRYSDASDDSFSEPR	2,Phospho[S];7,Phospho[Y];14,Phospho[S];	SSLSDRYSDASDDSFSEPR	2,Phospho[S];7,Phospho[Y];14,Phospho[S];	SSLSDRYSDASDDSFSEPR	2,Phospho[S];7,Phospho[Y];14,Phospho[S];
20150615_HepG2_Phos_control_70ug_1.16817.16817.2.6.dta	LSSSDRYSDASDDSFSEPR	4,Phospho[S];7,Phospho[Y];14,Phospho[S];	0.000000	6.180635	0.093333	0.100223	-0.377590	-0.006667	-0.002940	0.3684210526315789	[0, 0, 0, 0, 0, 0, 0, 0, 0, 0, 0, 0, 0, 0, 0, 0, 0, 0, 0, 0, 0, 0, 0, 0, 1, 0]	[0, 0, 0, 1, 0]	LSSSDYDSRASDDSFSEPR	4,Phospho[S];6,Phospho[Y];14,Phospho[S];	LSSSDYDSRASDDSFSEPR	4,Phospho[S];6,Phospho[Y];14,Phospho[S];	LSSSDYDSRASDDSFSEPR	4,Phospho[S];6,Phospho[Y];14,Phospho[S];
20150615_HepG2_Phos_control_70ug_1.16817.16817.2.6.dta	LSSSDRYSDASDDSFSEPR	4,Phospho[S];7,Phospho[Y];14,Phospho[S];	0.000000	6.180635	0.093333	0.100223	0.427900	0.006667	0.004461	0.7368421052631579	[0, 0, 0, 0, 0, 0, 0, 0, 0, 0, 0, 0, 0, 0, 0, 0, 0, 0, 1, 0, 0, 0, 0, 0, 0, 0]	[0, 0, 0, 1, 0]	LSSSDRYSDASDDYASEPR	4,Phospho[S];7,Phospho[Y];13,Phospho[D];	LSSSDRYSDASDSDFSEPR	4,Phospho[S];7,Phospho[Y];14,Phospho[D];	LSSSDRYSDASDSDFSEPR	4,Phospho[S];7,Phospho[Y];14,Phospho[D];
20150615_HepG2_Phos_control_70ug_1.16817.16817.2.6.dta	LSSSDRYSDASDDSFSEPR	4,Phospho[S];7,Phospho[Y];16,Phospho[S];	0.000000	3.810541	0.060000	0.069975	0.000000	0.000000	0.000000	0.21052631578947367	[0, 0, 0, 0, 0, 0, 0, 0, 0, 0, 0, 0, 0, 0, 0, 0, 0, 0, 1, 0, 0, 0, 0, 0, 0, 0]	[0, 0, 0, 1, 0]	SSLSDRYSDASDDSFSEPR	2,Phospho[S];7,Phospho[Y];16,Phospho[S];	SSLSDRYSDASDDSFSEPR	2,Phospho[S];7,Phospho[Y];16,Phospho[S];	SSLSDRYSDASDDSFSEPR	2,Phospho[S];7,Phospho[Y];16,Phospho[S];
20150615_HepG2_Phos_control_70ug_1.16817.16817.2.6.dta	LSSSDRYSDASDDSFSEPR	4,Phospho[S];7,Phospho[Y];16,Phospho[S];	0.000000	3.810541	0.060000	0.069975	-0.373950	-0.006667	-0.002940	0.3684210526315789	[0, 0, 0, 0, 0, 0, 0, 0, 0, 0, 0, 0, 0, 0, 0, 0, 0, 0, 0, 0, 0, 0, 0, 0, 1, 0]	[0, 0, 0, 1, 0]	LSSSDYDSRASDDSFSEPR	4,Phospho[S];6,Phospho[Y];16,Phospho[S];	LSSSDYDSRASDDSFSEPR	4,Phospho[S];6,Phospho[Y];16,Phospho[S];	LSSSDYDSRASDDSFSEPR	4,Phospho[S];6,Phospho[Y];16,Phospho[S];
20150615_HepG2_Phos_control_70ug_1.16817.16817.2.6.dta	LSSSDRYSDASDDSFSEPR	4,Phospho[S];7,Phospho[Y];16,Phospho[S];	0.000000	3.810541	0.060000	0.069975	-1.868678	-0.020000	-0.025787	0.8421052631578947	[0, 0, 0, 0, 0, 0, 0, 0, 0, 0, 0, 0, 0, 0, 0, 0, 0, 0, 1, 0, 0, 0, 0, 0, 0, 0]	[0, 0, 0, 1, 0]	LSSSDRYSDASDSDFSEPR	4,Phospho[S];7,Phospho[Y];13,Phospho[S];	LSSSDRYSDASDDSYAEPR	4,Phospho[S];7,Phospho[Y];13,Phospho[D];	LSSSDRYSDASDSDFSEPR	4,Phospho[S];7,Phospho[Y];13,Phospho[S];
20150615_HepG2_Phos_control_70ug_1.16817.16817.2.6.dta	LSSSDRYSDASDDSFSEPR	4,Phospho[S];8,Phospho[S];11,Phospho[S];	0.000000	6.184198	0.086667	0.105081	0.000000	0.000000	0.000000	0.21052631578947367	[0, 0, 0, 0, 0, 0, 0, 0, 0, 0, 0, 0, 0, 0, 0, 0, 0, 0, 1, 0, 0, 0, 0, 0, 0, 0]	[0, 0, 0, 1, 0]	SSLSDRYSDASDDSFSEPR	2,Phospho[S];8,Phospho[S];11,Phospho[S];	SSLSDRYSDASDDSFSEPR	2,Phospho[S];8,Phospho[S];11,Phospho[S];	SSLSDRYSDASDDSFSEPR	2,Phospho[S];8,Phospho[S];11,Phospho[S];
20150615_HepG2_Phos_control_70ug_1.16817.16817.2.6.dta	LSSSDRYSDASDDSFSEPR	4,Phospho[S];8,Phospho[S];11,Phospho[S];	0.000000	6.184198	0.086667	0.105081	-0.379925	-0.006667	-0.002940	0.42105263157894735	[0, 0, 0, 0, 0, 0, 0, 0, 0, 0, 0, 0, 0, 0, 0, 0, 0, 0, 1, 0, 0, 0, 0, 0, 0, 0]	[0, 0, 0, 1, 0]	LSSSDYDSRASDDSFSEPR	4,Phospho[S];7,Phospho[D];11,Phospho[S];	LSSSDRYDSSADDSFSEPR	4,Phospho[S];10,Phospho[S];11,Phospho[A];	LSSSDDYRSASDDSFSEPR	4,Phospho[S];6,Phospho[D];11,Phospho[S];
20150615_HepG2_Phos_control_70ug_1.16817.16817.2.6.dta	LSSSDRYSDASDDSFSEPR	4,Phospho[S];8,Phospho[S];11,Phospho[S];	0.000000	6.184198	0.086667	0.105081	-0.841173	-0.006667	-0.008855	0.5789473684210527	[0, 0, 0, 0, 0, 0, 0, 0, 0, 0, 0, 0, 0, 0, 0, 0, 0, 0, 1, 0, 0, 0, 0, 0, 0, 0]	[0, 0, 0, 1, 0]	LSSSDRYSCPMGDSFSEPR	4,Phospho[S];8,Phospho[S];9,Phospho[C];	LSSSDRYDSGTDDSFSEPR	4,Phospho[S];10,Phospho[G];11,Phospho[T];	LSSSDRYSDSADDSFSEPR	4,Phospho[S];8,Phospho[S];13,Phospho[D];
20150615_HepG2_Phos_control_70ug_1.16817.16817.2.6.dta	LSSSDRYSDASDDSFSEPR	4,Phospho[S];8,Phospho[S];14,Phospho[S];	0.000000	6.180635	0.093333	0.100223	0.000000	0.000000	0.000000	0.21052631578947367	[0, 0, 0, 0, 0, 0, 0, 0, 0, 0, 0, 0, 0, 0, 0, 0, 0, 0, 1, 0, 0, 0, 0, 0, 0, 0]	[0, 0, 0, 1, 0]	SSLSDRYSDASDDSFSEPR	2,Phospho[S];8,Phospho[S];14,Phospho[S];	SSLSDRYSDASDDSFSEPR	2,Phospho[S];8,Phospho[S];14,Phospho[S];	SSLSDRYSDASDDSFSEPR	2,Phospho[S];8,Phospho[S];14,Phospho[S];
20150615_HepG2_Phos_control_70ug_1.16817.16817.2.6.dta	LSSSDRYSDASDDSFSEPR	4,Phospho[S];8,Phospho[S];14,Phospho[S];	0.000000	6.180635	0.093333	0.100223	-0.649576	-0.006667	-0.007632	0.42105263157894735	[0, 0, 0, 0, 0, 0, 0, 0, 0, 0, 0, 0, 0, 0, 0, 0, 0, 0, 1, 0, 0, 0, 0, 0, 0, 0]	[0, 0, 0, 1, 0]	LSSSDRYDSTGDDSFSEPR	4,Phospho[S];11,Phospho[G];14,Phospho[S];	LSSSDRYDSASDDSFSEPR	4,Phospho[S];10,Phospho[A];14,Phospho[S];	LSSSDRYDSASDDSFSEPR	4,Phospho[S];10,Phospho[A];14,Phospho[S];
20150615_HepG2_Phos_control_70ug_1.16817.16817.2.6.dta	LSSSDRYSDASDDSFSEPR	4,Phospho[S];8,Phospho[S];14,Phospho[S];	0.000000	6.180635	0.093333	0.100223	0.427900	0.006667	0.004461	0.7368421052631579	[0, 0, 0, 0, 0, 0, 0, 0, 0, 0, 0, 0, 0, 0, 0, 0, 0, 0, 1, 0, 0, 0, 0, 0, 0, 0]	[0, 0, 0, 1, 0]	LSSSDRYSDASDDYASEPR	4,Phospho[S];8,Phospho[S];13,Phospho[D];	LSSSDRYSDASDSDFSEPR	4,Phospho[S];8,Phospho[S];14,Phospho[D];	LSSSDRYSDASDSDFSEPR	4,Phospho[S];8,Phospho[S];14,Phospho[D];
20150615_HepG2_Phos_control_70ug_1.16817.16817.2.6.dta	LSSSDRYSDASDDSFSEPR	4,Phospho[S];8,Phospho[S];16,Phospho[S];	0.000000	3.810541	0.060000	0.069975	0.000000	0.000000	0.000000	0.21052631578947367	[0, 0, 0, 0, 0, 0, 0, 0, 0, 0, 0, 0, 0, 0, 0, 0, 0, 0, 1, 0, 0, 0, 0, 0, 0, 0]	[0, 0, 0, 1, 0]	SSLSDRYSDASDDSFSEPR	2,Phospho[S];8,Phospho[S];16,Phospho[S];	SSLSDRYSDASDDSFSEPR	2,Phospho[S];8,Phospho[S];16,Phospho[S];	SSLSDRYSDASDDSFSEPR	2,Phospho[S];8,Phospho[S];16,Phospho[S];
20150615_HepG2_Phos_control_70ug_1.16817.16817.2.6.dta	LSSSDRYSDASDDSFSEPR	4,Phospho[S];8,Phospho[S];16,Phospho[S];	0.000000	3.810541	0.060000	0.069975	-0.652818	-0.006667	-0.007632	0.42105263157894735	[0, 0, 0, 0, 0, 0, 0, 0, 0, 0, 0, 0, 0, 0, 0, 0, 0, 0, 1, 0, 0, 0, 0, 0, 0, 0]	[0, 0, 0, 1, 0]	LSSSDRYSDSADDSFSEPR	4,Phospho[S];11,Phospho[A];16,Phospho[S];	LSSSDRYDSSADDSFSEPR	4,Phospho[S];11,Phospho[A];16,Phospho[S];	LSSSDRYDSSADDSFSEPR	4,Phospho[S];11,Phospho[A];16,Phospho[S];
20150615_HepG2_Phos_control_70ug_1.16817.16817.2.6.dta	LSSSDRYSDASDDSFSEPR	4,Phospho[S];8,Phospho[S];16,Phospho[S];	0.000000	3.810541	0.060000	0.069975	-1.868678	-0.020000	-0.025787	0.8421052631578947	[0, 0, 0, 0, 0, 0, 0, 0, 0, 0, 0, 0, 0, 0, 0, 0, 0, 0, 1, 0, 0, 0, 0, 0, 0, 0]	[0, 0, 0, 1, 0]	LSSSDRYSDASDSDFSEPR	4,Phospho[S];8,Phospho[S];13,Phospho[S];	LSSSDRYSDASDDSYAEPR	4,Phospho[S];8,Phospho[S];13,Phospho[D];	LSSSDRYSDASDSDFSEPR	4,Phospho[S];8,Phospho[S];13,Phospho[S];
20150615_HepG2_Phos_control_70ug_1.16817.16817.2.6.dta	LSSSDRYSDASDDSFSEPR	4,Phospho[S];11,Phospho[S];14,Phospho[S];	0.000000	7.154067	0.106667	0.112239	0.000000	0.000000	0.000000	0.21052631578947367	[0, 0, 0, 0, 0, 0, 0, 0, 0, 0, 0, 0, 0, 0, 0, 0, 0, 0, 1, 0, 0, 0, 0, 0, 0, 0]	[0, 0, 0, 1, 0]	SSLSDRYSDASDDSFSEPR	2,Phospho[S];11,Phospho[S];14,Phospho[S];	SSLSDRYSDASDDSFSEPR	2,Phospho[S];11,Phospho[S];14,Phospho[S];	SSLSDRYSDASDDSFSEPR	2,Phospho[S];11,Phospho[S];14,Phospho[S];
20150615_HepG2_Phos_control_70ug_1.16817.16817.2.6.dta	LSSSDRYSDASDDSFSEPR	4,Phospho[S];11,Phospho[S];14,Phospho[S];	0.000000	7.154067	0.106667	0.112239	0.323856	0.006667	0.004384	0.5789473684210527	[0, 0, 0, 0, 0, 0, 0, 0, 0, 0, 0, 0, 0, 0, 0, 0, 0, 0, 1, 0, 0, 0, 0, 0, 0, 0]	[0, 0, 0, 1, 0]	LSSSDRYSDASDDSFSEPR	4,Phospho[S];10,Phospho[A];14,Phospho[S];	LSSSDRYSDTGDDSFSEPR	4,Phospho[S];11,Phospho[G];14,Phospho[S];	LSSSDRYSDTGDDSFSEPR	4,Phospho[S];11,Phospho[G];14,Phospho[S];
20150615_HepG2_Phos_control_70ug_1.16817.16817.2.6.dta	LSSSDRYSDASDDSFSEPR	4,Phospho[S];11,Phospho[S];14,Phospho[S];	0.000000	7.154067	0.106667	0.112239	0.418382	0.006667	0.004461	0.7368421052631579	[0, 0, 0, 0, 0, 0, 0, 0, 0, 0, 0, 0, 0, 0, 0, 0, 0, 0, 1, 0, 0, 0, 0, 0, 0, 0]	[0, 0, 0, 1, 0]	LSSSDRYSDASDDFSSEPR	4,Phospho[S];11,Phospho[S];13,Phospho[D];	LSSSDRYSDASDDYASEPR	4,Phospho[S];11,Phospho[S];13,Phospho[D];	LSSSDRYSDASDSDFSEPR	4,Phospho[S];11,Phospho[S];14,Phospho[D];
20150615_HepG2_Phos_control_70ug_1.16817.16817.2.6.dta	LSSSDRYSDASDDSFSEPR	4,Phospho[S];11,Phospho[S];16,Phospho[S];	0.000000	4.807547	0.073333	0.081990	0.000000	0.000000	0.000000	0.21052631578947367	[0, 0, 0, 0, 0, 0, 0, 0, 0, 0, 0, 0, 0, 0, 0, 0, 0, 0, 1, 0, 0, 0, 0, 0, 0, 0]	[0, 0, 0, 1, 0]	SSLSDRYSDASDDSFSEPR	2,Phospho[S];11,Phospho[S];16,Phospho[S];	SSLSDRYSDASDDSFSEPR	2,Phospho[S];11,Phospho[S];16,Phospho[S];	SSLSDRYSDASDDSFSEPR	2,Phospho[S];11,Phospho[S];16,Phospho[S];
20150615_HepG2_Phos_control_70ug_1.16817.16817.2.6.dta	LSSSDRYSDASDDSFSEPR	4,Phospho[S];11,Phospho[S];16,Phospho[S];	0.000000	4.807547	0.073333	0.081990	0.344188	0.006667	0.004384	0.5789473684210527	[0, 0, 0, 0, 0, 0, 0, 0, 0, 0, 0, 0, 0, 0, 0, 0, 0, 0, 1, 0, 0, 0, 0, 0, 0, 0]	[0, 0, 0, 1, 0]	LSSSDRYDSGTDDSFSEPR	4,Phospho[S];11,Phospho[T];16,Phospho[S];	LSSSDRYDSSADDSFSEPR	4,Phospho[S];11,Phospho[A];16,Phospho[S];	LSSSDRYDSSADDSFSEPR	4,Phospho[S];11,Phospho[A];16,Phospho[S];
20150615_HepG2_Phos_control_70ug_1.16817.16817.2.6.dta	LSSSDRYSDASDDSFSEPR	4,Phospho[S];11,Phospho[S];16,Phospho[S];	0.000000	4.807547	0.073333	0.081990	-1.848567	-0.020000	-0.025787	0.8421052631578947	[0, 0, 0, 0, 0, 0, 0, 0, 0, 0, 0, 0, 0, 0, 0, 0, 0, 0, 1, 0, 0, 0, 0, 0, 0, 0]	[0, 0, 0, 1, 0]	LSSSDRYSDASDSDFSEPR	4,Phospho[S];11,Phospho[S];13,Phospho[S];	LSSSDRYSDASDDSYAEPR	4,Phospho[S];11,Phospho[S];13,Phospho[D];	LSSSDRYSDASDSDFSEPR	4,Phospho[S];11,Phospho[S];13,Phospho[S];
20150615_HepG2_Phos_control_70ug_1.16817.16817.2.6.dta	LSSSDRYSDASDDSFSEPR	4,Phospho[S];14,Phospho[S];16,Phospho[S];	0.000000	3.435364	0.053333	0.068673	0.000000	0.000000	0.000000	0.21052631578947367	[0, 0, 0, 0, 0, 0, 0, 0, 0, 0, 0, 0, 0, 0, 0, 0, 0, 0, 1, 0, 0, 0, 0, 0, 0, 0]	[0, 0, 0, 1, 0]	SSLSDRYSDASDDSFSEPR	2,Phospho[S];14,Phospho[S];16,Phospho[S];	SSLSDRYSDASDDSFSEPR	2,Phospho[S];14,Phospho[S];16,Phospho[S];	SSLSDRYSDASDDSFSEPR	2,Phospho[S];14,Phospho[S];16,Phospho[S];
20150615_HepG2_Phos_control_70ug_1.16817.16817.2.6.dta	LSSSDRYSDASDDSFSEPR	4,Phospho[S];14,Phospho[S];16,Phospho[S];	0.000000	3.435364	0.053333	0.068673	-1.579298	-0.020000	-0.019344	0.7368421052631579	[0, 0, 0, 0, 0, 0, 0, 0, 0, 0, 0, 0, 0, 0, 0, 0, 0, 0, 1, 0, 0, 0, 0, 0, 0, 0]	[0, 0, 0, 1, 0]	LSSSDRYSDASDDSFSEPR	4,Phospho[S];13,Phospho[D];15,Phospho[F];	LSSSDRYSDASDDSFSEPR	4,Phospho[S];11,Phospho[S];16,Phospho[S];	LSSSDRYSDASDDFSSEPR	4,Phospho[S];13,Phospho[D];15,Phospho[S];
20150615_HepG2_Phos_control_70ug_1.16817.16817.2.6.dta	LSSSDRYSDASDDSFSEPR	4,Phospho[S];14,Phospho[S];16,Phospho[S];	0.000000	3.435364	0.053333	0.068673	-1.579298	-0.020000	-0.019344	0.8421052631578947	[0, 0, 0, 0, 0, 0, 0, 0, 0, 0, 0, 0, 0, 0, 0, 0, 0, 0, 1, 0, 0, 0, 0, 0, 0, 0]	[0, 0, 0, 1, 0]	LSSSDRYSDASDDSFSEPR	4,Phospho[S];13,Phospho[D];15,Phospho[F];	LSSSDRYSDASDGYESEPR	4,Phospho[S];13,Phospho[G];14,Phospho[Y];	LSSSDRYSDASDDFSSEPR	4,Phospho[S];13,Phospho[D];15,Phospho[S];
20150615_HepG2_Phos_control_70ug_1.16817.16817.2.6.dta	LSSSDRYSDASDDSFSEPR	7,Phospho[Y];8,Phospho[S];11,Phospho[S];	0.000000	6.892898	0.100000	0.118917	-1.233101	-0.013333	-0.014200	0.3684210526315789	[0, 0, 0, 0, 0, 0, 0, 0, 0, 0, 0, 0, 0, 0, 0, 0, 0, 0, 0, 0, 0, 0, 0, 0, 1, 0]	[0, 0, 0, 1, 0]	LSSSDRSYADSDDSFSEPR	9,Phospho[A];10,Phospho[D];11,Phospho[S];	LSSSDRYSDASDDSFSEPR	8,Phospho[S];9,Phospho[D];11,Phospho[S];	LSSSDRSYEGSDDSFSEPR	9,Phospho[E];10,Phospho[G];11,Phospho[S];
20150615_HepG2_Phos_control_70ug_1.16817.16817.2.6.dta	LSSSDRYSDASDDSFSEPR	7,Phospho[Y];8,Phospho[S];11,Phospho[S];	0.000000	6.892898	0.100000	0.118917	-1.233101	-0.013333	-0.014200	0.42105263157894735	[0, 0, 0, 0, 0, 0, 0, 0, 0, 0, 0, 0, 0, 0, 0, 0, 0, 0, 1, 0, 0, 0, 0, 0, 0, 0]	[0, 0, 0, 1, 0]	LSSSDRSYADSDDSFSEPR	9,Phospho[A];10,Phospho[D];11,Phospho[S];	LSSSDRYSDASDDSFSEPR	8,Phospho[S];9,Phospho[D];11,Phospho[S];	LSSSDRSYEGSDDSFSEPR	9,Phospho[E];10,Phospho[G];11,Phospho[S];
20150615_HepG2_Phos_control_70ug_1.16817.16817.2.6.dta	LSSSDRYSDASDDSFSEPR	7,Phospho[Y];8,Phospho[S];11,Phospho[S];	0.000000	6.892898	0.100000	0.118917	-0.839864	-0.006667	-0.008855	0.5789473684210527	[0, 0, 0, 0, 0, 0, 0, 0, 0, 0, 0, 0, 0, 0, 0, 0, 0, 0, 1, 0, 0, 0, 0, 0, 0, 0]	[0, 0, 0, 1, 0]	LSSSDRYSCPMGDSFSEPR	7,Phospho[Y];8,Phospho[S];9,Phospho[C];	LSSSDRYDSGTDDSFSEPR	7,Phospho[Y];10,Phospho[G];11,Phospho[T];	LSSSDRYSDSADDSFSEPR	7,Phospho[Y];8,Phospho[S];13,Phospho[D];
20150615_HepG2_Phos_control_70ug_1.16817.16817.2.6.dta	LSSSDRYSDASDDSFSEPR	7,Phospho[Y];8,Phospho[S];14,Phospho[S];	0.000000	6.891567	0.106667	0.114060	-1.234569	-0.013333	-0.014200	0.3684210526315789	[0, 0, 0, 0, 0, 0, 0, 0, 0, 0, 0, 0, 0, 0, 0, 0, 0, 0, 0, 0, 0, 0, 0, 0, 1, 0]	[0, 0, 0, 1, 0]	LSSSDRSYEGSDDSFSEPR	9,Phospho[E];10,Phospho[G];14,Phospho[S];	LSSSDRYSDASDDSFSEPR	8,Phospho[S];9,Phospho[D];14,Phospho[S];	LSSSDRSYEGSDDSFSEPR	9,Phospho[E];10,Phospho[G];14,Phospho[S];
20150615_HepG2_Phos_control_70ug_1.16817.16817.2.6.dta	LSSSDRYSDASDDSFSEPR	7,Phospho[Y];8,Phospho[S];14,Phospho[S];	0.000000	6.891567	0.106667	0.114060	-1.234569	-0.013333	-0.014200	0.42105263157894735	[0, 0, 0, 0, 0, 0, 0, 0, 0, 0, 0, 0, 0, 0, 0, 0, 0, 0, 1, 0, 0, 0, 0, 0, 0, 0]	[0, 0, 0, 1, 0]	LSSSDRSYEGSDDSFSEPR	9,Phospho[E];10,Phospho[G];14,Phospho[S];	LSSSDRYSDASDDSFSEPR	8,Phospho[S];9,Phospho[D];14,Phospho[S];	LSSSDRSYEGSDDSFSEPR	9,Phospho[E];10,Phospho[G];14,Phospho[S];
20150615_HepG2_Phos_control_70ug_1.16817.16817.2.6.dta	LSSSDRYSDASDDSFSEPR	7,Phospho[Y];8,Phospho[S];14,Phospho[S];	0.000000	6.891567	0.106667	0.114060	0.426830	0.006667	0.004461	0.7368421052631579	[0, 0, 0, 0, 0, 0, 0, 0, 0, 0, 0, 0, 0, 0, 0, 0, 0, 0, 1, 0, 0, 0, 0, 0, 0, 0]	[0, 0, 0, 1, 0]	LSSSDRYSDASDDYASEPR	7,Phospho[Y];8,Phospho[S];13,Phospho[D];	LSSSDRYSDASDSDFSEPR	7,Phospho[Y];8,Phospho[S];14,Phospho[D];	LSSSDRYSDASDSDFSEPR	7,Phospho[Y];8,Phospho[S];14,Phospho[D];
20150615_HepG2_Phos_control_70ug_1.16817.16817.2.6.dta	LSSSDRYSDASDDSFSEPR	7,Phospho[Y];8,Phospho[S];16,Phospho[S];	0.000000	4.523452	0.073333	0.083811	-1.235538	-0.013333	-0.014200	0.3684210526315789	[0, 0, 0, 0, 0, 0, 0, 0, 0, 0, 0, 0, 0, 0, 0, 0, 0, 0, 0, 0, 0, 0, 0, 0, 1, 0]	[0, 0, 0, 1, 0]	LSSSDRSYEGSDDSFSEPR	9,Phospho[E];10,Phospho[G];16,Phospho[S];	LSSSDRYSDASDDSFSEPR	8,Phospho[S];9,Phospho[D];16,Phospho[S];	LSSSDRSYEGSDDSFSEPR	9,Phospho[E];10,Phospho[G];16,Phospho[S];
20150615_HepG2_Phos_control_70ug_1.16817.16817.2.6.dta	LSSSDRYSDASDDSFSEPR	7,Phospho[Y];8,Phospho[S];16,Phospho[S];	0.000000	4.523452	0.073333	0.083811	-1.235538	-0.013333	-0.014200	0.42105263157894735	[0, 0, 0, 0, 0, 0, 0, 0, 0, 0, 0, 0, 0, 0, 0, 0, 0, 0, 1, 0, 0, 0, 0, 0, 0, 0]	[0, 0, 0, 1, 0]	LSSSDRSYEGSDDSFSEPR	9,Phospho[E];10,Phospho[G];16,Phospho[S];	LSSSDRYSDASDDSFSEPR	8,Phospho[S];9,Phospho[D];16,Phospho[S];	LSSSDRSYEGSDDSFSEPR	9,Phospho[E];10,Phospho[G];16,Phospho[S];
20150615_HepG2_Phos_control_70ug_1.16817.16817.2.6.dta	LSSSDRYSDASDDSFSEPR	7,Phospho[Y];8,Phospho[S];16,Phospho[S];	0.000000	4.523452	0.073333	0.083811	-1.867058	-0.020000	-0.025787	0.8421052631578947	[0, 0, 0, 0, 0, 0, 0, 0, 0, 0, 0, 0, 0, 0, 0, 0, 0, 0, 1, 0, 0, 0, 0, 0, 0, 0]	[0, 0, 0, 1, 0]	LSSSDRYSDASDSDFSEPR	7,Phospho[Y];8,Phospho[S];13,Phospho[S];	LSSSDRYSDASDDSYAEPR	7,Phospho[Y];8,Phospho[S];13,Phospho[D];	LSSSDRYSDASDSDFSEPR	7,Phospho[Y];8,Phospho[S];13,Phospho[S];
20150615_HepG2_Phos_control_70ug_1.16817.16817.2.6.dta	LSSSDRYSDASDDSFSEPR	7,Phospho[Y];11,Phospho[S];14,Phospho[S];	0.000000	7.867658	0.120000	0.126075	-1.213833	-0.020000	-0.018660	0.3684210526315789	[0, 0, 0, 0, 0, 0, 0, 0, 0, 0, 0, 0, 0, 0, 0, 0, 0, 0, 0, 0, 0, 0, 0, 0, 1, 0]	[0, 0, 0, 1, 0]	LSSSDRYSGESDDSFSEPR	10,Phospho[E];11,Phospho[S];14,Phospho[S];	LSSSDRYSGESDDSFSEPR	9,Phospho[G];11,Phospho[S];14,Phospho[S];	LSSSDRYSEGSDDSFSEPR	9,Phospho[E];11,Phospho[S];14,Phospho[S];
20150615_HepG2_Phos_control_70ug_1.16817.16817.2.6.dta	LSSSDRYSDASDDSFSEPR	7,Phospho[Y];11,Phospho[S];14,Phospho[S];	0.000000	7.867658	0.120000	0.126075	0.325762	0.006667	0.004384	0.5789473684210527	[0, 0, 0, 0, 0, 0, 0, 0, 0, 0, 0, 0, 0, 0, 0, 0, 0, 0, 1, 0, 0, 0, 0, 0, 0, 0]	[0, 0, 0, 1, 0]	LSSSDRYDSSADDSFSEPR	7,Phospho[Y];11,Phospho[A];14,Phospho[S];	LSSSDRYSDTGDDSFSEPR	7,Phospho[Y];11,Phospho[G];14,Phospho[S];	LSSSDRYSDTGDDSFSEPR	7,Phospho[Y];11,Phospho[G];14,Phospho[S];
20150615_HepG2_Phos_control_70ug_1.16817.16817.2.6.dta	LSSSDRYSDASDDSFSEPR	7,Phospho[Y];11,Phospho[S];14,Phospho[S];	0.000000	7.867658	0.120000	0.126075	0.418216	0.006667	0.004461	0.7368421052631579	[0, 0, 0, 0, 0, 0, 0, 0, 0, 0, 0, 0, 0, 0, 0, 0, 0, 0, 1, 0, 0, 0, 0, 0, 0, 0]	[0, 0, 0, 1, 0]	LSSSDRYSDASDDFSSEPR	7,Phospho[Y];11,Phospho[S];13,Phospho[D];	LSSSDRYSDASDDYASEPR	7,Phospho[Y];11,Phospho[S];13,Phospho[D];	LSSSDRYSDASDSDFSEPR	7,Phospho[Y];11,Phospho[S];14,Phospho[D];
20150615_HepG2_Phos_control_70ug_1.16817.16817.2.6.dta	LSSSDRYSDASDDSFSEPR	7,Phospho[Y];11,Phospho[S];16,Phospho[S];	0.000000	5.520719	0.086667	0.095826	-1.205227	-0.020000	-0.018660	0.3684210526315789	[0, 0, 0, 0, 0, 0, 0, 0, 0, 0, 0, 0, 0, 0, 0, 0, 0, 0, 0, 0, 0, 0, 0, 0, 1, 0]	[0, 0, 0, 1, 0]	LSSSDRYSGESDDSFSEPR	9,Phospho[G];11,Phospho[S];16,Phospho[S];	LSSSDRYSGESDDSFSEPR	9,Phospho[G];11,Phospho[S];16,Phospho[S];	LSSSDRYSEGSDDSFSEPR	9,Phospho[E];11,Phospho[S];16,Phospho[S];
20150615_HepG2_Phos_control_70ug_1.16817.16817.2.6.dta	LSSSDRYSDASDDSFSEPR	7,Phospho[Y];11,Phospho[S];16,Phospho[S];	0.000000	5.520719	0.086667	0.095826	0.344035	0.006667	0.004384	0.5789473684210527	[0, 0, 0, 0, 0, 0, 0, 0, 0, 0, 0, 0, 0, 0, 0, 0, 0, 0, 1, 0, 0, 0, 0, 0, 0, 0]	[0, 0, 0, 1, 0]	LSSSDRYDSGTDDSFSEPR	7,Phospho[Y];11,Phospho[T];16,Phospho[S];	LSSSDRYDSSADDSFSEPR	7,Phospho[Y];11,Phospho[A];16,Phospho[S];	LSSSDRYDSSADDSFSEPR	7,Phospho[Y];11,Phospho[A];16,Phospho[S];
20150615_HepG2_Phos_control_70ug_1.16817.16817.2.6.dta	LSSSDRYSDASDDSFSEPR	7,Phospho[Y];11,Phospho[S];16,Phospho[S];	0.000000	5.520719	0.086667	0.095826	-1.849112	-0.020000	-0.025787	0.8421052631578947	[0, 0, 0, 0, 0, 0, 0, 0, 0, 0, 0, 0, 0, 0, 0, 0, 0, 0, 1, 0, 0, 0, 0, 0, 0, 0]	[0, 0, 0, 1, 0]	LSSSDRYSDASDSDFSEPR	7,Phospho[Y];11,Phospho[S];13,Phospho[S];	LSSSDRYSDASDDSYAEPR	7,Phospho[Y];11,Phospho[S];13,Phospho[D];	LSSSDRYSDASDSDFSEPR	7,Phospho[Y];11,Phospho[S];13,Phospho[S];
20150615_HepG2_Phos_control_70ug_1.16817.16817.2.6.dta	LSSSDRYSDASDDSFSEPR	7,Phospho[Y];14,Phospho[S];16,Phospho[S];	0.000000	4.149016	0.066667	0.082509	-1.209026	-0.020000	-0.018660	0.3684210526315789	[0, 0, 0, 0, 0, 0, 0, 0, 0, 0, 0, 0, 0, 0, 0, 0, 0, 0, 0, 0, 0, 0, 0, 0, 1, 0]	[0, 0, 0, 1, 0]	LSSSDRYSGESDDSFSEPR	10,Phospho[E];14,Phospho[S];16,Phospho[S];	LSSSDRSYDASDDSFSEPR	10,Phospho[A];14,Phospho[S];16,Phospho[S];	LSSSDRYSEGSDDSFSEPR	9,Phospho[E];14,Phospho[S];16,Phospho[S];
20150615_HepG2_Phos_control_70ug_1.16817.16817.2.6.dta	LSSSDRYSDASDDSFSEPR	7,Phospho[Y];14,Phospho[S];16,Phospho[S];	0.000000	4.149016	0.066667	0.082509	-1.578816	-0.020000	-0.019344	0.7368421052631579	[0, 0, 0, 0, 0, 0, 0, 0, 0, 0, 0, 0, 0, 0, 0, 0, 0, 0, 1, 0, 0, 0, 0, 0, 0, 0]	[0, 0, 0, 1, 0]	LSSSDRYSDASDDSFSEPR	7,Phospho[Y];13,Phospho[D];15,Phospho[F];	LSSSDRYSDASDDSFSEPR	7,Phospho[Y];11,Phospho[S];16,Phospho[S];	LSSSDRYSDASDDFSSEPR	7,Phospho[Y];13,Phospho[D];15,Phospho[S];
20150615_HepG2_Phos_control_70ug_1.16817.16817.2.6.dta	LSSSDRYSDASDDSFSEPR	7,Phospho[Y];14,Phospho[S];16,Phospho[S];	0.000000	4.149016	0.066667	0.082509	-1.578816	-0.020000	-0.019344	0.8421052631578947	[0, 0, 0, 0, 0, 0, 0, 0, 0, 0, 0, 0, 0, 0, 0, 0, 0, 0, 1, 0, 0, 0, 0, 0, 0, 0]	[0, 0, 0, 1, 0]	LSSSDRYSDASDDSFSEPR	7,Phospho[Y];13,Phospho[D];15,Phospho[F];	LSSSDRYSDASDGYESEPR	7,Phospho[Y];13,Phospho[G];14,Phospho[Y];	LSSSDRYSDASDDFSSEPR	7,Phospho[Y];13,Phospho[D];15,Phospho[S];
20150615_HepG2_Phos_control_70ug_1.16817.16817.2.6.dta	LSSSDRYSDASDDSFSEPR	8,Phospho[S];11,Phospho[S];14,Phospho[S];	1.000000	8.499691	0.133333	0.138167	-0.911935	-0.006667	-0.009816	0.42105263157894735	[0, 0, 0, 0, 0, 0, 0, 0, 0, 0, 0, 0, 0, 0, 0, 0, 0, 0, 1, 0, 0, 0, 0, 0, 0, 0]	[0, 0, 0, 1, 0]	LSSSDRYSDGTDDSFSEPR	9,Phospho[D];11,Phospho[T];14,Phospho[S];	LSSSDRSYDASDDSFSEPR	10,Phospho[A];11,Phospho[S];14,Phospho[S];	LSSSDRYSDSADDSFSEPR	9,Phospho[D];10,Phospho[S];14,Phospho[S];
20150615_HepG2_Phos_control_70ug_1.16817.16817.2.6.dta	LSSSDRYSDASDDSFSEPR	8,Phospho[S];11,Phospho[S];14,Phospho[S];	1.000000	8.499691	0.133333	0.138167	-0.911935	-0.006667	-0.009816	0.5789473684210527	[0, 0, 0, 0, 0, 0, 0, 0, 0, 0, 0, 0, 0, 0, 0, 0, 0, 0, 1, 0, 0, 0, 0, 0, 0, 0]	[0, 0, 0, 1, 0]	LSSSDRYSDGTDDSFSEPR	9,Phospho[D];10,Phospho[G];14,Phospho[S];	LSSSDRYSDGTDDSFSEPR	9,Phospho[D];10,Phospho[G];14,Phospho[S];	LSSSDRYSDGTDDSFSEPR	9,Phospho[D];10,Phospho[G];14,Phospho[S];
20150615_HepG2_Phos_control_70ug_1.16817.16817.2.6.dta	LSSSDRYSDASDDSFSEPR	8,Phospho[S];11,Phospho[S];14,Phospho[S];	1.000000	8.499691	0.133333	0.138167	0.419689	0.006667	0.004461	0.7368421052631579	[0, 0, 0, 0, 0, 0, 0, 0, 0, 0, 0, 0, 0, 0, 0, 0, 0, 0, 1, 0, 0, 0, 0, 0, 0, 0]	[0, 0, 0, 1, 0]	LSSSDRYSDASDDFSSEPR	8,Phospho[S];11,Phospho[S];13,Phospho[D];	LSSSDRYSDADDSSFSEPR	8,Phospho[S];11,Phospho[D];12,Phospho[D];	LSSSDRYSDASDSDFSEPR	8,Phospho[S];11,Phospho[S];14,Phospho[D];
20150615_HepG2_Phos_control_70ug_1.16817.16817.2.6.dta	LSSSDRYSDASDDSFSEPR	8,Phospho[S];11,Phospho[S];16,Phospho[S];	0.000000	6.147781	0.100000	0.107918	-0.897299	-0.006667	-0.009816	0.42105263157894735	[0, 0, 0, 0, 0, 0, 0, 0, 0, 0, 0, 0, 0, 0, 0, 0, 0, 0, 1, 0, 0, 0, 0, 0, 0, 0]	[0, 0, 0, 1, 0]	LSSSDRYSDSADDSFSEPR	9,Phospho[D];11,Phospho[A];16,Phospho[S];	LSSSDRYSGESDDSFSEPR	9,Phospho[G];11,Phospho[S];16,Phospho[S];	LSSSDRYSDSADDSFSEPR	9,Phospho[D];10,Phospho[S];16,Phospho[S];
20150615_HepG2_Phos_control_70ug_1.16817.16817.2.6.dta	LSSSDRYSDASDDSFSEPR	8,Phospho[S];11,Phospho[S];16,Phospho[S];	0.000000	6.147781	0.100000	0.107918	-0.897299	-0.006667	-0.009816	0.5789473684210527	[0, 0, 0, 0, 0, 0, 0, 0, 0, 0, 0, 0, 0, 0, 0, 0, 0, 0, 1, 0, 0, 0, 0, 0, 0, 0]	[0, 0, 0, 1, 0]	LSSSDRYSDGTDDSFSEPR	9,Phospho[D];11,Phospho[T];16,Phospho[S];	LSSSDRYSDSADDSFSEPR	9,Phospho[D];11,Phospho[A];16,Phospho[S];	LSSSDRYSDSADDSFSEPR	9,Phospho[D];11,Phospho[A];16,Phospho[S];
20150615_HepG2_Phos_control_70ug_1.16817.16817.2.6.dta	LSSSDRYSDASDDSFSEPR	8,Phospho[S];11,Phospho[S];16,Phospho[S];	0.000000	6.147781	0.100000	0.107918	-1.853426	-0.020000	-0.025787	0.8421052631578947	[0, 0, 0, 0, 0, 0, 0, 0, 0, 0, 0, 0, 0, 0, 0, 0, 0, 0, 1, 0, 0, 0, 0, 0, 0, 0]	[0, 0, 0, 1, 0]	LSSSDRYSDASDSDFSEPR	8,Phospho[S];11,Phospho[S];13,Phospho[S];	LSSSDRYSDASDDSYAEPR	8,Phospho[S];11,Phospho[S];13,Phospho[D];	LSSSDRYSDASDSDFSEPR	8,Phospho[S];11,Phospho[S];13,Phospho[S];
20150615_HepG2_Phos_control_70ug_1.16817.16817.2.6.dta	LSSSDRYSDASDDSFSEPR	8,Phospho[S];14,Phospho[S];16,Phospho[S];	0.000000	4.778158	0.080000	0.094601	-1.234541	-0.013333	-0.018700	0.42105263157894735	[0, 0, 0, 0, 0, 0, 0, 0, 0, 0, 0, 0, 0, 0, 0, 0, 0, 0, 1, 0, 0, 0, 0, 0, 0, 0]	[0, 0, 0, 1, 0]	LSSSDRYSDASDDSFSEPR	9,Phospho[D];14,Phospho[S];16,Phospho[S];	LSSSDRYSEGSDDSFSEPR	10,Phospho[G];14,Phospho[S];16,Phospho[S];	LSSSDRYDSASDDSFSEPR	10,Phospho[A];14,Phospho[S];16,Phospho[S];
20150615_HepG2_Phos_control_70ug_1.16817.16817.2.6.dta	LSSSDRYSDASDDSFSEPR	8,Phospho[S];14,Phospho[S];16,Phospho[S];	0.000000	4.778158	0.080000	0.094601	-1.582973	-0.020000	-0.019344	0.7368421052631579	[0, 0, 0, 0, 0, 0, 0, 0, 0, 0, 0, 0, 0, 0, 0, 0, 0, 0, 1, 0, 0, 0, 0, 0, 0, 0]	[0, 0, 0, 1, 0]	LSSSDRYSDASDDSFSEPR	8,Phospho[S];13,Phospho[D];15,Phospho[F];	LSSSDRYSDASDDSFSEPR	8,Phospho[S];11,Phospho[S];16,Phospho[S];	LSSSDRYSDASDDFSSEPR	8,Phospho[S];13,Phospho[D];15,Phospho[S];
20150615_HepG2_Phos_control_70ug_1.16817.16817.2.6.dta	LSSSDRYSDASDDSFSEPR	8,Phospho[S];14,Phospho[S];16,Phospho[S];	0.000000	4.778158	0.080000	0.094601	-1.582973	-0.020000	-0.019344	0.8421052631578947	[0, 0, 0, 0, 0, 0, 0, 0, 0, 0, 0, 0, 0, 0, 0, 0, 0, 0, 1, 0, 0, 0, 0, 0, 0, 0]	[0, 0, 0, 1, 0]	LSSSDRYSDASDDSFSEPR	8,Phospho[S];13,Phospho[D];15,Phospho[F];	LSSSDRYSDASDGYESEPR	8,Phospho[S];13,Phospho[G];14,Phospho[Y];	LSSSDRYSDASDDFSSEPR	8,Phospho[S];13,Phospho[D];15,Phospho[S];
20150615_HepG2_Phos_control_70ug_1.16817.16817.2.6.dta	LSSSDRYSDASDDSFSEPR	11,Phospho[S];14,Phospho[S];16,Phospho[S];	0.000000	6.542369	0.093333	0.123117	0.000000	0.000000	0.000000	0.5789473684210527	[0, 0, 0, 0, 0, 0, 0, 0, 0, 0, 0, 0, 0, 0, 0, 0, 0, 0, 1, 0, 0, 0, 0, 0, 0, 0]	[0, 0, 0, 1, 0]	LSSSDRYSDGTDDSFSEPR	11,Phospho[T];14,Phospho[S];16,Phospho[S];	LSSSDRYSDTGDDSFSEPR	10,Phospho[T];14,Phospho[S];16,Phospho[S];	LSSSDRYSDGTDDSFSEPR	11,Phospho[T];14,Phospho[S];16,Phospho[S];
20150615_HepG2_Phos_control_70ug_1.16817.16817.2.6.dta	LSSSDRYSDASDDSFSEPR	11,Phospho[S];14,Phospho[S];16,Phospho[S];	0.000000	6.542369	0.093333	0.123117	-1.593802	-0.020000	-0.019344	0.7368421052631579	[0, 0, 0, 0, 0, 0, 0, 0, 0, 0, 0, 0, 0, 0, 0, 0, 0, 0, 1, 0, 0, 0, 0, 0, 0, 0]	[0, 0, 0, 1, 0]	LSSSDRYSDASDDSFSEPR	11,Phospho[S];13,Phospho[D];15,Phospho[F];	LSSSDRYSDASNNRSEPR	11,Phospho[S];13,Phospho[N];14,Phospho[R];15,Phospho[S];	LSSSDRYSDASDDFSSEPR	11,Phospho[S];13,Phospho[D];15,Phospho[S];
20150615_HepG2_Phos_control_70ug_1.16817.16817.2.6.dta	LSSSDRYSDASDDSFSEPR	11,Phospho[S];14,Phospho[S];16,Phospho[S];	0.000000	6.542369	0.093333	0.123117	-1.593802	-0.020000	-0.019344	0.8421052631578947	[0, 0, 0, 0, 0, 0, 0, 0, 0, 0, 0, 0, 0, 0, 0, 0, 0, 0, 1, 0, 0, 0, 0, 0, 0, 0]	[0, 0, 0, 1, 0]	LSSSDRYSDASDDSFSEPR	11,Phospho[S];13,Phospho[D];15,Phospho[F];	LSSSDRYSDASDGYESEPR	11,Phospho[S];13,Phospho[G];14,Phospho[Y];	LSSSDRYSDASDDFSSEPR	11,Phospho[S];13,Phospho[D];15,Phospho[S];
20150615_HepG2_Phos_control_70ug_1.16817.16817.2.6.dta	LSSSDRYSDASDDSFSEPR	3,Phospho[S];4,Phospho[S];14,Phospho[S];	-1.000000	6.180635	0.093333	0.100223	0.000000	0.000000	0.000000	0.15789473684210525	[0, 0, 0, 0, 0, 0, 0, 0, 0, 0, 0, 0, 0, 0, 0, 0, 0, 0, 1, 0, 0, 0, 0, 0, 0, 0]	[0, 0, 0, 1, 0]	SSLSDRYSDASDDSFSEPR	1,Phospho[S];2,Phospho[S];14,Phospho[S];	SSLSDRYSDASDDSFSEPR	1,Phospho[S];2,Phospho[S];14,Phospho[S];	SSLSDRYSDASDDSFSEPR	1,Phospho[S];2,Phospho[S];14,Phospho[S];
20150615_HepG2_Phos_control_70ug_1.16817.16817.2.6.dta	LSSSDRYSDASDDSFSEPR	3,Phospho[S];4,Phospho[S];14,Phospho[S];	-1.000000	6.180635	0.093333	0.100223	0.000000	0.000000	0.000000	0.21052631578947367	[0, 0, 0, 0, 0, 0, 0, 0, 0, 0, 0, 0, 0, 0, 0, 0, 0, 0, 1, 0, 0, 0, 0, 0, 0, 0]	[0, 0, 0, 1, 0]	SSLSDRYSDASDDSFSEPR	1,Phospho[S];2,Phospho[S];14,Phospho[S];	SSLSDRYSDASDDSFSEPR	1,Phospho[S];2,Phospho[S];14,Phospho[S];	SSLSDRYSDASDDSFSEPR	1,Phospho[S];2,Phospho[S];14,Phospho[S];
20150615_HepG2_Phos_control_70ug_1.16817.16817.2.6.dta	LSSSDRYSDASDDSFSEPR	3,Phospho[S];4,Phospho[S];14,Phospho[S];	-1.000000	6.180635	0.093333	0.100223	0.427900	0.006667	0.004461	0.7368421052631579	[0, 0, 0, 0, 0, 0, 0, 0, 0, 0, 0, 0, 0, 0, 0, 0, 0, 0, 1, 0, 0, 0, 0, 0, 0, 0]	[0, 0, 0, 1, 0]	LSSSDRYSDASDDYASEPR	3,Phospho[S];4,Phospho[S];13,Phospho[D];	LSSSDRYSDASDSDFSEPR	3,Phospho[S];4,Phospho[S];14,Phospho[D];	LSSSDRYSDASDSDFSEPR	3,Phospho[S];4,Phospho[S];14,Phospho[D];
20150615_HepG2_Phos_control_70ug_1.16817.16817.2.6.dta	LSSSDRYSDASDDSFSEPR	2,Phospho[S];4,Phospho[S];16,Phospho[S];	-1.000000	3.810541	0.060000	0.069975	0.000000	0.000000	0.000000	0.10526315789473684	[0, 0, 0, 0, 0, 0, 0, 0, 0, 0, 0, 0, 0, 0, 0, 0, 0, 0, 1, 0, 0, 0, 0, 0, 0, 0]	[0, 0, 0, 1, 0]	SSLSDRYSDASDDSFSEPR	4,Phospho[S];2,Phospho[S];16,Phospho[S];	SSLSDRYSDASDDSFSEPR	4,Phospho[S];2,Phospho[S];16,Phospho[S];	SSLSDRYSDASDDSFSEPR	4,Phospho[S];2,Phospho[S];16,Phospho[S];
20150615_HepG2_Phos_control_70ug_1.16817.16817.2.6.dta	LSSSDRYSDASDDSFSEPR	2,Phospho[S];4,Phospho[S];16,Phospho[S];	-1.000000	3.810541	0.060000	0.069975	0.000000	0.000000	0.000000	0.21052631578947367	[0, 0, 0, 0, 0, 0, 0, 0, 0, 0, 0, 0, 0, 0, 0, 0, 0, 0, 1, 0, 0, 0, 0, 0, 0, 0]	[0, 0, 0, 1, 0]	SSLSDRYSDASDDSFSEPR	4,Phospho[S];2,Phospho[S];16,Phospho[S];	SSLSDRYSDASDDSFSEPR	4,Phospho[S];2,Phospho[S];16,Phospho[S];	SSLSDRYSDASDDSFSEPR	4,Phospho[S];2,Phospho[S];16,Phospho[S];
20150615_HepG2_Phos_control_70ug_1.16817.16817.2.6.dta	LSSSDRYSDASDDSFSEPR	2,Phospho[S];4,Phospho[S];16,Phospho[S];	-1.000000	3.810541	0.060000	0.069975	-1.868678	-0.020000	-0.025787	0.8421052631578947	[0, 0, 0, 0, 0, 0, 0, 0, 0, 0, 0, 0, 0, 0, 0, 0, 0, 0, 1, 0, 0, 0, 0, 0, 0, 0]	[0, 0, 0, 1, 0]	LSSSDRYSDASDSDFSEPR	2,Phospho[S];4,Phospho[S];13,Phospho[S];	LSSSDRYSDASDDSYAEPR	2,Phospho[S];4,Phospho[S];13,Phospho[D];	LSSSDRYSDASDSDFSEPR	2,Phospho[S];4,Phospho[S];13,Phospho[S];
20150615_HepG2_Phos_control_70ug_1.16817.16817.2.6.dta	LSSSDRYSDASDDSFSEPR	2,Phospho[S];3,Phospho[S];16,Phospho[S];	-1.000000	3.810541	0.060000	0.069975	0.000000	0.000000	0.000000	0.10526315789473684	[0, 0, 0, 0, 0, 0, 0, 0, 0, 0, 0, 0, 0, 0, 0, 0, 0, 0, 1, 0, 0, 0, 0, 0, 0, 0]	[0, 0, 0, 1, 0]	SSLSDRYSDASDDSFSEPR	4,Phospho[S];1,Phospho[S];16,Phospho[S];	SSLSDRYSDASDDSFSEPR	4,Phospho[S];1,Phospho[S];16,Phospho[S];	SSLSDRYSDASDDSFSEPR	4,Phospho[S];1,Phospho[S];16,Phospho[S];
20150615_HepG2_Phos_control_70ug_1.16817.16817.2.6.dta	LSSSDRYSDASDDSFSEPR	2,Phospho[S];3,Phospho[S];16,Phospho[S];	-1.000000	3.810541	0.060000	0.069975	0.000000	0.000000	0.000000	0.15789473684210525	[0, 0, 0, 0, 0, 0, 0, 0, 0, 0, 0, 0, 0, 0, 0, 0, 0, 0, 1, 0, 0, 0, 0, 0, 0, 0]	[0, 0, 0, 1, 0]	SSLSDRYSDASDDSFSEPR	4,Phospho[S];1,Phospho[S];16,Phospho[S];	SSLSDRYSDASDDSFSEPR	4,Phospho[S];1,Phospho[S];16,Phospho[S];	SSLSDRYSDASDDSFSEPR	4,Phospho[S];1,Phospho[S];16,Phospho[S];
20150615_HepG2_Phos_control_70ug_1.16817.16817.2.6.dta	LSSSDRYSDASDDSFSEPR	2,Phospho[S];3,Phospho[S];16,Phospho[S];	-1.000000	3.810541	0.060000	0.069975	-1.868678	-0.020000	-0.025787	0.8421052631578947	[0, 0, 0, 0, 0, 0, 0, 0, 0, 0, 0, 0, 0, 0, 0, 0, 0, 0, 1, 0, 0, 0, 0, 0, 0, 0]	[0, 0, 0, 1, 0]	LSSSDRYSDASDSDFSEPR	2,Phospho[S];3,Phospho[S];13,Phospho[S];	LSSSDRYSDASDDSYAEPR	2,Phospho[S];3,Phospho[S];13,Phospho[D];	LSSSDRYSDASDSDFSEPR	2,Phospho[S];3,Phospho[S];13,Phospho[S];
20150615_HepG2_Phos_control_70ug_1.16817.16817.2.6.dta	LSSSDRYSDASDDSFSEPR	3,Phospho[S];7,Phospho[Y];13,Phospho[D];	-1.000000	7.031314	0.100000	0.113936	0.000000	0.000000	0.000000	0.15789473684210525	[0, 0, 0, 0, 0, 0, 0, 0, 0, 0, 0, 0, 0, 0, 0, 0, 0, 0, 1, 0, 0, 0, 0, 0, 0, 0]	[0, 0, 0, 1, 0]	SSLSDRYSDASDDSFSEPR	1,Phospho[S];7,Phospho[Y];13,Phospho[D];	SSLSDRYSDASDDSFSEPR	1,Phospho[S];7,Phospho[Y];13,Phospho[D];	SSLSDRYSDASDDSFSEPR	1,Phospho[S];7,Phospho[Y];13,Phospho[D];
20150615_HepG2_Phos_control_70ug_1.16817.16817.2.6.dta	LSSSDRYSDASDDSFSEPR	3,Phospho[S];7,Phospho[Y];13,Phospho[D];	-1.000000	7.031314	0.100000	0.113936	-0.376254	-0.006667	-0.002940	0.3684210526315789	[0, 0, 0, 0, 0, 0, 0, 0, 0, 0, 0, 0, 0, 0, 0, 0, 0, 0, 0, 0, 0, 0, 0, 0, 1, 0]	[0, 0, 0, 1, 0]	LSSSDYDSRASDDSFSEPR	3,Phospho[S];6,Phospho[Y];13,Phospho[D];	LSSSDYDSRASDDSFSEPR	3,Phospho[S];6,Phospho[Y];13,Phospho[D];	LSSSDYDSRASDDSFSEPR	3,Phospho[S];6,Phospho[Y];13,Phospho[D];
20150615_HepG2_Phos_control_70ug_1.16817.16817.2.6.dta	LSSSDRYSDASDDSFSEPR	3,Phospho[S];7,Phospho[Y];13,Phospho[D];	-1.000000	7.031314	0.100000	0.113936	1.274585	0.013333	0.017170	0.6842105263157895	[0, 0, 0, 1, 0, 0, 0, 0, 0, 0, 0, 0, 0, 0, 0, 0, 0, 0, 0, 0, 0, 0, 0, 0, 0, 0]	[0, 0, 0, 1, 0]	LSSSDRYSDADSDSFSEPR	3,Phospho[S];7,Phospho[Y];14,Phospho[S];	LSSSDRYSDADSDSFSEPR	3,Phospho[S];7,Phospho[Y];14,Phospho[S];	LSSSDRYSDADSDSFSEPR	3,Phospho[S];7,Phospho[Y];14,Phospho[S];
20150615_HepG2_Phos_control_70ug_1.16817.16817.2.6.dta	LSSSDRYSDASDDSFSEPR	2,Phospho[S];7,Phospho[Y];15,Phospho[F];	-1.000000	4.901544	0.080000	0.084857	0.000000	0.000000	0.000000	0.10526315789473684	[0, 0, 0, 0, 0, 0, 0, 0, 0, 0, 0, 0, 0, 0, 0, 0, 0, 0, 1, 0, 0, 0, 0, 0, 0, 0]	[0, 0, 0, 1, 0]	SSLSDRYSDASDDSFSEPR	4,Phospho[S];7,Phospho[Y];15,Phospho[F];	SSLSDRYSDASDDSFSEPR	4,Phospho[S];7,Phospho[Y];15,Phospho[F];	SSLSDRYSDASDDSFSEPR	4,Phospho[S];7,Phospho[Y];15,Phospho[F];
20150615_HepG2_Phos_control_70ug_1.16817.16817.2.6.dta	LSSSDRYSDASDDSFSEPR	2,Phospho[S];7,Phospho[Y];15,Phospho[F];	-1.000000	4.901544	0.080000	0.084857	-0.377109	-0.006667	-0.002940	0.3684210526315789	[0, 0, 0, 0, 0, 0, 0, 0, 0, 0, 0, 0, 0, 0, 0, 0, 0, 0, 0, 0, 0, 0, 0, 0, 1, 0]	[0, 0, 0, 1, 0]	LSSSDYDSRASDDSFSEPR	2,Phospho[S];6,Phospho[Y];15,Phospho[F];	LSSSDYDSRASDDSFSEPR	2,Phospho[S];6,Phospho[Y];15,Phospho[F];	LSSSDYDSRASDDSFSEPR	2,Phospho[S];6,Phospho[Y];15,Phospho[F];
20150615_HepG2_Phos_control_70ug_1.16817.16817.2.6.dta	LSSSDRYSDASDDSFSEPR	2,Phospho[S];7,Phospho[Y];15,Phospho[F];	-1.000000	4.901544	0.080000	0.084857	-0.777676	0.000000	-0.010905	0.7894736842105263	[0, 0, 0, 0, 0, 1, 0, 0, 0, 0, 0, 0, 0, 0, 0, 0, 0, 0, 0, 0, 0, 0, 0, 0, 0, 0]	[0, 0, 0, 1, 0]	LSSSDRYSDASDSDFSEPR	2,Phospho[S];7,Phospho[Y];14,Phospho[D];	LSSSDRYSDASDDSSFEPR	2,Phospho[S];7,Phospho[Y];13,Phospho[D];	LSSSDRYSDASDSDFSEPR	2,Phospho[S];7,Phospho[Y];14,Phospho[D];
20150615_HepG2_Phos_control_70ug_1.16817.16817.2.6.dta	LSSSDRYSDASDDSFSEPR	2,Phospho[S];3,Phospho[S];17,Phospho[E];	-1.000000	2.825372	0.040000	0.054761	0.000000	0.000000	0.000000	0.10526315789473684	[0, 0, 0, 0, 0, 0, 0, 0, 0, 0, 0, 0, 0, 0, 0, 0, 0, 0, 1, 0, 0, 0, 0, 0, 0, 0]	[0, 0, 0, 1, 0]	SSLSDRYSDASDDSFSEPR	4,Phospho[S];1,Phospho[S];17,Phospho[E];	SSLSDRYSDASDDSFSEPR	4,Phospho[S];1,Phospho[S];17,Phospho[E];	SSLSDRYSDASDDSFSEPR	4,Phospho[S];1,Phospho[S];17,Phospho[E];
20150615_HepG2_Phos_control_70ug_1.16817.16817.2.6.dta	LSSSDRYSDASDDSFSEPR	2,Phospho[S];3,Phospho[S];17,Phospho[E];	-1.000000	2.825372	0.040000	0.054761	0.000000	0.000000	0.000000	0.15789473684210525	[0, 0, 0, 0, 0, 0, 0, 0, 0, 0, 0, 0, 0, 0, 0, 0, 0, 0, 1, 0, 0, 0, 0, 0, 0, 0]	[0, 0, 0, 1, 0]	SSLSDRYSDASDDSFSEPR	4,Phospho[S];1,Phospho[S];17,Phospho[E];	SSLSDRYSDASDDSFSEPR	4,Phospho[S];1,Phospho[S];17,Phospho[E];	SSLSDRYSDASDDSFSEPR	4,Phospho[S];1,Phospho[S];17,Phospho[E];
20150615_HepG2_Phos_control_70ug_1.16817.16817.2.6.dta	LSSSDRYSDASDDSFSEPR	2,Phospho[S];3,Phospho[S];17,Phospho[E];	-1.000000	2.825372	0.040000	0.054761	-2.076171	-0.033333	-0.030096	0.8947368421052632	[0, 0, 0, 0, 1, 0, 0, 0, 0, 0, 0, 0, 0, 0, 0, 0, 0, 0, 0, 0, 0, 0, 0, 0, 0, 0]	[0, 0, 0, 1, 0]	LSSSDRYSDASDDFSSEPR	2,Phospho[S];3,Phospho[S];15,Phospho[S];	LSSSDRYSDASDDSAYEPR	2,Phospho[S];3,Phospho[S];14,Phospho[S];	LSSSDRYSDASDDYASEPR	2,Phospho[S];3,Phospho[S];14,Phospho[Y];
20150615_HepG2_Phos_control_70ug_1.16817.16817.2.6.dta	LSSSDRYSDASDDSFSEPR	3,Phospho[S];8,Phospho[S];14,Phospho[S];	-1.000000	6.180635	0.093333	0.100223	0.000000	0.000000	0.000000	0.15789473684210525	[0, 0, 0, 0, 0, 0, 0, 0, 0, 0, 0, 0, 0, 0, 0, 0, 0, 0, 1, 0, 0, 0, 0, 0, 0, 0]	[0, 0, 0, 1, 0]	SSLSDRYSDASDDSFSEPR	1,Phospho[S];8,Phospho[S];14,Phospho[S];	SSLSDRYSDASDDSFSEPR	1,Phospho[S];8,Phospho[S];14,Phospho[S];	SSLSDRYSDASDDSFSEPR	1,Phospho[S];8,Phospho[S];14,Phospho[S];
20150615_HepG2_Phos_control_70ug_1.16817.16817.2.6.dta	LSSSDRYSDASDDSFSEPR	3,Phospho[S];8,Phospho[S];14,Phospho[S];	-1.000000	6.180635	0.093333	0.100223	-0.649576	-0.006667	-0.007632	0.42105263157894735	[0, 0, 0, 0, 0, 0, 0, 0, 0, 0, 0, 0, 0, 0, 0, 0, 0, 0, 1, 0, 0, 0, 0, 0, 0, 0]	[0, 0, 0, 1, 0]	LSSSDRYDSTGDDSFSEPR	3,Phospho[S];11,Phospho[G];14,Phospho[S];	LSSSDRYDSASDDSFSEPR	3,Phospho[S];10,Phospho[A];14,Phospho[S];	LSSSDRYDSASDDSFSEPR	3,Phospho[S];10,Phospho[A];14,Phospho[S];
20150615_HepG2_Phos_control_70ug_1.16817.16817.2.6.dta	LSSSDRYSDASDDSFSEPR	3,Phospho[S];8,Phospho[S];14,Phospho[S];	-1.000000	6.180635	0.093333	0.100223	0.427900	0.006667	0.004461	0.7368421052631579	[0, 0, 0, 0, 0, 0, 0, 0, 0, 0, 0, 0, 0, 0, 0, 0, 0, 0, 1, 0, 0, 0, 0, 0, 0, 0]	[0, 0, 0, 1, 0]	LSSSDRYSDASDDYASEPR	3,Phospho[S];8,Phospho[S];13,Phospho[D];	LSSSDRYSDASDSDFSEPR	3,Phospho[S];8,Phospho[S];14,Phospho[D];	LSSSDRYSDASDSDFSEPR	3,Phospho[S];8,Phospho[S];14,Phospho[D];
20150615_HepG2_Phos_control_70ug_1.16817.16817.2.6.dta	LSSSDRYSDASDDSFSEPR	2,Phospho[S];8,Phospho[S];17,Phospho[E];	-1.000000	2.825372	0.040000	0.054761	-0.007266	-0.006667	-0.003261	0.10526315789473684	[0, 0, 0, 0, 0, 0, 0, 0, 0, 0, 0, 0, 0, 0, 0, 0, 0, 0, 1, 0, 0, 0, 0, 0, 0, 0]	[0, 0, 0, 1, 0]	SSLSDRYSDASDDSFSEPR	4,Phospho[S];8,Phospho[S];17,Phospho[E];	SSLSDRYSDASDDSFSEPR	4,Phospho[S];8,Phospho[S];17,Phospho[E];	LSDSSRYSDASDDSFSEPR	4,Phospho[S];8,Phospho[S];17,Phospho[E];
20150615_HepG2_Phos_control_70ug_1.16817.16817.2.6.dta	LSSSDRYSDASDDSFSEPR	2,Phospho[S];8,Phospho[S];17,Phospho[E];	-1.000000	2.825372	0.040000	0.054761	-0.654644	-0.006667	-0.007632	0.42105263157894735	[0, 0, 0, 0, 0, 0, 0, 0, 0, 0, 0, 0, 0, 0, 0, 0, 0, 0, 1, 0, 0, 0, 0, 0, 0, 0]	[0, 0, 0, 1, 0]	LSSSDRYDSTGDDSFSEPR	2,Phospho[S];11,Phospho[G];17,Phospho[E];	LSSSDRYDSTGDDSFSEPR	2,Phospho[S];11,Phospho[G];17,Phospho[E];	LSSSDRYDSTGDDSFSEPR	2,Phospho[S];11,Phospho[G];17,Phospho[E];
20150615_HepG2_Phos_control_70ug_1.16817.16817.2.6.dta	LSSSDRYSDASDDSFSEPR	2,Phospho[S];8,Phospho[S];17,Phospho[E];	-1.000000	2.825372	0.040000	0.054761	-2.076171	-0.033333	-0.030096	0.8947368421052632	[0, 0, 0, 0, 1, 0, 0, 0, 0, 0, 0, 0, 0, 0, 0, 0, 0, 0, 0, 0, 0, 0, 0, 0, 0, 0]	[0, 0, 0, 1, 0]	LSSSDRYSDASDDFSSEPR	2,Phospho[S];8,Phospho[S];15,Phospho[S];	LSSSDRYSDASDDSAYEPR	2,Phospho[S];8,Phospho[S];14,Phospho[S];	LSSSDRYSDASDDYASEPR	2,Phospho[S];8,Phospho[S];14,Phospho[Y];
20150615_HepG2_Phos_control_70ug_1.16817.16817.2.6.dta	LSSSDRYSDASDDSFSEPR	2,Phospho[S];3,Phospho[S];3,Phospho[S];	-1.000000	6.184198	0.086667	0.105081	0.000000	0.000000	0.000000	0.10526315789473684	[0, 0, 0, 0, 0, 0, 0, 0, 0, 0, 0, 0, 0, 0, 0, 0, 0, 0, 1, 0, 0, 0, 0, 0, 0, 0]	[0, 0, 0, 1, 0]	SSLSDRYSDASDDSFSEPR	4,Phospho[S];1,Phospho[S];	SSLSDRYSDASDDSFSEPR	4,Phospho[S];1,Phospho[S];	SSLSDRYSDASDDSFSEPR	4,Phospho[S];1,Phospho[S];
20150615_HepG2_Phos_control_70ug_1.16817.16817.2.6.dta	LSSSDRYSDASDDSFSEPR	2,Phospho[S];3,Phospho[S];3,Phospho[S];	-1.000000	6.184198	0.086667	0.105081	0.000000	0.000000	0.000000	0.15789473684210525	[0, 0, 0, 0, 0, 0, 0, 0, 0, 0, 0, 0, 0, 0, 0, 0, 0, 0, 1, 0, 0, 0, 0, 0, 0, 0]	[0, 0, 0, 1, 0]	SSLSDRYSDASDDSFSEPR	4,Phospho[S];1,Phospho[S];	SSLSDRYSDASDDSFSEPR	4,Phospho[S];1,Phospho[S];	SSLSDRYSDASDDSFSEPR	4,Phospho[S];1,Phospho[S];
20150615_HepG2_Phos_control_70ug_1.16817.16817.2.6.dta	LSSSDRYSDASDDSFSEPR	2,Phospho[S];3,Phospho[S];3,Phospho[S];	-1.000000	6.184198	0.086667	0.105081	0.000000	0.000000	0.000000	0.15789473684210525	[0, 0, 0, 0, 0, 0, 0, 0, 0, 0, 0, 0, 0, 0, 0, 0, 0, 0, 1, 0, 0, 0, 0, 0, 0, 0]	[0, 0, 0, 1, 0]	SSLSDRYSDASDDSFSEPR	4,Phospho[S];1,Phospho[S];	SSLSDRYSDASDDSFSEPR	4,Phospho[S];1,Phospho[S];	SSLSDRYSDASDDSFSEPR	4,Phospho[S];1,Phospho[S];
20150615_HepG2_Phos_control_70ug_1.16817.16817.2.6.dta	LSSSDRYSDASDDSFSEPR	3,Phospho[S];7,Phospho[Y];11,Phospho[S];	-1.000000	6.184198	0.086667	0.105081	0.014503	0.000000	0.000000	0.15789473684210525	[0, 0, 0, 0, 0, 0, 0, 0, 0, 0, 0, 0, 0, 0, 0, 0, 0, 0, 1, 0, 0, 0, 0, 0, 0, 0]	[0, 0, 0, 1, 0]	LSDSSRYSDASDDSFSEPR	5,Phospho[S];7,Phospho[Y];11,Phospho[S];	SSLSDRYSDASDDSFSEPR	1,Phospho[S];7,Phospho[Y];11,Phospho[S];	SSLSDRYSDASDDSFSEPR	1,Phospho[S];7,Phospho[Y];11,Phospho[S];
20150615_HepG2_Phos_control_70ug_1.16817.16817.2.6.dta	LSSSDRYSDASDDSFSEPR	3,Phospho[S];7,Phospho[Y];11,Phospho[S];	-1.000000	6.184198	0.086667	0.105081	-0.379925	-0.006667	-0.002940	0.3684210526315789	[0, 0, 0, 0, 0, 0, 0, 0, 0, 0, 0, 0, 0, 0, 0, 0, 0, 0, 0, 0, 0, 0, 0, 0, 1, 0]	[0, 0, 0, 1, 0]	LSSSDYDRSASDDSFSEPR	3,Phospho[S];6,Phospho[Y];11,Phospho[S];	LSSSDYDSRASDDSFSEPR	3,Phospho[S];6,Phospho[Y];11,Phospho[S];	LSSSDYDSRASDDSFSEPR	3,Phospho[S];6,Phospho[Y];11,Phospho[S];
20150615_HepG2_Phos_control_70ug_1.16817.16817.2.6.dta	LSSSDRYSDASDDSFSEPR	3,Phospho[S];7,Phospho[Y];11,Phospho[S];	-1.000000	6.184198	0.086667	0.105081	-0.841173	-0.006667	-0.008855	0.5789473684210527	[0, 0, 0, 0, 0, 0, 0, 0, 0, 0, 0, 0, 0, 0, 0, 0, 0, 0, 1, 0, 0, 0, 0, 0, 0, 0]	[0, 0, 0, 1, 0]	LSSSDRYSPCGMDSFSEPR	3,Phospho[S];7,Phospho[Y];9,Phospho[P];	LSSSDRYSPCGMDSFSEPR	3,Phospho[S];7,Phospho[Y];9,Phospho[P];	LSSSDRYSDSADDSFSEPR	3,Phospho[S];7,Phospho[Y];13,Phospho[D];
20150615_HepG2_Phos_control_70ug_1.16817.16817.2.6.dta	LSSSDRYSDASDDSFSEPR	2,Phospho[S];9,Phospho[D];11,Phospho[S];	-1.000000	6.184198	0.086667	0.105081	0.014503	0.000000	0.000000	0.10526315789473684	[0, 0, 0, 0, 0, 0, 0, 0, 0, 0, 0, 0, 0, 0, 0, 0, 0, 0, 1, 0, 0, 0, 0, 0, 0, 0]	[0, 0, 0, 1, 0]	LSDSSRYSDASDDSFSEPR	4,Phospho[S];9,Phospho[D];11,Phospho[S];	SSLSDRYSDASDDSFSEPR	4,Phospho[S];9,Phospho[D];11,Phospho[S];	SSLSDRYSDASDDSFSEPR	4,Phospho[S];9,Phospho[D];11,Phospho[S];
20150615_HepG2_Phos_control_70ug_1.16817.16817.2.6.dta	LSSSDRYSDASDDSFSEPR	2,Phospho[S];9,Phospho[D];11,Phospho[S];	-1.000000	6.184198	0.086667	0.105081	-0.841173	-0.013333	-0.007841	0.47368421052631576	[0, 0, 0, 1, 0, 0, 0, 0, 0, 0, 0, 0, 0, 0, 0, 0, 0, 0, 0, 0, 0, 0, 0, 0, 0, 0]	[0, 0, 0, 1, 0]	LSSSDRYSPCMGDSFSEPR	2,Phospho[S];9,Phospho[P];10,Phospho[C];	LSSSDRYSDSADDSFSEPR	2,Phospho[S];11,Phospho[A];12,Phospho[D];	LSSSDRYSADSDDSFSEPR	2,Phospho[S];11,Phospho[S];12,Phospho[D];
20150615_HepG2_Phos_control_70ug_1.16817.16817.2.6.dta	LSSSDRYSDASDDSFSEPR	2,Phospho[S];9,Phospho[D];11,Phospho[S];	-1.000000	6.184198	0.086667	0.105081	-0.847116	-0.013333	-0.008855	0.5789473684210527	[0, 0, 0, 0, 0, 0, 0, 0, 0, 0, 0, 0, 0, 0, 0, 0, 0, 0, 1, 0, 0, 0, 0, 0, 0, 0]	[0, 0, 0, 1, 0]	LSSSDRYSDASDDSFSEPR	2,Phospho[S];9,Phospho[D];13,Phospho[D];	LSSSDRYSDTGDDSFSEPR	2,Phospho[S];9,Phospho[D];13,Phospho[D];	LSSSDRYSDASDDSFSEPR	2,Phospho[S];9,Phospho[D];13,Phospho[D];
20150615_HepG2_Phos_control_70ug_1.16817.16817.2.6.dta	LSSSDRYSDASDDSFSEPR	3,Phospho[S];14,Phospho[S];16,Phospho[S];	-1.000000	3.435364	0.053333	0.068673	0.000000	0.000000	0.000000	0.15789473684210525	[0, 0, 0, 0, 0, 0, 0, 0, 0, 0, 0, 0, 0, 0, 0, 0, 0, 0, 1, 0, 0, 0, 0, 0, 0, 0]	[0, 0, 0, 1, 0]	SSLSDRYSDASDDSFSEPR	1,Phospho[S];14,Phospho[S];16,Phospho[S];	SSLSDRYSDASDDSFSEPR	1,Phospho[S];14,Phospho[S];16,Phospho[S];	SSLSDRYSDASDDSFSEPR	1,Phospho[S];14,Phospho[S];16,Phospho[S];
20150615_HepG2_Phos_control_70ug_1.16817.16817.2.6.dta	LSSSDRYSDASDDSFSEPR	3,Phospho[S];14,Phospho[S];16,Phospho[S];	-1.000000	3.435364	0.053333	0.068673	-1.579298	-0.020000	-0.019344	0.7368421052631579	[0, 0, 0, 0, 0, 0, 0, 0, 0, 0, 0, 0, 0, 0, 0, 0, 0, 0, 1, 0, 0, 0, 0, 0, 0, 0]	[0, 0, 0, 1, 0]	LSSSDRYSDASDDSFSEPR	3,Phospho[S];13,Phospho[D];15,Phospho[F];	LSSSDRYSDASDDSFSEPR	3,Phospho[S];11,Phospho[S];16,Phospho[S];	LSSSDRYSDASDDFSSEPR	3,Phospho[S];13,Phospho[D];15,Phospho[S];
20150615_HepG2_Phos_control_70ug_1.16817.16817.2.6.dta	LSSSDRYSDASDDSFSEPR	3,Phospho[S];14,Phospho[S];16,Phospho[S];	-1.000000	3.435364	0.053333	0.068673	-1.579298	-0.020000	-0.019344	0.8421052631578947	[0, 0, 0, 0, 0, 0, 0, 0, 0, 0, 0, 0, 0, 0, 0, 0, 0, 0, 1, 0, 0, 0, 0, 0, 0, 0]	[0, 0, 0, 1, 0]	LSSSDRYSDASDDSFSEPR	3,Phospho[S];13,Phospho[D];15,Phospho[F];	LSSSDRYSDASDGYESEPR	3,Phospho[S];13,Phospho[G];14,Phospho[Y];	LSSSDRYSDASDDFSSEPR	3,Phospho[S];13,Phospho[D];15,Phospho[S];
20150615_HepG2_Phos_control_70ug_1.16817.16817.2.6.dta	LSSSDRYSDASDDSFSEPR	2,Phospho[S];8,Phospho[S];14,Phospho[S];	-1.000000	6.180635	0.093333	0.100223	-0.000000	0.000000	0.000000	0.10526315789473684	[0, 0, 0, 0, 0, 0, 0, 0, 0, 0, 0, 0, 0, 0, 0, 0, 0, 0, 1, 0, 0, 0, 0, 0, 0, 0]	[0, 0, 0, 1, 0]	SSLSDRYSDASDDSFSEPR	4,Phospho[S];8,Phospho[S];14,Phospho[S];	SSLSDRYSDASDDSFSEPR	4,Phospho[S];8,Phospho[S];14,Phospho[S];	SSLSDRYSDASDDSFSEPR	4,Phospho[S];8,Phospho[S];14,Phospho[S];
20150615_HepG2_Phos_control_70ug_1.16817.16817.2.6.dta	LSSSDRYSDASDDSFSEPR	2,Phospho[S];8,Phospho[S];14,Phospho[S];	-1.000000	6.180635	0.093333	0.100223	-0.649576	-0.006667	-0.007632	0.42105263157894735	[0, 0, 0, 0, 0, 0, 0, 0, 0, 0, 0, 0, 0, 0, 0, 0, 0, 0, 1, 0, 0, 0, 0, 0, 0, 0]	[0, 0, 0, 1, 0]	LSSSDRYDSTGDDSFSEPR	2,Phospho[S];11,Phospho[G];14,Phospho[S];	LSSSDRYDSASDDSFSEPR	2,Phospho[S];10,Phospho[A];14,Phospho[S];	LSSSDRYDSASDDSFSEPR	2,Phospho[S];10,Phospho[A];14,Phospho[S];
20150615_HepG2_Phos_control_70ug_1.16817.16817.2.6.dta	LSSSDRYSDASDDSFSEPR	2,Phospho[S];8,Phospho[S];14,Phospho[S];	-1.000000	6.180635	0.093333	0.100223	0.427900	0.006667	0.004461	0.7368421052631579	[0, 0, 0, 0, 0, 0, 0, 0, 0, 0, 0, 0, 0, 0, 0, 0, 0, 0, 1, 0, 0, 0, 0, 0, 0, 0]	[0, 0, 0, 1, 0]	LSSSDRYSDASDDYASEPR	2,Phospho[S];8,Phospho[S];13,Phospho[D];	LSSSDRYSDASDSDFSEPR	2,Phospho[S];8,Phospho[S];14,Phospho[D];	LSSSDRYSDASDSDFSEPR	2,Phospho[S];8,Phospho[S];14,Phospho[D];
20150615_HepG2_Phos_control_70ug_1.16817.16817.2.6.dta	LSSSDRYSDASDDSFSEPR	2,Phospho[S];3,Phospho[S];8,Phospho[S];	-1.000000	6.184198	0.086667	0.105081	0.000000	0.000000	0.000000	0.10526315789473684	[0, 0, 0, 0, 0, 0, 0, 0, 0, 0, 0, 0, 0, 0, 0, 0, 0, 0, 1, 0, 0, 0, 0, 0, 0, 0]	[0, 0, 0, 1, 0]	SSLSDRYSDASDDSFSEPR	4,Phospho[S];1,Phospho[S];8,Phospho[S];	SSLSDRYSDASDDSFSEPR	4,Phospho[S];1,Phospho[S];8,Phospho[S];	SSLSDRYSDASDDSFSEPR	4,Phospho[S];1,Phospho[S];8,Phospho[S];
20150615_HepG2_Phos_control_70ug_1.16817.16817.2.6.dta	LSSSDRYSDASDDSFSEPR	2,Phospho[S];3,Phospho[S];8,Phospho[S];	-1.000000	6.184198	0.086667	0.105081	0.000000	0.000000	0.000000	0.15789473684210525	[0, 0, 0, 0, 0, 0, 0, 0, 0, 0, 0, 0, 0, 0, 0, 0, 0, 0, 1, 0, 0, 0, 0, 0, 0, 0]	[0, 0, 0, 1, 0]	SSLSDRYSDASDDSFSEPR	4,Phospho[S];1,Phospho[S];8,Phospho[S];	SSLSDRYSDASDDSFSEPR	4,Phospho[S];1,Phospho[S];8,Phospho[S];	SSLSDRYSDASDDSFSEPR	4,Phospho[S];1,Phospho[S];8,Phospho[S];
20150615_HepG2_Phos_control_70ug_1.16817.16817.2.6.dta	LSSSDRYSDASDDSFSEPR	2,Phospho[S];3,Phospho[S];8,Phospho[S];	-1.000000	6.184198	0.086667	0.105081	-0.379925	-0.006667	-0.002966	0.42105263157894735	[0, 0, 0, 0, 0, 0, 0, 0, 0, 0, 0, 0, 0, 0, 0, 0, 0, 0, 1, 0, 0, 0, 0, 0, 0, 0]	[0, 0, 0, 1, 0]	LSSSDDYSRASDDSFSEPR	2,Phospho[S];3,Phospho[S];8,Phospho[S];	LSSSDYDRSASDDSFSEPR	2,Phospho[S];3,Phospho[S];9,Phospho[S];	LSSSDPTHADASDDSFSEPR	2,Phospho[S];3,Phospho[S];6,Phospho[P];
20150615_HepG2_Phos_control_70ug_1.16817.16817.2.6.dta	LSSSDRYSDASDDSFSEPR	3,Phospho[S];11,Phospho[S];16,Phospho[S];	-1.000000	4.807547	0.073333	0.081990	0.000000	0.000000	0.000000	0.15789473684210525	[0, 0, 0, 0, 0, 0, 0, 0, 0, 0, 0, 0, 0, 0, 0, 0, 0, 0, 1, 0, 0, 0, 0, 0, 0, 0]	[0, 0, 0, 1, 0]	SSLSDRYSDASDDSFSEPR	1,Phospho[S];11,Phospho[S];16,Phospho[S];	SSLSDRYSDASDDSFSEPR	1,Phospho[S];11,Phospho[S];16,Phospho[S];	SSLSDRYSDASDDSFSEPR	1,Phospho[S];11,Phospho[S];16,Phospho[S];
20150615_HepG2_Phos_control_70ug_1.16817.16817.2.6.dta	LSSSDRYSDASDDSFSEPR	3,Phospho[S];11,Phospho[S];16,Phospho[S];	-1.000000	4.807547	0.073333	0.081990	0.344188	0.006667	0.004384	0.5789473684210527	[0, 0, 0, 0, 0, 0, 0, 0, 0, 0, 0, 0, 0, 0, 0, 0, 0, 0, 1, 0, 0, 0, 0, 0, 0, 0]	[0, 0, 0, 1, 0]	LSSSDRYDSGTDDSFSEPR	3,Phospho[S];11,Phospho[T];16,Phospho[S];	LSSSDRYDSSADDSFSEPR	3,Phospho[S];11,Phospho[A];16,Phospho[S];	LSSSDRYDSSADDSFSEPR	3,Phospho[S];11,Phospho[A];16,Phospho[S];
20150615_HepG2_Phos_control_70ug_1.16817.16817.2.6.dta	LSSSDRYSDASDDSFSEPR	3,Phospho[S];11,Phospho[S];16,Phospho[S];	-1.000000	4.807547	0.073333	0.081990	-1.848567	-0.020000	-0.025787	0.8421052631578947	[0, 0, 0, 0, 0, 0, 0, 0, 0, 0, 0, 0, 0, 0, 0, 0, 0, 0, 1, 0, 0, 0, 0, 0, 0, 0]	[0, 0, 0, 1, 0]	LSSSDRYSDASDSDFSEPR	3,Phospho[S];11,Phospho[S];13,Phospho[S];	LSSSDRYSDASDDSYAEPR	3,Phospho[S];11,Phospho[S];13,Phospho[D];	LSSSDRYSDASDSDFSEPR	3,Phospho[S];11,Phospho[S];13,Phospho[S];
20150615_HepG2_Phos_control_70ug_1.16817.16817.2.6.dta	LSSSDRYSDASDDSFSEPR	2,Phospho[S];16,Phospho[S];16,Phospho[S];	-1.000000	3.435364	0.053333	0.068673	-0.007190	-0.006667	-0.003261	0.10526315789473684	[0, 0, 0, 0, 0, 0, 0, 0, 0, 0, 0, 0, 0, 0, 0, 0, 0, 0, 1, 0, 0, 0, 0, 0, 0, 0]	[0, 0, 0, 1, 0]	SSLSDRYSDASDDSFSEPR	4,Phospho[S];16,Phospho[S];	SSLSDRYSDASDDSFSEPR	4,Phospho[S];16,Phospho[S];	LSDSSRYSDASDDSFSEPR	4,Phospho[S];16,Phospho[S];
20150615_HepG2_Phos_control_70ug_1.16817.16817.2.6.dta	LSSSDRYSDASDDSFSEPR	2,Phospho[S];16,Phospho[S];16,Phospho[S];	-1.000000	3.435364	0.053333	0.068673	-1.579298	-0.020000	-0.019344	0.8421052631578947	[0, 0, 0, 0, 0, 0, 0, 0, 0, 0, 0, 0, 0, 0, 0, 0, 0, 0, 1, 0, 0, 0, 0, 0, 0, 0]	[0, 0, 0, 1, 0]	LSSSDRYSDASDDSFSEPR	2,Phospho[S];13,Phospho[D];15,Phospho[F];	LSSSDRYSDASDGYESEPR	2,Phospho[S];13,Phospho[G];14,Phospho[Y];	LSSSDRYSDASDDFSSEPR	2,Phospho[S];13,Phospho[D];15,Phospho[S];
20150615_HepG2_Phos_control_70ug_1.16817.16817.2.6.dta	LSSSDRYSDASDDSFSEPR	2,Phospho[S];16,Phospho[S];16,Phospho[S];	-1.000000	3.435364	0.053333	0.068673	-1.579298	-0.020000	-0.019344	0.8421052631578947	[0, 0, 0, 0, 0, 0, 0, 0, 0, 0, 0, 0, 0, 0, 0, 0, 0, 0, 1, 0, 0, 0, 0, 0, 0, 0]	[0, 0, 0, 1, 0]	LSSSDRYSDASDDSFSEPR	2,Phospho[S];13,Phospho[D];15,Phospho[F];	LSSSDRYSDASDGYESEPR	2,Phospho[S];13,Phospho[G];14,Phospho[Y];	LSSSDRYSDASDDFSSEPR	2,Phospho[S];13,Phospho[D];15,Phospho[S];
20150615_HepG2_Phos_control_70ug_1.16817.16817.2.6.dta	LSSSDRYSDASDDSFSEPR	2,Phospho[S];3,Phospho[S];9,Phospho[D];	-1.000000	6.184198	0.086667	0.105081	0.000000	0.000000	0.000000	0.10526315789473684	[0, 0, 0, 0, 0, 0, 0, 0, 0, 0, 0, 0, 0, 0, 0, 0, 0, 0, 1, 0, 0, 0, 0, 0, 0, 0]	[0, 0, 0, 1, 0]	SSLSDRYSDASDDSFSEPR	4,Phospho[S];1,Phospho[S];9,Phospho[D];	SSLSDRYSDASDDSFSEPR	4,Phospho[S];1,Phospho[S];9,Phospho[D];	SSLSDRYSDASDDSFSEPR	4,Phospho[S];1,Phospho[S];9,Phospho[D];
20150615_HepG2_Phos_control_70ug_1.16817.16817.2.6.dta	LSSSDRYSDASDDSFSEPR	2,Phospho[S];3,Phospho[S];9,Phospho[D];	-1.000000	6.184198	0.086667	0.105081	0.000000	0.000000	0.000000	0.15789473684210525	[0, 0, 0, 0, 0, 0, 0, 0, 0, 0, 0, 0, 0, 0, 0, 0, 0, 0, 1, 0, 0, 0, 0, 0, 0, 0]	[0, 0, 0, 1, 0]	SSLSDRYSDASDDSFSEPR	4,Phospho[S];1,Phospho[S];9,Phospho[D];	SSLSDRYSDASDDSFSEPR	4,Phospho[S];1,Phospho[S];9,Phospho[D];	SSLSDRYSDASDDSFSEPR	4,Phospho[S];1,Phospho[S];9,Phospho[D];
20150615_HepG2_Phos_control_70ug_1.16817.16817.2.6.dta	LSSSDRYSDASDDSFSEPR	2,Phospho[S];3,Phospho[S];9,Phospho[D];	-1.000000	6.184198	0.086667	0.105081	-0.401391	-0.006667	-0.008037	0.47368421052631576	[0, 0, 0, 1, 0, 0, 0, 0, 0, 0, 0, 0, 0, 0, 0, 0, 0, 0, 0, 0, 0, 0, 0, 0, 0, 0]	[0, 0, 0, 1, 0]	LSSSDPTHDAASDDSFSEPR	2,Phospho[S];3,Phospho[S];7,Phospho[T];	LSSSDRYSCPGMDSFSEPR	2,Phospho[S];3,Phospho[S];10,Phospho[P];	LSSSDPTHDAASDDSFSEPR	2,Phospho[S];3,Phospho[S];7,Phospho[T];
20150615_HepG2_Phos_control_70ug_1.16817.16817.2.6.dta	LSSSDRYSDASDDSFSEPR	4,Phospho[S];7,Phospho[Y];11,Phospho[S];	-1.000000	6.184198	0.086667	0.105081	0.000000	0.000000	0.000000	0.21052631578947367	[0, 0, 0, 0, 0, 0, 0, 0, 0, 0, 0, 0, 0, 0, 0, 0, 0, 0, 1, 0, 0, 0, 0, 0, 0, 0]	[0, 0, 0, 1, 0]	SSLSDRYSDASDDSFSEPR	2,Phospho[S];7,Phospho[Y];11,Phospho[S];	SSLSDRYSDASDDSFSEPR	2,Phospho[S];7,Phospho[Y];11,Phospho[S];	SSLSDRYSDASDDSFSEPR	2,Phospho[S];7,Phospho[Y];11,Phospho[S];
20150615_HepG2_Phos_control_70ug_1.16817.16817.2.6.dta	LSSSDRYSDASDDSFSEPR	4,Phospho[S];7,Phospho[Y];11,Phospho[S];	-1.000000	6.184198	0.086667	0.105081	-0.379925	-0.006667	-0.002940	0.3684210526315789	[0, 0, 0, 0, 0, 0, 0, 0, 0, 0, 0, 0, 0, 0, 0, 0, 0, 0, 0, 0, 0, 0, 0, 0, 1, 0]	[0, 0, 0, 1, 0]	LSSSDYDRSASDDSFSEPR	4,Phospho[S];6,Phospho[Y];11,Phospho[S];	LSSSDYDSRASDDSFSEPR	4,Phospho[S];6,Phospho[Y];11,Phospho[S];	LSSSDYDSRASDDSFSEPR	4,Phospho[S];6,Phospho[Y];11,Phospho[S];
20150615_HepG2_Phos_control_70ug_1.16817.16817.2.6.dta	LSSSDRYSDASDDSFSEPR	4,Phospho[S];7,Phospho[Y];11,Phospho[S];	-1.000000	6.184198	0.086667	0.105081	-0.841173	-0.006667	-0.008855	0.5789473684210527	[0, 0, 0, 0, 0, 0, 0, 0, 0, 0, 0, 0, 0, 0, 0, 0, 0, 0, 1, 0, 0, 0, 0, 0, 0, 0]	[0, 0, 0, 1, 0]	LSSSDRYSPCGMDSFSEPR	4,Phospho[S];7,Phospho[Y];9,Phospho[P];	LSSSDRYSPCGMDSFSEPR	4,Phospho[S];7,Phospho[Y];9,Phospho[P];	LSSSDRYSDSADDSFSEPR	4,Phospho[S];7,Phospho[Y];13,Phospho[D];
20150615_HepG2_Phos_control_70ug_1.16817.16817.2.6.dta	LSSSDRYSDASDDSFSEPR	2,Phospho[S];7,Phospho[Y];18,Phospho[P];	-1.000000	1.377067	0.026667	0.016694	0.000000	0.000000	0.000000	0.10526315789473684	[0, 0, 0, 0, 0, 0, 0, 0, 0, 0, 0, 0, 0, 0, 0, 0, 0, 0, 1, 0, 0, 0, 0, 0, 0, 0]	[0, 0, 0, 1, 0]	SSLSDRYSDASDDSFSEPR	4,Phospho[S];7,Phospho[Y];18,Phospho[P];	SSLSDRYSDASDDSFSEPR	4,Phospho[S];7,Phospho[Y];18,Phospho[P];	SSLSDRYSDASDDSFSEPR	4,Phospho[S];7,Phospho[Y];18,Phospho[P];
20150615_HepG2_Phos_control_70ug_1.16817.16817.2.6.dta	LSSSDRYSDASDDSFSEPR	2,Phospho[S];7,Phospho[Y];18,Phospho[P];	-1.000000	1.377067	0.026667	0.016694	-0.360708	-0.006667	-0.002940	0.3684210526315789	[0, 0, 0, 0, 0, 0, 0, 0, 0, 0, 0, 0, 0, 0, 0, 0, 0, 0, 0, 0, 0, 0, 0, 0, 1, 0]	[0, 0, 0, 1, 0]	LSSSDYDRSASDDSFSEPR	2,Phospho[S];6,Phospho[Y];18,Phospho[P];	LSSSDYDSRASDDSFSEPR	2,Phospho[S];6,Phospho[Y];18,Phospho[P];	LSSSDYDSRASDDSFSEPR	2,Phospho[S];6,Phospho[Y];18,Phospho[P];
20150615_HepG2_Phos_control_70ug_1.16817.16817.2.6.dta	LSSSDRYSDASDDSFSEPR	2,Phospho[S];7,Phospho[Y];18,Phospho[P];	-1.000000	1.377067	0.026667	0.016694	-2.433474	-0.033333	-0.052950	0.9473684210526315	[0, 0, 0, 0, 0, 0, 0, 0, 0, 0, 0, 0, 0, 0, 0, 1, 0, 0, 0, 0, 0, 0, 0, 0, 0, 0]	[0, 0, 0, 1, 0]	LSSSDRYSDASDDSYAEPR	2,Phospho[S];7,Phospho[Y];15,Phospho[Y];	LSSSDRYSDASDDSAYEPR	2,Phospho[S];7,Phospho[Y];16,Phospho[Y];	LSSSDRYSDASDDSFDTPR	2,Phospho[S];7,Phospho[Y];15,Phospho[F];
20150615_HepG2_Phos_control_70ug_1.16817.16817.2.6.dta	LSSSDRYSDASDDSFSEPR	2,Phospho[S];2,Phospho[S];4,Phospho[S];	-1.000000	6.184198	0.086667	0.105081	0.000000	0.000000	0.000000	0.10526315789473684	[0, 0, 0, 0, 0, 0, 0, 0, 0, 0, 0, 0, 0, 0, 0, 0, 0, 0, 1, 0, 0, 0, 0, 0, 0, 0]	[0, 0, 0, 1, 0]	SSLSDRYSDASDDSFSEPR	4,Phospho[S];2,Phospho[S];	SSLSDRYSDASDDSFSEPR	4,Phospho[S];2,Phospho[S];	SSLSDRYSDASDDSFSEPR	4,Phospho[S];2,Phospho[S];
20150615_HepG2_Phos_control_70ug_1.16817.16817.2.6.dta	LSSSDRYSDASDDSFSEPR	2,Phospho[S];2,Phospho[S];4,Phospho[S];	-1.000000	6.184198	0.086667	0.105081	0.000000	0.000000	0.000000	0.10526315789473684	[0, 0, 0, 0, 0, 0, 0, 0, 0, 0, 0, 0, 0, 0, 0, 0, 0, 0, 1, 0, 0, 0, 0, 0, 0, 0]	[0, 0, 0, 1, 0]	SSLSDRYSDASDDSFSEPR	4,Phospho[S];2,Phospho[S];	SSLSDRYSDASDDSFSEPR	4,Phospho[S];2,Phospho[S];	SSLSDRYSDASDDSFSEPR	4,Phospho[S];2,Phospho[S];
20150615_HepG2_Phos_control_70ug_1.16817.16817.2.6.dta	LSSSDRYSDASDDSFSEPR	2,Phospho[S];2,Phospho[S];4,Phospho[S];	-1.000000	6.184198	0.086667	0.105081	0.000000	0.000000	0.000000	0.21052631578947367	[0, 0, 0, 0, 0, 0, 0, 0, 0, 0, 0, 0, 0, 0, 0, 0, 0, 0, 1, 0, 0, 0, 0, 0, 0, 0]	[0, 0, 0, 1, 0]	SSLSDRYSDASDDSFSEPR	4,Phospho[S];2,Phospho[S];	SSLSDRYSDASDDSFSEPR	4,Phospho[S];2,Phospho[S];	SSLSDRYSDASDDSFSEPR	4,Phospho[S];2,Phospho[S];
20150615_HepG2_Phos_control_70ug_1.16817.16817.2.6.dta	LSSSDRYSDASDDSFSEPR	4,Phospho[S];8,Phospho[S];10,Phospho[A];	-1.000000	6.184198	0.086667	0.105081	0.000000	0.000000	0.000000	0.21052631578947367	[0, 0, 0, 0, 0, 0, 0, 0, 0, 0, 0, 0, 0, 0, 0, 0, 0, 0, 1, 0, 0, 0, 0, 0, 0, 0]	[0, 0, 0, 1, 0]	SSLSDRYSDASDDSFSEPR	2,Phospho[S];8,Phospho[S];10,Phospho[A];	SSLSDRYSDASDDSFSEPR	2,Phospho[S];8,Phospho[S];10,Phospho[A];	SSLSDRYSDASDDSFSEPR	2,Phospho[S];8,Phospho[S];10,Phospho[A];
20150615_HepG2_Phos_control_70ug_1.16817.16817.2.6.dta	LSSSDRYSDASDDSFSEPR	4,Phospho[S];8,Phospho[S];10,Phospho[A];	-1.000000	6.184198	0.086667	0.105081	-0.379925	-0.006667	-0.002940	0.42105263157894735	[0, 0, 0, 0, 0, 0, 0, 0, 0, 0, 0, 0, 0, 0, 0, 0, 0, 0, 1, 0, 0, 0, 0, 0, 0, 0]	[0, 0, 0, 1, 0]	LSSSDYDSRASDDSFSEPR	4,Phospho[S];7,Phospho[D];10,Phospho[A];	LSSSDRYDSSADDSFSEPR	4,Phospho[S];10,Phospho[S];11,Phospho[A];	LSSSDDYRSASDDSFSEPR	4,Phospho[S];6,Phospho[D];10,Phospho[A];
20150615_HepG2_Phos_control_70ug_1.16817.16817.2.6.dta	LSSSDRYSDASDDSFSEPR	4,Phospho[S];8,Phospho[S];10,Phospho[A];	-1.000000	6.184198	0.086667	0.105081	-0.841173	-0.006667	-0.008855	0.5263157894736842	[1, 0, 0, 0, 0, 0, 0, 0, 0, 0, 0, 0, 0, 0, 0, 0, 0, 0, 0, 0, 0, 0, 0, 0, 0, 0]	[0, 0, 0, 1, 0]	LSSSDRYSPCMGDSFSEPR	4,Phospho[S];8,Phospho[S];9,Phospho[P];	LSSSDRYDSTGDDSFSEPR	4,Phospho[S];10,Phospho[T];11,Phospho[G];	LSSSDRYSDSADDSFSEPR	4,Phospho[S];8,Phospho[S];13,Phospho[D];
20150615_HepG2_Phos_control_70ug_1.16817.16817.2.6.dta	LSSSDRYSDASDDSFSEPR	2,Phospho[S];8,Phospho[S];12,Phospho[D];	-1.000000	6.611055	0.093333	0.108538	0.016221	0.000000	0.000000	0.10526315789473684	[0, 0, 0, 0, 0, 0, 0, 0, 0, 0, 0, 0, 0, 0, 0, 0, 0, 0, 1, 0, 0, 0, 0, 0, 0, 0]	[0, 0, 0, 1, 0]	LSDSSRYSDASDDSFSEPR	4,Phospho[S];8,Phospho[S];12,Phospho[D];	SSLSDRYSDASDDSFSEPR	4,Phospho[S];8,Phospho[S];12,Phospho[D];	SSLSDRYSDASDDSFSEPR	4,Phospho[S];8,Phospho[S];12,Phospho[D];
20150615_HepG2_Phos_control_70ug_1.16817.16817.2.6.dta	LSSSDRYSDASDDSFSEPR	2,Phospho[S];8,Phospho[S];12,Phospho[D];	-1.000000	6.611055	0.093333	0.108538	-0.645376	-0.006667	-0.007632	0.42105263157894735	[0, 0, 0, 0, 0, 0, 0, 0, 0, 0, 0, 0, 0, 0, 0, 0, 0, 0, 1, 0, 0, 0, 0, 0, 0, 0]	[0, 0, 0, 1, 0]	LSSSDRYDSTGDDSFSEPR	2,Phospho[S];11,Phospho[G];12,Phospho[D];	LSSSDRYDSASDDSFSEPR	2,Phospho[S];10,Phospho[A];12,Phospho[D];	LSSSDRYDSASDDSFSEPR	2,Phospho[S];10,Phospho[A];12,Phospho[D];
20150615_HepG2_Phos_control_70ug_1.16817.16817.2.6.dta	LSSSDRYSDASDDSFSEPR	2,Phospho[S];8,Phospho[S];12,Phospho[D];	-1.000000	6.611055	0.093333	0.108538	-0.414316	0.000000	-0.005398	0.631578947368421	[0, 0, 0, 1, 0, 0, 0, 0, 0, 0, 0, 0, 0, 0, 0, 0, 0, 0, 0, 0, 0, 0, 0, 0, 0, 0]	[0, 0, 0, 1, 0]	LSSSDRYSPCGMDSFSEPR	2,Phospho[S];8,Phospho[S];10,Phospho[C];	LSSSDRYSPCGMDSFSEPR	2,Phospho[S];8,Phospho[S];10,Phospho[C];	LSSSDRYSDSADDSFSEPR	2,Phospho[S];8,Phospho[S];13,Phospho[D];
20150615_HepG2_Phos_control_70ug_1.16817.16817.2.6.dta	LSSSDRYSDASDDSFSEPR	2,Phospho[S];4,Phospho[S];13,Phospho[D];	-1.000000	7.031314	0.100000	0.113936	0.000000	0.000000	0.000000	0.10526315789473684	[0, 0, 0, 0, 0, 0, 0, 0, 0, 0, 0, 0, 0, 0, 0, 0, 0, 0, 1, 0, 0, 0, 0, 0, 0, 0]	[0, 0, 0, 1, 0]	SSLSDRYSDASDDSFSEPR	4,Phospho[S];2,Phospho[S];13,Phospho[D];	SSLSDRYSDASDDSFSEPR	4,Phospho[S];2,Phospho[S];13,Phospho[D];	SSLSDRYSDASDDSFSEPR	4,Phospho[S];2,Phospho[S];13,Phospho[D];
20150615_HepG2_Phos_control_70ug_1.16817.16817.2.6.dta	LSSSDRYSDASDDSFSEPR	2,Phospho[S];4,Phospho[S];13,Phospho[D];	-1.000000	7.031314	0.100000	0.113936	0.000000	0.000000	0.000000	0.21052631578947367	[0, 0, 0, 0, 0, 0, 0, 0, 0, 0, 0, 0, 0, 0, 0, 0, 0, 0, 1, 0, 0, 0, 0, 0, 0, 0]	[0, 0, 0, 1, 0]	SSLSDRYSDASDDSFSEPR	4,Phospho[S];2,Phospho[S];13,Phospho[D];	SSLSDRYSDASDDSFSEPR	4,Phospho[S];2,Phospho[S];13,Phospho[D];	SSLSDRYSDASDDSFSEPR	4,Phospho[S];2,Phospho[S];13,Phospho[D];
20150615_HepG2_Phos_control_70ug_1.16817.16817.2.6.dta	LSSSDRYSDASDDSFSEPR	2,Phospho[S];4,Phospho[S];13,Phospho[D];	-1.000000	7.031314	0.100000	0.113936	1.274585	0.013333	0.017170	0.6842105263157895	[0, 0, 0, 1, 0, 0, 0, 0, 0, 0, 0, 0, 0, 0, 0, 0, 0, 0, 0, 0, 0, 0, 0, 0, 0, 0]	[0, 0, 0, 1, 0]	LSSSDRYSDADSDSFSEPR	2,Phospho[S];4,Phospho[S];14,Phospho[S];	LSSSDRYSDADSDSFSEPR	2,Phospho[S];4,Phospho[S];14,Phospho[S];	LSSSDRYSDADSDSFSEPR	2,Phospho[S];4,Phospho[S];14,Phospho[S];
20150615_HepG2_Phos_control_70ug_1.16817.16817.2.6.dta	LSSSDRYSDASDDSFSEPR	2,Phospho[S];11,Phospho[S];19,Phospho[R];	-1.000000	2.431857	0.046667	0.034591	-0.006859	-0.006667	-0.003261	0.10526315789473684	[0, 0, 0, 0, 0, 0, 0, 0, 0, 0, 0, 0, 0, 0, 0, 0, 0, 0, 1, 0, 0, 0, 0, 0, 0, 0]	[0, 0, 0, 1, 0]	SSLSDRYSDASDDSFSEPR	4,Phospho[S];11,Phospho[S];19,Phospho[R];	SSLSDRYSDASDDSFSEPR	4,Phospho[S];11,Phospho[S];19,Phospho[R];	LSDSSRYSDASDDSFSEPR	4,Phospho[S];11,Phospho[S];19,Phospho[R];
20150615_HepG2_Phos_control_70ug_1.16817.16817.2.6.dta	LSSSDRYSDASDDSFSEPR	2,Phospho[S];11,Phospho[S];19,Phospho[R];	-1.000000	2.431857	0.046667	0.034591	0.393080	0.006667	0.004384	0.5789473684210527	[0, 0, 0, 0, 0, 0, 0, 0, 0, 0, 0, 0, 0, 0, 0, 0, 0, 0, 1, 0, 0, 0, 0, 0, 0, 0]	[0, 0, 0, 1, 0]	LSSSDRYDSGTDDSFSEPR	2,Phospho[S];11,Phospho[T];19,Phospho[R];	LSSSDRYDSGTDDSFSEPR	2,Phospho[S];11,Phospho[T];19,Phospho[R];	LSSSDRYDSGTDDSFSEPR	2,Phospho[S];11,Phospho[T];19,Phospho[R];
20150615_HepG2_Phos_control_70ug_1.16817.16817.2.6.dta	LSSSDRYSDASDDSFSEPR	2,Phospho[S];11,Phospho[S];19,Phospho[R];	-1.000000	2.431857	0.046667	0.034591	-1.405525	-0.006667	-0.032186	1.0	[0, 0, 0, 0, 0, 0, 0, 0, 0, 0, 0, 0, 0, 0, 0, 0, 0, 1, 0, 0, 0, 0, 0, 0, 0, 0]	[0, 0, 0, 1, 0]	LSSSDRYSDASDDSFESRP	2,Phospho[S];11,Phospho[S];17,Phospho[S];	LSSSDRYSDASDDSFDTRP	2,Phospho[S];11,Phospho[S];17,Phospho[T];	LSSSDRYSDASDDSFDTRP	2,Phospho[S];11,Phospho[S];17,Phospho[T];
20150615_HepG2_Phos_control_70ug_1.16817.16817.2.6.dta	LSSSDRYSDASDDSFSEPR	2,Phospho[S];4,Phospho[S];4,Phospho[S];	-1.000000	6.184198	0.086667	0.105081	0.014503	0.000000	0.000000	0.10526315789473684	[0, 0, 0, 0, 0, 0, 0, 0, 0, 0, 0, 0, 0, 0, 0, 0, 0, 0, 1, 0, 0, 0, 0, 0, 0, 0]	[0, 0, 0, 1, 0]	LSDSSRYSDASDDSFSEPR	4,Phospho[S];2,Phospho[S];	SSLSDRYSDASDDSFSEPR	4,Phospho[S];2,Phospho[S];	SSLSDRYSDASDDSFSEPR	4,Phospho[S];2,Phospho[S];
20150615_HepG2_Phos_control_70ug_1.16817.16817.2.6.dta	LSSSDRYSDASDDSFSEPR	2,Phospho[S];4,Phospho[S];4,Phospho[S];	-1.000000	6.184198	0.086667	0.105081	0.014503	0.000000	0.000000	0.21052631578947367	[0, 0, 0, 0, 0, 0, 0, 0, 0, 0, 0, 0, 0, 0, 0, 0, 0, 0, 1, 0, 0, 0, 0, 0, 0, 0]	[0, 0, 0, 1, 0]	LSDSSRYSDASDDSFSEPR	4,Phospho[S];2,Phospho[S];	SSLSDRYSDASDDSFSEPR	4,Phospho[S];2,Phospho[S];	SSLSDRYSDASDDSFSEPR	4,Phospho[S];2,Phospho[S];
20150615_HepG2_Phos_control_70ug_1.16817.16817.2.6.dta	LSSSDRYSDASDDSFSEPR	2,Phospho[S];4,Phospho[S];4,Phospho[S];	-1.000000	6.184198	0.086667	0.105081	0.014503	0.000000	0.000000	0.21052631578947367	[0, 0, 0, 0, 0, 0, 0, 0, 0, 0, 0, 0, 0, 0, 0, 0, 0, 0, 1, 0, 0, 0, 0, 0, 0, 0]	[0, 0, 0, 1, 0]	LSDSSRYSDASDDSFSEPR	4,Phospho[S];2,Phospho[S];	SSLSDRYSDASDDSFSEPR	4,Phospho[S];2,Phospho[S];	SSLSDRYSDASDDSFSEPR	4,Phospho[S];2,Phospho[S];
20150615_HepG2_Phos_control_70ug_1.16817.16817.2.6.dta	LSSSDRYSDASDDSFSEPR	4,Phospho[S];10,Phospho[A];14,Phospho[S];	-1.000000	6.830211	0.100000	0.107855	0.000000	0.000000	0.000000	0.21052631578947367	[0, 0, 0, 0, 0, 0, 0, 0, 0, 0, 0, 0, 0, 0, 0, 0, 0, 0, 1, 0, 0, 0, 0, 0, 0, 0]	[0, 0, 0, 1, 0]	SSLSDRYSDASDDSFSEPR	2,Phospho[S];10,Phospho[A];14,Phospho[S];	SSLSDRYSDASDDSFSEPR	2,Phospho[S];10,Phospho[A];14,Phospho[S];	SSLSDRYSDASDDSFSEPR	2,Phospho[S];10,Phospho[A];14,Phospho[S];
20150615_HepG2_Phos_control_70ug_1.16817.16817.2.6.dta	LSSSDRYSDASDDSFSEPR	4,Phospho[S];10,Phospho[A];14,Phospho[S];	-1.000000	6.830211	0.100000	0.107855	0.000000	0.000000	0.000000	0.5263157894736842	[1, 0, 0, 0, 0, 0, 0, 0, 0, 0, 0, 0, 0, 0, 0, 0, 0, 0, 0, 0, 0, 0, 0, 0, 0, 0]	[0, 0, 0, 1, 0]	LSSSDRYDSGTDDSFSEPR	4,Phospho[S];10,Phospho[G];14,Phospho[S];	LSSSDRYDSSADDSFSEPR	4,Phospho[S];11,Phospho[A];14,Phospho[S];	LSSSDRYDSSADDSFSEPR	4,Phospho[S];11,Phospho[A];14,Phospho[S];
20150615_HepG2_Phos_control_70ug_1.16817.16817.2.6.dta	LSSSDRYSDASDDSFSEPR	4,Phospho[S];10,Phospho[A];14,Phospho[S];	-1.000000	6.830211	0.100000	0.107855	0.426265	0.006667	0.004461	0.7368421052631579	[0, 0, 0, 0, 0, 0, 0, 0, 0, 0, 0, 0, 0, 0, 0, 0, 0, 0, 1, 0, 0, 0, 0, 0, 0, 0]	[0, 0, 0, 1, 0]	LSSSDRYSDASDDYASEPR	4,Phospho[S];10,Phospho[A];13,Phospho[D];	LSSSDRYSDASDSDFSEPR	4,Phospho[S];10,Phospho[A];14,Phospho[D];	LSSSDRYSDASDSDFSEPR	4,Phospho[S];10,Phospho[A];14,Phospho[D];
20150615_HepG2_Phos_control_70ug_1.16817.16817.2.6.dta	LSSSDRYSDASDDSFSEPR	2,Phospho[S];11,Phospho[S];14,Phospho[S];	-1.000000	7.154067	0.106667	0.112239	-0.000000	0.000000	0.000000	0.10526315789473684	[0, 0, 0, 0, 0, 0, 0, 0, 0, 0, 0, 0, 0, 0, 0, 0, 0, 0, 1, 0, 0, 0, 0, 0, 0, 0]	[0, 0, 0, 1, 0]	SSLSDRYSDASDDSFSEPR	4,Phospho[S];11,Phospho[S];14,Phospho[S];	SSLSDRYSDASDDSFSEPR	4,Phospho[S];11,Phospho[S];14,Phospho[S];	SSLSDRYSDASDDSFSEPR	4,Phospho[S];11,Phospho[S];14,Phospho[S];
20150615_HepG2_Phos_control_70ug_1.16817.16817.2.6.dta	LSSSDRYSDASDDSFSEPR	2,Phospho[S];11,Phospho[S];14,Phospho[S];	-1.000000	7.154067	0.106667	0.112239	0.323856	0.006667	0.004384	0.5789473684210527	[0, 0, 0, 0, 0, 0, 0, 0, 0, 0, 0, 0, 0, 0, 0, 0, 0, 0, 1, 0, 0, 0, 0, 0, 0, 0]	[0, 0, 0, 1, 0]	LSSSDRYSDASDDSFSEPR	2,Phospho[S];10,Phospho[A];14,Phospho[S];	LSSSDRYSDTGDDSFSEPR	2,Phospho[S];11,Phospho[G];14,Phospho[S];	LSSSDRYSDTGDDSFSEPR	2,Phospho[S];11,Phospho[G];14,Phospho[S];
20150615_HepG2_Phos_control_70ug_1.16817.16817.2.6.dta	LSSSDRYSDASDDSFSEPR	2,Phospho[S];11,Phospho[S];14,Phospho[S];	-1.000000	7.154067	0.106667	0.112239	0.418382	0.006667	0.004461	0.7368421052631579	[0, 0, 0, 0, 0, 0, 0, 0, 0, 0, 0, 0, 0, 0, 0, 0, 0, 0, 1, 0, 0, 0, 0, 0, 0, 0]	[0, 0, 0, 1, 0]	LSSSDRYSDASDDFSSEPR	2,Phospho[S];11,Phospho[S];13,Phospho[D];	LSSSDRYSDASDDYASEPR	2,Phospho[S];11,Phospho[S];13,Phospho[D];	LSSSDRYSDASDSDFSEPR	2,Phospho[S];11,Phospho[S];14,Phospho[D];
20150615_HepG2_Phos_control_70ug_1.16817.16817.2.6.dta	LSSSDRYSDASDDSFSEPR	2,Phospho[S];3,Phospho[S];4,Phospho[S];	-1.000000	6.184198	0.086667	0.105081	0.000000	0.000000	0.000000	0.10526315789473684	[0, 0, 0, 0, 0, 0, 0, 0, 0, 0, 0, 0, 0, 0, 0, 0, 0, 0, 1, 0, 0, 0, 0, 0, 0, 0]	[0, 0, 0, 1, 0]	SSLSDRYSDASDDSFSEPR	4,Phospho[S];1,Phospho[S];2,Phospho[S];	SSLSDRYSDASDDSFSEPR	4,Phospho[S];1,Phospho[S];2,Phospho[S];	SSLSDRYSDASDDSFSEPR	4,Phospho[S];1,Phospho[S];2,Phospho[S];
20150615_HepG2_Phos_control_70ug_1.16817.16817.2.6.dta	LSSSDRYSDASDDSFSEPR	2,Phospho[S];3,Phospho[S];4,Phospho[S];	-1.000000	6.184198	0.086667	0.105081	0.000000	0.000000	0.000000	0.15789473684210525	[0, 0, 0, 0, 0, 0, 0, 0, 0, 0, 0, 0, 0, 0, 0, 0, 0, 0, 1, 0, 0, 0, 0, 0, 0, 0]	[0, 0, 0, 1, 0]	SSLSDRYSDASDDSFSEPR	4,Phospho[S];1,Phospho[S];2,Phospho[S];	SSLSDRYSDASDDSFSEPR	4,Phospho[S];1,Phospho[S];2,Phospho[S];	SSLSDRYSDASDDSFSEPR	4,Phospho[S];1,Phospho[S];2,Phospho[S];
20150615_HepG2_Phos_control_70ug_1.16817.16817.2.6.dta	LSSSDRYSDASDDSFSEPR	2,Phospho[S];3,Phospho[S];4,Phospho[S];	-1.000000	6.184198	0.086667	0.105081	0.000000	0.000000	0.000000	0.21052631578947367	[0, 0, 0, 0, 0, 0, 0, 0, 0, 0, 0, 0, 0, 0, 0, 0, 0, 0, 1, 0, 0, 0, 0, 0, 0, 0]	[0, 0, 0, 1, 0]	SSLSDRYSDASDDSFSEPR	4,Phospho[S];1,Phospho[S];2,Phospho[S];	SSLSDRYSDASDDSFSEPR	4,Phospho[S];1,Phospho[S];2,Phospho[S];	SSLSDRYSDASDDSFSEPR	4,Phospho[S];1,Phospho[S];2,Phospho[S];
20150615_HepG2_Phos_control_70ug_1.16817.16817.2.6.dta	LSSSDRYSDASDDSFSEPR	4,Phospho[S];10,Phospho[A];16,Phospho[S];	-1.000000	4.463359	0.066667	0.077606	0.000000	0.000000	0.000000	0.21052631578947367	[0, 0, 0, 0, 0, 0, 0, 0, 0, 0, 0, 0, 0, 0, 0, 0, 0, 0, 1, 0, 0, 0, 0, 0, 0, 0]	[0, 0, 0, 1, 0]	SSLSDRYSDASDDSFSEPR	2,Phospho[S];10,Phospho[A];16,Phospho[S];	SSLSDRYSDASDDSFSEPR	2,Phospho[S];10,Phospho[A];16,Phospho[S];	SSLSDRYSDASDDSFSEPR	2,Phospho[S];10,Phospho[A];16,Phospho[S];
20150615_HepG2_Phos_control_70ug_1.16817.16817.2.6.dta	LSSSDRYSDASDDSFSEPR	4,Phospho[S];10,Phospho[A];16,Phospho[S];	-1.000000	4.463359	0.066667	0.077606	0.000000	0.000000	0.000000	0.5263157894736842	[1, 0, 0, 0, 0, 0, 0, 0, 0, 0, 0, 0, 0, 0, 0, 0, 0, 0, 0, 0, 0, 0, 0, 0, 0, 0]	[0, 0, 0, 1, 0]	LSSSDRYDSGTDDSFSEPR	4,Phospho[S];11,Phospho[T];16,Phospho[S];	LSSSDRYDSTGDDSFSEPR	4,Phospho[S];11,Phospho[G];16,Phospho[S];	LSSSDRYDSTGDDSFSEPR	4,Phospho[S];11,Phospho[G];16,Phospho[S];
20150615_HepG2_Phos_control_70ug_1.16817.16817.2.6.dta	LSSSDRYSDASDDSFSEPR	4,Phospho[S];10,Phospho[A];16,Phospho[S];	-1.000000	4.463359	0.066667	0.077606	-1.865975	-0.020000	-0.025787	0.8421052631578947	[0, 0, 0, 0, 0, 0, 0, 0, 0, 0, 0, 0, 0, 0, 0, 0, 0, 0, 1, 0, 0, 0, 0, 0, 0, 0]	[0, 0, 0, 1, 0]	LSSSDRYSDASDSDFSEPR	4,Phospho[S];10,Phospho[A];13,Phospho[S];	LSSSDRYSDASDDSYAEPR	4,Phospho[S];10,Phospho[A];13,Phospho[D];	LSSSDRYSDASDSDFSEPR	4,Phospho[S];10,Phospho[A];13,Phospho[S];
20150615_HepG2_Phos_control_70ug_1.16817.16817.2.6.dta	LSSSDRYSDASDDSFSEPR	2,Phospho[S];16,Phospho[S];19,Phospho[R];	-1.000000	1.077425	0.020000	0.017897	-0.006104	-0.006667	-0.003261	0.10526315789473684	[0, 0, 0, 0, 0, 0, 0, 0, 0, 0, 0, 0, 0, 0, 0, 0, 0, 0, 1, 0, 0, 0, 0, 0, 0, 0]	[0, 0, 0, 1, 0]	SSLSDRYSDASDDSFSEPR	4,Phospho[S];16,Phospho[S];19,Phospho[R];	SSLSDRYSDASDDSFSEPR	4,Phospho[S];16,Phospho[S];19,Phospho[R];	LSDSSRYSDASDDSFSEPR	4,Phospho[S];16,Phospho[S];19,Phospho[R];
20150615_HepG2_Phos_control_70ug_1.16817.16817.2.6.dta	LSSSDRYSDASDDSFSEPR	2,Phospho[S];16,Phospho[S];19,Phospho[R];	-1.000000	1.077425	0.020000	0.017897	-1.382011	-0.013333	-0.035562	0.8421052631578947	[0, 0, 0, 0, 0, 0, 0, 0, 0, 0, 0, 0, 0, 0, 0, 0, 0, 0, 1, 0, 0, 0, 0, 0, 0, 0]	[0, 0, 0, 1, 0]	LSSSDRYSDASDDSFTDPR	2,Phospho[S];16,Phospho[T];17,Phospho[D];	LSSSDRYSDASDDSFTDPR	2,Phospho[S];16,Phospho[T];17,Phospho[D];	LSSSDRYSDASDDSFTDPR	2,Phospho[S];16,Phospho[T];17,Phospho[D];
20150615_HepG2_Phos_control_70ug_1.16817.16817.2.6.dta	LSSSDRYSDASDDSFSEPR	2,Phospho[S];16,Phospho[S];19,Phospho[R];	-1.000000	1.077425	0.020000	0.017897	-1.382011	-0.013333	-0.035562	1.0	[0, 0, 0, 0, 0, 0, 0, 0, 0, 0, 0, 0, 0, 0, 0, 0, 0, 1, 0, 0, 0, 0, 0, 0, 0, 0]	[0, 0, 0, 1, 0]	LSSSDRYSDASDDSFTDPR	2,Phospho[S];16,Phospho[T];17,Phospho[D];	LSSSDRYSDASDDSFTDPR	2,Phospho[S];16,Phospho[T];17,Phospho[D];	LSSSDRYSDASDDSFTDPR	2,Phospho[S];16,Phospho[T];17,Phospho[D];
20150615_HepG2_Phos_control_70ug_1.16817.16817.2.6.dta	LSSSDRYSDASDDSFSEPR	1,Phospho[L];2,Phospho[S];4,Phospho[S];	-1.000000	6.184198	0.086667	0.105081	0.000000	0.000000	0.000000	0.05263157894736842	[0, 0, 0, 0, 0, 0, 0, 0, 0, 0, 0, 1, 0, 0, 0, 0, 0, 0, 0, 0, 0, 0, 0, 0, 0, 0]	[0, 0, 0, 1, 0]	SSLSDRYSDASDDSFSEPR	3,Phospho[L];4,Phospho[S];2,Phospho[S];	SSLSDRYSDASDDSFSEPR	3,Phospho[L];4,Phospho[S];2,Phospho[S];	SSLSDRYSDASDDSFSEPR	3,Phospho[L];4,Phospho[S];2,Phospho[S];
20150615_HepG2_Phos_control_70ug_1.16817.16817.2.6.dta	LSSSDRYSDASDDSFSEPR	1,Phospho[L];2,Phospho[S];4,Phospho[S];	-1.000000	6.184198	0.086667	0.105081	0.000000	0.000000	0.000000	0.10526315789473684	[0, 0, 0, 0, 0, 0, 0, 0, 0, 0, 0, 0, 0, 0, 0, 0, 0, 0, 1, 0, 0, 0, 0, 0, 0, 0]	[0, 0, 0, 1, 0]	SSLSDRYSDASDDSFSEPR	3,Phospho[L];4,Phospho[S];2,Phospho[S];	SSLSDRYSDASDDSFSEPR	3,Phospho[L];4,Phospho[S];2,Phospho[S];	SSLSDRYSDASDDSFSEPR	3,Phospho[L];4,Phospho[S];2,Phospho[S];
20150615_HepG2_Phos_control_70ug_1.16817.16817.2.6.dta	LSSSDRYSDASDDSFSEPR	1,Phospho[L];2,Phospho[S];4,Phospho[S];	-1.000000	6.184198	0.086667	0.105081	0.000000	0.000000	0.000000	0.21052631578947367	[0, 0, 0, 0, 0, 0, 0, 0, 0, 0, 0, 0, 0, 0, 0, 0, 0, 0, 1, 0, 0, 0, 0, 0, 0, 0]	[0, 0, 0, 1, 0]	SSLSDRYSDASDDSFSEPR	3,Phospho[L];4,Phospho[S];2,Phospho[S];	SSLSDRYSDASDDSFSEPR	3,Phospho[L];4,Phospho[S];2,Phospho[S];	SSLSDRYSDASDDSFSEPR	3,Phospho[L];4,Phospho[S];2,Phospho[S];
20150615_HepG2_Phos_control_70ug_1.16817.16817.2.6.dta	LSSSDRYSDASDDSFSEPR	7,Phospho[Y];8,Phospho[S];15,Phospho[F];	-1.000000	5.612864	0.093333	0.098693	-1.234962	-0.013333	-0.014200	0.3684210526315789	[0, 0, 0, 0, 0, 0, 0, 0, 0, 0, 0, 0, 0, 0, 0, 0, 0, 0, 0, 0, 0, 0, 0, 0, 1, 0]	[0, 0, 0, 1, 0]	LSSSDRSYADSDDSFSEPR	9,Phospho[A];10,Phospho[D];15,Phospho[F];	LSSSDRYSDASDDSFSEPR	8,Phospho[S];9,Phospho[D];15,Phospho[F];	LSSSDRSYEGSDDSFSEPR	9,Phospho[E];10,Phospho[G];15,Phospho[F];
20150615_HepG2_Phos_control_70ug_1.16817.16817.2.6.dta	LSSSDRYSDASDDSFSEPR	7,Phospho[Y];8,Phospho[S];15,Phospho[F];	-1.000000	5.612864	0.093333	0.098693	-1.234962	-0.013333	-0.014200	0.42105263157894735	[0, 0, 0, 0, 0, 0, 0, 0, 0, 0, 0, 0, 0, 0, 0, 0, 0, 0, 1, 0, 0, 0, 0, 0, 0, 0]	[0, 0, 0, 1, 0]	LSSSDRSYADSDDSFSEPR	9,Phospho[A];10,Phospho[D];15,Phospho[F];	LSSSDRYSDASDDSFSEPR	8,Phospho[S];9,Phospho[D];15,Phospho[F];	LSSSDRSYEGSDDSFSEPR	9,Phospho[E];10,Phospho[G];15,Phospho[F];
20150615_HepG2_Phos_control_70ug_1.16817.16817.2.6.dta	LSSSDRYSDASDDSFSEPR	7,Phospho[Y];8,Phospho[S];15,Phospho[F];	-1.000000	5.612864	0.093333	0.098693	-0.777645	0.000000	-0.010905	0.7894736842105263	[0, 0, 0, 0, 0, 1, 0, 0, 0, 0, 0, 0, 0, 0, 0, 0, 0, 0, 0, 0, 0, 0, 0, 0, 0, 0]	[0, 0, 0, 1, 0]	LSSSDRYSDASDSDFSEPR	7,Phospho[Y];8,Phospho[S];14,Phospho[D];	LSSSDRYSDASDDSSFEPR	7,Phospho[Y];8,Phospho[S];13,Phospho[D];	LSSSDRYSDASDSDFSEPR	7,Phospho[Y];8,Phospho[S];14,Phospho[D];
20150615_HepG2_Phos_control_70ug_1.16817.16817.2.6.dta	LSSSDRYSDASDDSFSEPR	2,Phospho[S];7,Phospho[Y];14,Phospho[S];	-1.000000	6.180635	0.093333	0.100223	0.000000	0.000000	0.000000	0.10526315789473684	[0, 0, 0, 0, 0, 0, 0, 0, 0, 0, 0, 0, 0, 0, 0, 0, 0, 0, 1, 0, 0, 0, 0, 0, 0, 0]	[0, 0, 0, 1, 0]	SSLSDRYSDASDDSFSEPR	4,Phospho[S];7,Phospho[Y];14,Phospho[S];	SSLSDRYSDASDDSFSEPR	4,Phospho[S];7,Phospho[Y];14,Phospho[S];	SSLSDRYSDASDDSFSEPR	4,Phospho[S];7,Phospho[Y];14,Phospho[S];
20150615_HepG2_Phos_control_70ug_1.16817.16817.2.6.dta	LSSSDRYSDASDDSFSEPR	2,Phospho[S];7,Phospho[Y];14,Phospho[S];	-1.000000	6.180635	0.093333	0.100223	-0.377590	-0.006667	-0.002940	0.3684210526315789	[0, 0, 0, 0, 0, 0, 0, 0, 0, 0, 0, 0, 0, 0, 0, 0, 0, 0, 0, 0, 0, 0, 0, 0, 1, 0]	[0, 0, 0, 1, 0]	LSSSDYDSRASDDSFSEPR	2,Phospho[S];6,Phospho[Y];14,Phospho[S];	LSSSDYDSRASDDSFSEPR	2,Phospho[S];6,Phospho[Y];14,Phospho[S];	LSSSDYDSRASDDSFSEPR	2,Phospho[S];6,Phospho[Y];14,Phospho[S];
20150615_HepG2_Phos_control_70ug_1.16817.16817.2.6.dta	LSSSDRYSDASDDSFSEPR	2,Phospho[S];7,Phospho[Y];14,Phospho[S];	-1.000000	6.180635	0.093333	0.100223	0.427900	0.006667	0.004461	0.7368421052631579	[0, 0, 0, 0, 0, 0, 0, 0, 0, 0, 0, 0, 0, 0, 0, 0, 0, 0, 1, 0, 0, 0, 0, 0, 0, 0]	[0, 0, 0, 1, 0]	LSSSDRYSDASDDYASEPR	2,Phospho[S];7,Phospho[Y];13,Phospho[D];	LSSSDRYSDASDSDFSEPR	2,Phospho[S];7,Phospho[Y];14,Phospho[D];	LSSSDRYSDASDSDFSEPR	2,Phospho[S];7,Phospho[Y];14,Phospho[D];
20150615_HepG2_Phos_control_70ug_1.16817.16817.2.6.dta	LSSSDRYSDASDDSFSEPR	7,Phospho[Y];11,Phospho[S];11,Phospho[S];	-1.000000	7.857182	0.113333	0.130932	-1.216810	-0.020000	-0.018660	0.3684210526315789	[0, 0, 0, 0, 0, 0, 0, 0, 0, 0, 0, 0, 0, 0, 0, 0, 0, 0, 0, 0, 0, 0, 0, 0, 1, 0]	[0, 0, 0, 1, 0]	LSSSDRYSEGSDDSFSEPR	10,Phospho[G];11,Phospho[S];11,Phospho[S];	LSSSDRYSGESDDSFSEPR	9,Phospho[G];11,Phospho[S];11,Phospho[S];	LSSSDRYSEGSDDSFSEPR	9,Phospho[E];11,Phospho[S];11,Phospho[S];
20150615_HepG2_Phos_control_70ug_1.16817.16817.2.6.dta	LSSSDRYSDASDDSFSEPR	7,Phospho[Y];11,Phospho[S];11,Phospho[S];	-1.000000	7.857182	0.113333	0.130932	-0.447216	-0.006667	-0.004472	0.5789473684210527	[0, 0, 0, 0, 0, 0, 0, 0, 0, 0, 0, 0, 0, 0, 0, 0, 0, 0, 1, 0, 0, 0, 0, 0, 0, 0]	[0, 0, 0, 1, 0]	LSSSDRYSDADSDSFSEPR	7,Phospho[Y];12,Phospho[S];13,Phospho[D];	LSSSDRYSDADSDSFSEPR	7,Phospho[Y];11,Phospho[D];13,Phospho[D];	LSSSDRYSDSADDSFSEPR	7,Phospho[Y];10,Phospho[S];13,Phospho[D];
20150615_HepG2_Phos_control_70ug_1.16817.16817.2.6.dta	LSSSDRYSDASDDSFSEPR	7,Phospho[Y];11,Phospho[S];11,Phospho[S];	-1.000000	7.857182	0.113333	0.130932	-0.447216	-0.006667	-0.004472	0.5789473684210527	[0, 0, 0, 0, 0, 0, 0, 0, 0, 0, 0, 0, 0, 0, 0, 0, 0, 0, 1, 0, 0, 0, 0, 0, 0, 0]	[0, 0, 0, 1, 0]	LSSSDRYSDADSDSFSEPR	7,Phospho[Y];12,Phospho[S];13,Phospho[D];	LSSSDRYSDADSDSFSEPR	7,Phospho[Y];11,Phospho[D];13,Phospho[D];	LSSSDRYSDSADDSFSEPR	7,Phospho[Y];10,Phospho[S];13,Phospho[D];
20150615_HepG2_Phos_control_70ug_1.16817.16817.2.6.dta	LSSSDRYSDASDDSFSEPR	1,Phospho[L];2,Phospho[S];11,Phospho[S];	-1.000000	6.184198	0.086667	0.105081	-0.000000	0.000000	0.000000	0.05263157894736842	[0, 0, 0, 0, 0, 0, 0, 0, 0, 0, 0, 1, 0, 0, 0, 0, 0, 0, 0, 0, 0, 0, 0, 0, 0, 0]	[0, 0, 0, 1, 0]	SSLSDRYSDASDDSFSEPR	3,Phospho[L];4,Phospho[S];11,Phospho[S];	SSLSDRYSDASDDSFSEPR	3,Phospho[L];4,Phospho[S];11,Phospho[S];	SSLSDRYSDASDDSFSEPR	3,Phospho[L];4,Phospho[S];11,Phospho[S];
20150615_HepG2_Phos_control_70ug_1.16817.16817.2.6.dta	LSSSDRYSDASDDSFSEPR	1,Phospho[L];2,Phospho[S];11,Phospho[S];	-1.000000	6.184198	0.086667	0.105081	0.000000	0.000000	0.000000	0.10526315789473684	[0, 0, 0, 0, 0, 0, 0, 0, 0, 0, 0, 0, 0, 0, 0, 0, 0, 0, 1, 0, 0, 0, 0, 0, 0, 0]	[0, 0, 0, 1, 0]	LSDSSRYSDASDDSFSEPR	1,Phospho[L];4,Phospho[S];11,Phospho[S];	SSLSDRYSDASDDSFSEPR	3,Phospho[L];4,Phospho[S];11,Phospho[S];	SSLSDRYSDASDDSFSEPR	3,Phospho[L];4,Phospho[S];11,Phospho[S];
20150615_HepG2_Phos_control_70ug_1.16817.16817.2.6.dta	LSSSDRYSDASDDSFSEPR	1,Phospho[L];2,Phospho[S];11,Phospho[S];	-1.000000	6.184198	0.086667	0.105081	-0.841173	-0.006667	-0.008855	0.5789473684210527	[0, 0, 0, 0, 0, 0, 0, 0, 0, 0, 0, 0, 0, 0, 0, 0, 0, 0, 1, 0, 0, 0, 0, 0, 0, 0]	[0, 0, 0, 1, 0]	LSSSDRYSPCGMDSFSEPR	1,Phospho[L];2,Phospho[S];9,Phospho[P];	LSSSDRYSPCGMDSFSEPR	1,Phospho[L];2,Phospho[S];9,Phospho[P];	LSSSDRYSDSADDSFSEPR	1,Phospho[L];2,Phospho[S];13,Phospho[D];
20150615_HepG2_Phos_control_70ug_1.16817.16817.2.6.dta	LSSSDRYSDASDDSFSEPR	7,Phospho[Y];13,Phospho[D];14,Phospho[S];	-1.000000	7.004108	0.106667	0.117219	-1.217483	-0.020000	-0.018660	0.3684210526315789	[0, 0, 0, 0, 0, 0, 0, 0, 0, 0, 0, 0, 0, 0, 0, 0, 0, 0, 0, 0, 0, 0, 0, 0, 1, 0]	[0, 0, 0, 1, 0]	LSSSDRYSEGSDDSFSEPR	10,Phospho[G];13,Phospho[D];14,Phospho[S];	LSSSDRYSGESDDSFSEPR	9,Phospho[G];13,Phospho[D];14,Phospho[S];	LSSSDRYSEGSDDSFSEPR	9,Phospho[E];13,Phospho[D];14,Phospho[S];
20150615_HepG2_Phos_control_70ug_1.16817.16817.2.6.dta	LSSSDRYSDASDDSFSEPR	7,Phospho[Y];13,Phospho[D];14,Phospho[S];	-1.000000	7.004108	0.106667	0.117219	-0.537787	-0.006667	-0.005398	0.6842105263157895	[0, 0, 0, 1, 0, 0, 0, 0, 0, 0, 0, 0, 0, 0, 0, 0, 0, 0, 0, 0, 0, 0, 0, 0, 0, 0]	[0, 0, 0, 1, 0]	LSSSDRYSDASDDSFSEPR	7,Phospho[Y];10,Phospho[A];14,Phospho[S];	LSSSDRYSDSADDSFSEPR	7,Phospho[Y];10,Phospho[S];14,Phospho[S];	LSSSDRYSDADSDSFSEPR	7,Phospho[Y];11,Phospho[D];14,Phospho[S];
20150615_HepG2_Phos_control_70ug_1.16817.16817.2.6.dta	LSSSDRYSDASDDSFSEPR	7,Phospho[Y];13,Phospho[D];14,Phospho[S];	-1.000000	7.004108	0.106667	0.117219	-0.030186	0.000000	-0.003745	0.7368421052631579	[0, 0, 0, 0, 0, 0, 0, 0, 0, 0, 0, 0, 0, 0, 0, 0, 0, 0, 1, 0, 0, 0, 0, 0, 0, 0]	[0, 0, 0, 1, 0]	LSSSDRYSDASDDAYSEPR	7,Phospho[Y];12,Phospho[D];13,Phospho[D];	LSSSDRYSDASDDAYSEPR	7,Phospho[Y];12,Phospho[D];13,Phospho[D];	LSSSDRYSDASDDAYSEPR	7,Phospho[Y];12,Phospho[D];13,Phospho[D];
20150615_HepG2_Phos_control_70ug_1.16817.16817.2.6.dta	LSSSDRYSDASDDSFSEPR	2,Phospho[S];13,Phospho[D];14,Phospho[S];	-1.000000	6.291423	0.093333	0.103383	-0.000000	0.000000	0.000000	0.10526315789473684	[0, 0, 0, 0, 0, 0, 0, 0, 0, 0, 0, 0, 0, 0, 0, 0, 0, 0, 1, 0, 0, 0, 0, 0, 0, 0]	[0, 0, 0, 1, 0]	SSLSDRYSDASDDSFSEPR	4,Phospho[S];13,Phospho[D];14,Phospho[S];	SSLSDRYSDASDDSFSEPR	4,Phospho[S];13,Phospho[D];14,Phospho[S];	SSLSDRYSDASDDSFSEPR	4,Phospho[S];13,Phospho[D];14,Phospho[S];
20150615_HepG2_Phos_control_70ug_1.16817.16817.2.6.dta	LSSSDRYSDASDDSFSEPR	2,Phospho[S];13,Phospho[D];14,Phospho[S];	-1.000000	6.291423	0.093333	0.103383	-0.538788	-0.006667	-0.005398	0.6842105263157895	[0, 0, 0, 1, 0, 0, 0, 0, 0, 0, 0, 0, 0, 0, 0, 0, 0, 0, 0, 0, 0, 0, 0, 0, 0, 0]	[0, 0, 0, 1, 0]	LSSSDRYSDASDDSFSEPR	2,Phospho[S];10,Phospho[A];14,Phospho[S];	LSSSDRYSDSADDSFSEPR	2,Phospho[S];10,Phospho[S];14,Phospho[S];	LSSSDRYSDADSDSFSEPR	2,Phospho[S];11,Phospho[D];14,Phospho[S];
20150615_HepG2_Phos_control_70ug_1.16817.16817.2.6.dta	LSSSDRYSDASDDSFSEPR	2,Phospho[S];13,Phospho[D];14,Phospho[S];	-1.000000	6.291423	0.093333	0.103383	-0.029184	0.000000	-0.003745	0.7368421052631579	[0, 0, 0, 0, 0, 0, 0, 0, 0, 0, 0, 0, 0, 0, 0, 0, 0, 0, 1, 0, 0, 0, 0, 0, 0, 0]	[0, 0, 0, 1, 0]	LSSSDRYSDASDDAYSEPR	2,Phospho[S];12,Phospho[D];13,Phospho[D];	LSSSDRYSDASDDAYSEPR	2,Phospho[S];12,Phospho[D];13,Phospho[D];	LSSSDRYSDASDDAYSEPR	2,Phospho[S];12,Phospho[D];13,Phospho[D];
20150615_HepG2_Phos_control_70ug_1.16817.16817.2.6.dta	LSSSDRYSDASDDSFSEPR	1,Phospho[L];2,Phospho[S];7,Phospho[Y];	-1.000000	6.184198	0.086667	0.105081	0.000000	0.000000	0.000000	0.05263157894736842	[0, 0, 0, 0, 0, 0, 0, 0, 0, 0, 0, 1, 0, 0, 0, 0, 0, 0, 0, 0, 0, 0, 0, 0, 0, 0]	[0, 0, 0, 1, 0]	SSLSDRYSDASDDSFSEPR	3,Phospho[L];4,Phospho[S];7,Phospho[Y];	SSLSDRYSDASDDSFSEPR	3,Phospho[L];4,Phospho[S];7,Phospho[Y];	SSLSDRYSDASDDSFSEPR	3,Phospho[L];4,Phospho[S];7,Phospho[Y];
20150615_HepG2_Phos_control_70ug_1.16817.16817.2.6.dta	LSSSDRYSDASDDSFSEPR	1,Phospho[L];2,Phospho[S];7,Phospho[Y];	-1.000000	6.184198	0.086667	0.105081	0.000000	0.000000	0.000000	0.10526315789473684	[0, 0, 0, 0, 0, 0, 0, 0, 0, 0, 0, 0, 0, 0, 0, 0, 0, 0, 1, 0, 0, 0, 0, 0, 0, 0]	[0, 0, 0, 1, 0]	SSLSDRYSDASDDSFSEPR	3,Phospho[L];4,Phospho[S];7,Phospho[Y];	SSLSDRYSDASDDSFSEPR	3,Phospho[L];4,Phospho[S];7,Phospho[Y];	SSLSDRYSDASDDSFSEPR	3,Phospho[L];4,Phospho[S];7,Phospho[Y];
20150615_HepG2_Phos_control_70ug_1.16817.16817.2.6.dta	LSSSDRYSDASDDSFSEPR	1,Phospho[L];2,Phospho[S];7,Phospho[Y];	-1.000000	6.184198	0.086667	0.105081	-0.379925	-0.006667	-0.002966	0.3684210526315789	[0, 0, 0, 0, 0, 0, 0, 0, 0, 0, 0, 0, 0, 0, 0, 0, 0, 0, 0, 0, 0, 0, 0, 0, 1, 0]	[0, 0, 0, 1, 0]	LSSSDDYSRASDDSFSEPR	1,Phospho[L];2,Phospho[S];8,Phospho[S];	LSSSDYDRSASDDSFSEPR	1,Phospho[L];2,Phospho[S];9,Phospho[S];	LSSSDPTHADASDDSFSEPR	1,Phospho[L];2,Phospho[S];6,Phospho[P];
20150615_HepG2_Phos_control_70ug_1.16817.16817.2.6.dta	LSSSDRYSDASDDSFSEPR	7,Phospho[Y];16,Phospho[S];17,Phospho[E];	-1.000000	3.171488	0.046667	0.067296	-1.202269	-0.020000	-0.018660	0.3684210526315789	[0, 0, 0, 0, 0, 0, 0, 0, 0, 0, 0, 0, 0, 0, 0, 0, 0, 0, 0, 0, 0, 0, 0, 0, 1, 0]	[0, 0, 0, 1, 0]	LSSSDRYSEGSDDSFSEPR	9,Phospho[E];16,Phospho[S];17,Phospho[E];	LSSSDRSYDASDDSFSEPR	10,Phospho[A];16,Phospho[S];17,Phospho[E];	LSSSDRYSEGSDDSFSEPR	9,Phospho[E];16,Phospho[S];17,Phospho[E];
20150615_HepG2_Phos_control_70ug_1.16817.16817.2.6.dta	LSSSDRYSDASDDSFSEPR	7,Phospho[Y];16,Phospho[S];17,Phospho[E];	-1.000000	3.171488	0.046667	0.067296	-1.073290	-0.020000	-0.014883	0.8421052631578947	[0, 0, 0, 0, 0, 0, 0, 0, 0, 0, 0, 0, 0, 0, 0, 0, 0, 0, 1, 0, 0, 0, 0, 0, 0, 0]	[0, 0, 0, 1, 0]	LSSSDRYSDASDDAYDTPR	7,Phospho[Y];14,Phospho[A];15,Phospho[Y];	LSSSDRYSDASDDAYDTPR	7,Phospho[Y];14,Phospho[A];15,Phospho[Y];	LSSSDRYSDASDDAYDTPR	7,Phospho[Y];14,Phospho[A];15,Phospho[Y];
20150615_HepG2_Phos_control_70ug_1.16817.16817.2.6.dta	LSSSDRYSDASDDSFSEPR	7,Phospho[Y];16,Phospho[S];17,Phospho[E];	-1.000000	3.171488	0.046667	0.067296	-1.073290	-0.020000	-0.014883	0.8947368421052632	[0, 0, 0, 0, 1, 0, 0, 0, 0, 0, 0, 0, 0, 0, 0, 0, 0, 0, 0, 0, 0, 0, 0, 0, 0, 0]	[0, 0, 0, 1, 0]	LSSSDRYSDASDDAYDTPR	7,Phospho[Y];14,Phospho[A];15,Phospho[Y];	LSSSDRYSDASDDAYDTPR	7,Phospho[Y];14,Phospho[A];15,Phospho[Y];	LSSSDRYSDASDDAYDTPR	7,Phospho[Y];14,Phospho[A];15,Phospho[Y];
20150615_HepG2_Phos_control_70ug_1.16817.16817.2.6.dta	LSSSDRYSDASDDSFSEPR	2,Phospho[S];7,Phospho[Y];7,Phospho[Y];	-1.000000	6.184198	0.086667	0.105081	0.014503	0.000000	0.000000	0.10526315789473684	[0, 0, 0, 0, 0, 0, 0, 0, 0, 0, 0, 0, 0, 0, 0, 0, 0, 0, 1, 0, 0, 0, 0, 0, 0, 0]	[0, 0, 0, 1, 0]	LSDSSRYSDASDDSFSEPR	4,Phospho[S];7,Phospho[Y];	SSLSDRYSDASDDSFSEPR	4,Phospho[S];7,Phospho[Y];	SSLSDRYSDASDDSFSEPR	4,Phospho[S];7,Phospho[Y];
20150615_HepG2_Phos_control_70ug_1.16817.16817.2.6.dta	LSSSDRYSDASDDSFSEPR	2,Phospho[S];7,Phospho[Y];7,Phospho[Y];	-1.000000	6.184198	0.086667	0.105081	-0.379925	-0.006667	-0.002940	0.3684210526315789	[0, 0, 0, 0, 0, 0, 0, 0, 0, 0, 0, 0, 0, 0, 0, 0, 0, 0, 0, 0, 0, 0, 0, 0, 1, 0]	[0, 0, 0, 1, 0]	LSSSDDYSRASDDSFSEPR	2,Phospho[S];6,Phospho[D];9,Phospho[R];	LSSSDYDSRASDDSFSEPR	2,Phospho[S];6,Phospho[Y];9,Phospho[R];	LSSSDYDSRASDDSFSEPR	2,Phospho[S];6,Phospho[Y];8,Phospho[S];
20150615_HepG2_Phos_control_70ug_1.16817.16817.2.6.dta	LSSSDRYSDASDDSFSEPR	2,Phospho[S];7,Phospho[Y];7,Phospho[Y];	-1.000000	6.184198	0.086667	0.105081	-0.379925	-0.006667	-0.002940	0.3684210526315789	[0, 0, 0, 0, 0, 0, 0, 0, 0, 0, 0, 0, 0, 0, 0, 0, 0, 0, 0, 0, 0, 0, 0, 0, 1, 0]	[0, 0, 0, 1, 0]	LSSSDDYSRASDDSFSEPR	2,Phospho[S];6,Phospho[D];9,Phospho[R];	LSSSDYDSRASDDSFSEPR	2,Phospho[S];6,Phospho[Y];9,Phospho[R];	LSSSDYDSRASDDSFSEPR	2,Phospho[S];6,Phospho[Y];8,Phospho[S];
20150615_HepG2_Phos_control_70ug_1.16817.16817.2.6.dta	LSSSDRYSDASDDSFSEPR	8,Phospho[S];11,Phospho[S];15,Phospho[F];	-1.000000	7.225816	0.120000	0.122801	-0.907748	-0.006667	-0.009816	0.42105263157894735	[0, 0, 0, 0, 0, 0, 0, 0, 0, 0, 0, 0, 0, 0, 0, 0, 0, 0, 1, 0, 0, 0, 0, 0, 0, 0]	[0, 0, 0, 1, 0]	LSSSDRYSDGTDDSFSEPR	9,Phospho[D];10,Phospho[G];15,Phospho[F];	LSSSDRSYDASDDSFSEPR	10,Phospho[A];11,Phospho[S];15,Phospho[F];	LSSSDRYSDSADDSFSEPR	9,Phospho[D];10,Phospho[S];15,Phospho[F];
20150615_HepG2_Phos_control_70ug_1.16817.16817.2.6.dta	LSSSDRYSDASDDSFSEPR	8,Phospho[S];11,Phospho[S];15,Phospho[F];	-1.000000	7.225816	0.120000	0.122801	-0.907748	-0.006667	-0.009816	0.5789473684210527	[0, 0, 0, 0, 0, 0, 0, 0, 0, 0, 0, 0, 0, 0, 0, 0, 0, 0, 1, 0, 0, 0, 0, 0, 0, 0]	[0, 0, 0, 1, 0]	LSSSDRYSDGTDDSFSEPR	9,Phospho[D];10,Phospho[G];15,Phospho[F];	LSSSDRYSDGTDDSFSEPR	9,Phospho[D];10,Phospho[G];15,Phospho[F];	LSSSDRYSDGTDDSFSEPR	9,Phospho[D];10,Phospho[G];15,Phospho[F];
20150615_HepG2_Phos_control_70ug_1.16817.16817.2.6.dta	LSSSDRYSDASDDSFSEPR	8,Phospho[S];11,Phospho[S];15,Phospho[F];	-1.000000	7.225816	0.120000	0.122801	-0.775391	0.000000	-0.010905	0.7894736842105263	[0, 0, 0, 0, 0, 1, 0, 0, 0, 0, 0, 0, 0, 0, 0, 0, 0, 0, 0, 0, 0, 0, 0, 0, 0, 0]	[0, 0, 0, 1, 0]	LSSSDRYSDASDSDFSEPR	8,Phospho[S];11,Phospho[S];14,Phospho[D];	LSSSDRYSDASDDSSFEPR	8,Phospho[S];11,Phospho[S];13,Phospho[D];	LSSSDRYSDASDSDFSEPR	8,Phospho[S];11,Phospho[S];14,Phospho[D];
20150615_HepG2_Phos_control_70ug_1.16817.16817.2.6.dta	LSSSDRYSDASDDSFSEPR	2,Phospho[S];11,Phospho[S];16,Phospho[S];	-1.000000	4.807547	0.073333	0.081990	-0.007185	-0.006667	-0.003261	0.10526315789473684	[0, 0, 0, 0, 0, 0, 0, 0, 0, 0, 0, 0, 0, 0, 0, 0, 0, 0, 1, 0, 0, 0, 0, 0, 0, 0]	[0, 0, 0, 1, 0]	SSLSDRYSDASDDSFSEPR	4,Phospho[S];11,Phospho[S];16,Phospho[S];	SSLSDRYSDASDDSFSEPR	4,Phospho[S];11,Phospho[S];16,Phospho[S];	LSDSSRYSDASDDSFSEPR	4,Phospho[S];11,Phospho[S];16,Phospho[S];
20150615_HepG2_Phos_control_70ug_1.16817.16817.2.6.dta	LSSSDRYSDASDDSFSEPR	2,Phospho[S];11,Phospho[S];16,Phospho[S];	-1.000000	4.807547	0.073333	0.081990	0.344188	0.006667	0.004384	0.5789473684210527	[0, 0, 0, 0, 0, 0, 0, 0, 0, 0, 0, 0, 0, 0, 0, 0, 0, 0, 1, 0, 0, 0, 0, 0, 0, 0]	[0, 0, 0, 1, 0]	LSSSDRYDSGTDDSFSEPR	2,Phospho[S];11,Phospho[T];16,Phospho[S];	LSSSDRYDSSADDSFSEPR	2,Phospho[S];11,Phospho[A];16,Phospho[S];	LSSSDRYDSSADDSFSEPR	2,Phospho[S];11,Phospho[A];16,Phospho[S];
20150615_HepG2_Phos_control_70ug_1.16817.16817.2.6.dta	LSSSDRYSDASDDSFSEPR	2,Phospho[S];11,Phospho[S];16,Phospho[S];	-1.000000	4.807547	0.073333	0.081990	-1.848567	-0.020000	-0.025787	0.8421052631578947	[0, 0, 0, 0, 0, 0, 0, 0, 0, 0, 0, 0, 0, 0, 0, 0, 0, 0, 1, 0, 0, 0, 0, 0, 0, 0]	[0, 0, 0, 1, 0]	LSSSDRYSDASDSDFSEPR	2,Phospho[S];11,Phospho[S];13,Phospho[S];	LSSSDRYSDASDDSYAEPR	2,Phospho[S];11,Phospho[S];13,Phospho[D];	LSSSDRYSDASDSDFSEPR	2,Phospho[S];11,Phospho[S];13,Phospho[S];
20150615_HepG2_Phos_control_70ug_1.16817.16817.2.6.dta	LSSSDRYSDASDDSFSEPR	2,Phospho[S];2,Phospho[S];8,Phospho[S];	-1.000000	6.184198	0.086667	0.105081	0.000000	0.000000	0.000000	0.10526315789473684	[0, 0, 0, 0, 0, 0, 0, 0, 0, 0, 0, 0, 0, 0, 0, 0, 0, 0, 1, 0, 0, 0, 0, 0, 0, 0]	[0, 0, 0, 1, 0]	LSDSSRYSDASDDSFSEPR	4,Phospho[S];8,Phospho[S];	SSLSDRYSDASDDSFSEPR	4,Phospho[S];8,Phospho[S];	SSLSDRYSDASDDSFSEPR	4,Phospho[S];8,Phospho[S];
20150615_HepG2_Phos_control_70ug_1.16817.16817.2.6.dta	LSSSDRYSDASDDSFSEPR	2,Phospho[S];2,Phospho[S];8,Phospho[S];	-1.000000	6.184198	0.086667	0.105081	0.000000	0.000000	0.000000	0.10526315789473684	[0, 0, 0, 0, 0, 0, 0, 0, 0, 0, 0, 0, 0, 0, 0, 0, 0, 0, 1, 0, 0, 0, 0, 0, 0, 0]	[0, 0, 0, 1, 0]	LSDSSRYSDASDDSFSEPR	4,Phospho[S];8,Phospho[S];	SSLSDRYSDASDDSFSEPR	4,Phospho[S];8,Phospho[S];	SSLSDRYSDASDDSFSEPR	4,Phospho[S];8,Phospho[S];
20150615_HepG2_Phos_control_70ug_1.16817.16817.2.6.dta	LSSSDRYSDASDDSFSEPR	2,Phospho[S];2,Phospho[S];8,Phospho[S];	-1.000000	6.184198	0.086667	0.105081	-0.379925	-0.006667	-0.002966	0.42105263157894735	[0, 0, 0, 0, 0, 0, 0, 0, 0, 0, 0, 0, 0, 0, 0, 0, 0, 0, 1, 0, 0, 0, 0, 0, 0, 0]	[0, 0, 0, 1, 0]	LSSSDDYSRASDDSFSEPR	2,Phospho[S];2,Phospho[S];8,Phospho[S];	LSSSDYDRSASDDSFSEPR	2,Phospho[S];2,Phospho[S];9,Phospho[S];	LSSSDPTHADASDDSFSEPR	2,Phospho[S];2,Phospho[S];6,Phospho[P];
20150615_HepG2_Phos_control_70ug_1.16817.16817.2.6.dta	LSSSDRYSDASDDSFSEPR	8,Phospho[S];14,Phospho[S];15,Phospho[F];	-1.000000	5.861545	0.100000	0.109484	-1.235279	-0.006667	-0.018700	0.42105263157894735	[0, 0, 0, 0, 0, 0, 0, 0, 0, 0, 0, 0, 0, 0, 0, 0, 0, 0, 1, 0, 0, 0, 0, 0, 0, 0]	[0, 0, 0, 1, 0]	LSSSDRYSDASDDSFSEPR	9,Phospho[D];14,Phospho[S];15,Phospho[F];	LSSSDRYSEGSDDSFSEPR	9,Phospho[E];14,Phospho[S];15,Phospho[F];	LSSSDRYDSASDDSFSEPR	10,Phospho[A];14,Phospho[S];15,Phospho[F];
20150615_HepG2_Phos_control_70ug_1.16817.16817.2.6.dta	LSSSDRYSDASDDSFSEPR	8,Phospho[S];14,Phospho[S];15,Phospho[F];	-1.000000	5.861545	0.100000	0.109484	-1.276380	-0.013333	-0.013317	0.7368421052631579	[0, 0, 0, 0, 0, 0, 0, 0, 0, 0, 0, 0, 0, 0, 0, 0, 0, 0, 1, 0, 0, 0, 0, 0, 0, 0]	[0, 0, 0, 1, 0]	LSSSDRYSDASDSDFSEPR	8,Phospho[S];13,Phospho[S];14,Phospho[D];	LSSSDRYSDASDSDFSEPR	8,Phospho[S];13,Phospho[S];14,Phospho[D];	LSSSDRYSDASDDSFSEPR	8,Phospho[S];11,Phospho[S];15,Phospho[F];
20150615_HepG2_Phos_control_70ug_1.16817.16817.2.6.dta	LSSSDRYSDASDDSFSEPR	8,Phospho[S];14,Phospho[S];15,Phospho[F];	-1.000000	5.861545	0.100000	0.109484	-0.947594	-0.013333	-0.009859	0.7894736842105263	[0, 0, 0, 0, 0, 1, 0, 0, 0, 0, 0, 0, 0, 0, 0, 0, 0, 0, 0, 0, 0, 0, 0, 0, 0, 0]	[0, 0, 0, 1, 0]	LSSSDRYSDASDDFSSEPR	8,Phospho[S];12,Phospho[D];15,Phospho[S];	LSSSDRYSDASDSDFSEPR	8,Phospho[S];13,Phospho[S];14,Phospho[D];	LSSSDRYSDASDDAYSEPR	8,Phospho[S];12,Phospho[D];14,Phospho[A];
20150615_HepG2_Phos_control_70ug_1.16817.16817.2.6.dta	LSSSDRYSDASDDSFSEPR	2,Phospho[S];14,Phospho[S];19,Phospho[R];	-1.000000	1.081162	0.026667	0.021274	-0.006104	-0.006667	-0.003261	0.10526315789473684	[0, 0, 0, 0, 0, 0, 0, 0, 0, 0, 0, 0, 0, 0, 0, 0, 0, 0, 1, 0, 0, 0, 0, 0, 0, 0]	[0, 0, 0, 1, 0]	SSLSDRYSDASDDSFSEPR	4,Phospho[S];14,Phospho[S];19,Phospho[R];	SSLSDRYSDASDDSFSEPR	4,Phospho[S];14,Phospho[S];19,Phospho[R];	LSDSSRYSDASDDSFSEPR	4,Phospho[S];14,Phospho[S];19,Phospho[R];
20150615_HepG2_Phos_control_70ug_1.16817.16817.2.6.dta	LSSSDRYSDASDDSFSEPR	2,Phospho[S];14,Phospho[S];19,Phospho[R];	-1.000000	1.081162	0.026667	0.021274	-0.980168	-0.013333	-0.009859	0.7368421052631579	[0, 0, 0, 0, 0, 0, 0, 0, 0, 0, 0, 0, 0, 0, 0, 0, 0, 0, 1, 0, 0, 0, 0, 0, 0, 0]	[0, 0, 0, 1, 0]	LSSSDRYSDADSDSFSEPR	2,Phospho[S];11,Phospho[D];19,Phospho[R];	LSSSDRYSDASDDSFSEPR	2,Phospho[S];12,Phospho[D];19,Phospho[R];	LSSSDRYSDASDDSFSEPR	2,Phospho[S];12,Phospho[D];19,Phospho[R];
20150615_HepG2_Phos_control_70ug_1.16817.16817.2.6.dta	LSSSDRYSDASDDSFSEPR	2,Phospho[S];14,Phospho[S];19,Phospho[R];	-1.000000	1.081162	0.026667	0.021274	-1.378274	-0.006667	-0.032186	1.0	[0, 0, 0, 0, 0, 0, 0, 0, 0, 0, 0, 0, 0, 0, 0, 0, 0, 1, 0, 0, 0, 0, 0, 0, 0, 0]	[0, 0, 0, 1, 0]	LSSSDRYSDASDDSFDTRP	2,Phospho[S];14,Phospho[S];17,Phospho[T];	LSSSDRYSDASDDSFDTRP	2,Phospho[S];14,Phospho[S];17,Phospho[T];	LSSSDRYSDASDDSFDTRP	2,Phospho[S];14,Phospho[S];17,Phospho[T];
20150615_HepG2_Phos_control_70ug_1.16817.16817.2.6.dta	LSSSDRYSDASDDSFSEPR	2,Phospho[S];8,Phospho[S];19,Phospho[R];	-1.000000	1.382882	0.033333	0.022575	-0.007174	-0.006667	-0.003261	0.10526315789473684	[0, 0, 0, 0, 0, 0, 0, 0, 0, 0, 0, 0, 0, 0, 0, 0, 0, 0, 1, 0, 0, 0, 0, 0, 0, 0]	[0, 0, 0, 1, 0]	SSLSDRYSDASDDSFSEPR	4,Phospho[S];8,Phospho[S];19,Phospho[R];	SSLSDRYSDASDDSFSEPR	4,Phospho[S];8,Phospho[S];19,Phospho[R];	LSDSSRYSDASDDSFSEPR	4,Phospho[S];8,Phospho[S];19,Phospho[R];
20150615_HepG2_Phos_control_70ug_1.16817.16817.2.6.dta	LSSSDRYSDASDDSFSEPR	2,Phospho[S];8,Phospho[S];19,Phospho[R];	-1.000000	1.382882	0.033333	0.022575	-0.655895	-0.006667	-0.007632	0.42105263157894735	[0, 0, 0, 0, 0, 0, 0, 0, 0, 0, 0, 0, 0, 0, 0, 0, 0, 0, 1, 0, 0, 0, 0, 0, 0, 0]	[0, 0, 0, 1, 0]	LSSSDRYDSTGDDSFSEPR	2,Phospho[S];11,Phospho[G];19,Phospho[R];	LSSSDRYDSASDDSFSEPR	2,Phospho[S];10,Phospho[A];19,Phospho[R];	LSSSDRYDSASDDSFSEPR	2,Phospho[S];10,Phospho[A];19,Phospho[R];
20150615_HepG2_Phos_control_70ug_1.16817.16817.2.6.dta	LSSSDRYSDASDDSFSEPR	2,Phospho[S];8,Phospho[S];19,Phospho[R];	-1.000000	1.382882	0.033333	0.022575	-1.442491	-0.006667	-0.032186	1.0	[0, 0, 0, 0, 0, 0, 0, 0, 0, 0, 0, 0, 0, 0, 0, 0, 0, 1, 0, 0, 0, 0, 0, 0, 0, 0]	[0, 0, 0, 1, 0]	LSSSDRYSDASDDSFESRP	2,Phospho[S];8,Phospho[S];17,Phospho[S];	LSSSDRYSDASDDSFDTRP	2,Phospho[S];8,Phospho[S];17,Phospho[T];	LSSSDRYSDASDDSFDTRP	2,Phospho[S];8,Phospho[S];17,Phospho[T];
20150615_HepG2_Phos_control_70ug_1.16817.16817.2.6.dta	LSSSDRYSDASDDSFSEPR	8,Phospho[S];15,Phospho[F];16,Phospho[S];	-1.000000	4.778158	0.080000	0.094601	-1.234541	-0.013333	-0.018700	0.42105263157894735	[0, 0, 0, 0, 0, 0, 0, 0, 0, 0, 0, 0, 0, 0, 0, 0, 0, 0, 1, 0, 0, 0, 0, 0, 0, 0]	[0, 0, 0, 1, 0]	LSSSDRYSDASDDSFSEPR	9,Phospho[D];15,Phospho[F];16,Phospho[S];	LSSSDRYSEGSDDSFSEPR	10,Phospho[G];15,Phospho[F];16,Phospho[S];	LSSSDRYDSASDDSFSEPR	10,Phospho[A];15,Phospho[F];16,Phospho[S];
20150615_HepG2_Phos_control_70ug_1.16817.16817.2.6.dta	LSSSDRYSDASDDSFSEPR	8,Phospho[S];15,Phospho[F];16,Phospho[S];	-1.000000	4.778158	0.080000	0.094601	-1.582973	-0.020000	-0.019344	0.7894736842105263	[0, 0, 0, 0, 0, 1, 0, 0, 0, 0, 0, 0, 0, 0, 0, 0, 0, 0, 0, 0, 0, 0, 0, 0, 0, 0]	[0, 0, 0, 1, 0]	LSSSDRYSDASDDSFSEPR	8,Phospho[S];13,Phospho[D];15,Phospho[F];	LSSSDRYSDASDGYESEPR	8,Phospho[S];13,Phospho[G];14,Phospho[Y];	LSSSDRYSDASDDFSSEPR	8,Phospho[S];13,Phospho[D];15,Phospho[S];
20150615_HepG2_Phos_control_70ug_1.16817.16817.2.6.dta	LSSSDRYSDASDDSFSEPR	8,Phospho[S];15,Phospho[F];16,Phospho[S];	-1.000000	4.778158	0.080000	0.094601	-1.582973	-0.020000	-0.019344	0.8421052631578947	[0, 0, 0, 0, 0, 0, 0, 0, 0, 0, 0, 0, 0, 0, 0, 0, 0, 0, 1, 0, 0, 0, 0, 0, 0, 0]	[0, 0, 0, 1, 0]	LSSSDRYSDASDDSFSEPR	8,Phospho[S];13,Phospho[D];15,Phospho[F];	LSSSDRYSDASDGYESEPR	8,Phospho[S];13,Phospho[G];14,Phospho[Y];	LSSSDRYSDASDDFSSEPR	8,Phospho[S];13,Phospho[D];15,Phospho[S];
20150615_HepG2_Phos_control_70ug_1.16817.16817.2.6.dta	LSSSDRYSDASDDSFSEPR	2,Phospho[S];14,Phospho[S];16,Phospho[S];	-1.000000	3.435364	0.053333	0.068673	-0.007190	-0.006667	-0.003261	0.10526315789473684	[0, 0, 0, 0, 0, 0, 0, 0, 0, 0, 0, 0, 0, 0, 0, 0, 0, 0, 1, 0, 0, 0, 0, 0, 0, 0]	[0, 0, 0, 1, 0]	SSLSDRYSDASDDSFSEPR	4,Phospho[S];14,Phospho[S];16,Phospho[S];	SSLSDRYSDASDDSFSEPR	4,Phospho[S];14,Phospho[S];16,Phospho[S];	LSDSSRYSDASDDSFSEPR	4,Phospho[S];14,Phospho[S];16,Phospho[S];
20150615_HepG2_Phos_control_70ug_1.16817.16817.2.6.dta	LSSSDRYSDASDDSFSEPR	2,Phospho[S];14,Phospho[S];16,Phospho[S];	-1.000000	3.435364	0.053333	0.068673	-1.579298	-0.020000	-0.019344	0.7368421052631579	[0, 0, 0, 0, 0, 0, 0, 0, 0, 0, 0, 0, 0, 0, 0, 0, 0, 0, 1, 0, 0, 0, 0, 0, 0, 0]	[0, 0, 0, 1, 0]	LSSSDRYSDASDDSFSEPR	2,Phospho[S];13,Phospho[D];15,Phospho[F];	LSSSDRYSDASDDSFSEPR	2,Phospho[S];11,Phospho[S];16,Phospho[S];	LSSSDRYSDASDDFSSEPR	2,Phospho[S];13,Phospho[D];15,Phospho[S];
20150615_HepG2_Phos_control_70ug_1.16817.16817.2.6.dta	LSSSDRYSDASDDSFSEPR	2,Phospho[S];14,Phospho[S];16,Phospho[S];	-1.000000	3.435364	0.053333	0.068673	-1.579298	-0.020000	-0.019344	0.8421052631578947	[0, 0, 0, 0, 0, 0, 0, 0, 0, 0, 0, 0, 0, 0, 0, 0, 0, 0, 1, 0, 0, 0, 0, 0, 0, 0]	[0, 0, 0, 1, 0]	LSSSDRYSDASDDSFSEPR	2,Phospho[S];13,Phospho[D];15,Phospho[F];	LSSSDRYSDASDGYESEPR	2,Phospho[S];13,Phospho[G];14,Phospho[Y];	LSSSDRYSDASDDFSSEPR	2,Phospho[S];13,Phospho[D];15,Phospho[S];
20150615_HepG2_Phos_control_70ug_1.16817.16817.2.6.dta	LSSSDRYSDASDDSFSEPR	2,Phospho[S];4,Phospho[S];8,Phospho[S];	-1.000000	6.184198	0.086667	0.105081	0.014503	0.000000	0.000000	0.10526315789473684	[0, 0, 0, 0, 0, 0, 0, 0, 0, 0, 0, 0, 0, 0, 0, 0, 0, 0, 1, 0, 0, 0, 0, 0, 0, 0]	[0, 0, 0, 1, 0]	LSDSSRYSDASDDSFSEPR	4,Phospho[S];2,Phospho[S];8,Phospho[S];	SSLSDRYSDASDDSFSEPR	4,Phospho[S];2,Phospho[S];8,Phospho[S];	SSLSDRYSDASDDSFSEPR	4,Phospho[S];2,Phospho[S];8,Phospho[S];
20150615_HepG2_Phos_control_70ug_1.16817.16817.2.6.dta	LSSSDRYSDASDDSFSEPR	2,Phospho[S];4,Phospho[S];8,Phospho[S];	-1.000000	6.184198	0.086667	0.105081	0.014503	0.000000	0.000000	0.21052631578947367	[0, 0, 0, 0, 0, 0, 0, 0, 0, 0, 0, 0, 0, 0, 0, 0, 0, 0, 1, 0, 0, 0, 0, 0, 0, 0]	[0, 0, 0, 1, 0]	LSDSSRYSDASDDSFSEPR	4,Phospho[S];2,Phospho[S];8,Phospho[S];	SSLSDRYSDASDDSFSEPR	4,Phospho[S];2,Phospho[S];8,Phospho[S];	SSLSDRYSDASDDSFSEPR	4,Phospho[S];2,Phospho[S];8,Phospho[S];
20150615_HepG2_Phos_control_70ug_1.16817.16817.2.6.dta	LSSSDRYSDASDDSFSEPR	2,Phospho[S];4,Phospho[S];8,Phospho[S];	-1.000000	6.184198	0.086667	0.105081	-0.379925	-0.006667	-0.002966	0.42105263157894735	[0, 0, 0, 0, 0, 0, 0, 0, 0, 0, 0, 0, 0, 0, 0, 0, 0, 0, 1, 0, 0, 0, 0, 0, 0, 0]	[0, 0, 0, 1, 0]	LSSSDDYSRASDDSFSEPR	2,Phospho[S];4,Phospho[S];8,Phospho[S];	LSSSDYDRSASDDSFSEPR	2,Phospho[S];4,Phospho[S];9,Phospho[S];	LSSSDPTHADASDDSFSEPR	2,Phospho[S];4,Phospho[S];6,Phospho[P];
20150615_HepG2_Phos_control_70ug_1.16817.16817.2.6.dta	LSSSDRYSDASDDSFSEPR	11,Phospho[S];14,Phospho[S];16,Phospho[S];	-1.000000	6.542369	0.093333	0.123117	0.000000	0.000000	0.000000	0.5789473684210527	[0, 0, 0, 0, 0, 0, 0, 0, 0, 0, 0, 0, 0, 0, 0, 0, 0, 0, 1, 0, 0, 0, 0, 0, 0, 0]	[0, 0, 0, 1, 0]	LSSSDRYSDGTDDSFSEPR	11,Phospho[T];14,Phospho[S];16,Phospho[S];	LSSSDRYSDTGDDSFSEPR	10,Phospho[T];14,Phospho[S];16,Phospho[S];	LSSSDRYSDGTDDSFSEPR	11,Phospho[T];14,Phospho[S];16,Phospho[S];
20150615_HepG2_Phos_control_70ug_1.16817.16817.2.6.dta	LSSSDRYSDASDDSFSEPR	11,Phospho[S];14,Phospho[S];16,Phospho[S];	-1.000000	6.542369	0.093333	0.123117	-1.593802	-0.020000	-0.019344	0.7368421052631579	[0, 0, 0, 0, 0, 0, 0, 0, 0, 0, 0, 0, 0, 0, 0, 0, 0, 0, 1, 0, 0, 0, 0, 0, 0, 0]	[0, 0, 0, 1, 0]	LSSSDRYSDASDDSFSEPR	11,Phospho[S];13,Phospho[D];15,Phospho[F];	LSSSDRYSDASNNRSEPR	11,Phospho[S];13,Phospho[N];14,Phospho[R];15,Phospho[S];	LSSSDRYSDASDDFSSEPR	11,Phospho[S];13,Phospho[D];15,Phospho[S];
20150615_HepG2_Phos_control_70ug_1.16817.16817.2.6.dta	LSSSDRYSDASDDSFSEPR	11,Phospho[S];14,Phospho[S];16,Phospho[S];	-1.000000	6.542369	0.093333	0.123117	-1.593802	-0.020000	-0.019344	0.8421052631578947	[0, 0, 0, 0, 0, 0, 0, 0, 0, 0, 0, 0, 0, 0, 0, 0, 0, 0, 1, 0, 0, 0, 0, 0, 0, 0]	[0, 0, 0, 1, 0]	LSSSDRYSDASDDSFSEPR	11,Phospho[S];13,Phospho[D];15,Phospho[F];	LSSSDRYSDASDGYESEPR	11,Phospho[S];13,Phospho[G];14,Phospho[Y];	LSSSDRYSDASDDFSSEPR	11,Phospho[S];13,Phospho[D];15,Phospho[S];
20150615_HepG2_Phos_control_70ug_1.16817.16817.2.6.dta	LSSSDRYSDASDDSFSEPR	2,Phospho[S];4,Phospho[S];14,Phospho[S];	-1.000000	6.180635	0.093333	0.100223	0.000000	0.000000	0.000000	0.10526315789473684	[0, 0, 0, 0, 0, 0, 0, 0, 0, 0, 0, 0, 0, 0, 0, 0, 0, 0, 1, 0, 0, 0, 0, 0, 0, 0]	[0, 0, 0, 1, 0]	SSLSDRYSDASDDSFSEPR	4,Phospho[S];2,Phospho[S];14,Phospho[S];	SSLSDRYSDASDDSFSEPR	4,Phospho[S];2,Phospho[S];14,Phospho[S];	SSLSDRYSDASDDSFSEPR	4,Phospho[S];2,Phospho[S];14,Phospho[S];
20150615_HepG2_Phos_control_70ug_1.16817.16817.2.6.dta	LSSSDRYSDASDDSFSEPR	2,Phospho[S];4,Phospho[S];14,Phospho[S];	-1.000000	6.180635	0.093333	0.100223	0.000000	0.000000	0.000000	0.21052631578947367	[0, 0, 0, 0, 0, 0, 0, 0, 0, 0, 0, 0, 0, 0, 0, 0, 0, 0, 1, 0, 0, 0, 0, 0, 0, 0]	[0, 0, 0, 1, 0]	SSLSDRYSDASDDSFSEPR	4,Phospho[S];2,Phospho[S];14,Phospho[S];	SSLSDRYSDASDDSFSEPR	4,Phospho[S];2,Phospho[S];14,Phospho[S];	SSLSDRYSDASDDSFSEPR	4,Phospho[S];2,Phospho[S];14,Phospho[S];
20150615_HepG2_Phos_control_70ug_1.16817.16817.2.6.dta	LSSSDRYSDASDDSFSEPR	2,Phospho[S];4,Phospho[S];14,Phospho[S];	-1.000000	6.180635	0.093333	0.100223	0.427900	0.006667	0.004461	0.7368421052631579	[0, 0, 0, 0, 0, 0, 0, 0, 0, 0, 0, 0, 0, 0, 0, 0, 0, 0, 1, 0, 0, 0, 0, 0, 0, 0]	[0, 0, 0, 1, 0]	LSSSDRYSDASDDYASEPR	2,Phospho[S];4,Phospho[S];13,Phospho[D];	LSSSDRYSDASDSDFSEPR	2,Phospho[S];4,Phospho[S];14,Phospho[D];	LSSSDRYSDASDSDFSEPR	2,Phospho[S];4,Phospho[S];14,Phospho[D];
20150615_HepG2_Phos_control_70ug_1.16817.16817.2.6.dta	LSSSDRYSDASDDSFSEPR	2,Phospho[S];7,Phospho[Y];11,Phospho[S];	-1.000000	6.184198	0.086667	0.105081	0.014503	0.000000	0.000000	0.10526315789473684	[0, 0, 0, 0, 0, 0, 0, 0, 0, 0, 0, 0, 0, 0, 0, 0, 0, 0, 1, 0, 0, 0, 0, 0, 0, 0]	[0, 0, 0, 1, 0]	LSDSSRYSDASDDSFSEPR	4,Phospho[S];7,Phospho[Y];11,Phospho[S];	SSLSDRYSDASDDSFSEPR	4,Phospho[S];7,Phospho[Y];11,Phospho[S];	SSLSDRYSDASDDSFSEPR	4,Phospho[S];7,Phospho[Y];11,Phospho[S];
20150615_HepG2_Phos_control_70ug_1.16817.16817.2.6.dta	LSSSDRYSDASDDSFSEPR	2,Phospho[S];7,Phospho[Y];11,Phospho[S];	-1.000000	6.184198	0.086667	0.105081	-0.379925	-0.006667	-0.002940	0.3684210526315789	[0, 0, 0, 0, 0, 0, 0, 0, 0, 0, 0, 0, 0, 0, 0, 0, 0, 0, 0, 0, 0, 0, 0, 0, 1, 0]	[0, 0, 0, 1, 0]	LSSSDYDRSASDDSFSEPR	2,Phospho[S];6,Phospho[Y];11,Phospho[S];	LSSSDYDSRASDDSFSEPR	2,Phospho[S];6,Phospho[Y];11,Phospho[S];	LSSSDYDSRASDDSFSEPR	2,Phospho[S];6,Phospho[Y];11,Phospho[S];
20150615_HepG2_Phos_control_70ug_1.16817.16817.2.6.dta	LSSSDRYSDASDDSFSEPR	2,Phospho[S];7,Phospho[Y];11,Phospho[S];	-1.000000	6.184198	0.086667	0.105081	-0.841173	-0.006667	-0.008855	0.5789473684210527	[0, 0, 0, 0, 0, 0, 0, 0, 0, 0, 0, 0, 0, 0, 0, 0, 0, 0, 1, 0, 0, 0, 0, 0, 0, 0]	[0, 0, 0, 1, 0]	LSSSDRYSPCGMDSFSEPR	2,Phospho[S];7,Phospho[Y];9,Phospho[P];	LSSSDRYSPCGMDSFSEPR	2,Phospho[S];7,Phospho[Y];9,Phospho[P];	LSSSDRYSDSADDSFSEPR	2,Phospho[S];7,Phospho[Y];13,Phospho[D];
20150615_HepG2_Phos_control_70ug_1.16817.16817.2.6.dta	LSSSDRYSDASDDSFSEPR	11,Phospho[S];13,Phospho[D];16,Phospho[S];	-1.000000	7.043125	0.100000	0.127579	-0.323525	-0.006667	-0.004384	0.5789473684210527	[0, 0, 0, 0, 0, 0, 0, 0, 0, 0, 0, 0, 0, 0, 0, 0, 0, 0, 1, 0, 0, 0, 0, 0, 0, 0]	[0, 0, 0, 1, 0]	LSSSDRYSDASDDSFSEPR	10,Phospho[A];13,Phospho[D];16,Phospho[S];	LSSSDRYSDTGDDSFSEPR	11,Phospho[G];13,Phospho[D];16,Phospho[S];	LSSSDRYSDASDDSFSEPR	10,Phospho[A];13,Phospho[D];16,Phospho[S];
20150615_HepG2_Phos_control_70ug_1.16817.16817.2.6.dta	LSSSDRYSDASDDSFSEPR	11,Phospho[S];13,Phospho[D];16,Phospho[S];	-1.000000	7.043125	0.100000	0.127579	-0.777527	-0.013333	-0.009782	0.6842105263157895	[0, 0, 0, 1, 0, 0, 0, 0, 0, 0, 0, 0, 0, 0, 0, 0, 0, 0, 0, 0, 0, 0, 0, 0, 0, 0]	[0, 0, 0, 1, 0]	LSSSDRYSDASDSDYAEPR	11,Phospho[S];13,Phospho[S];14,Phospho[D];	LSSSDRYSDASDYGESEPR	11,Phospho[S];13,Phospho[Y];14,Phospho[G];	LSSSDRYSDADSDSFSEPR	10,Phospho[A];12,Phospho[S];16,Phospho[S];
20150615_HepG2_Phos_control_70ug_1.16817.16817.2.6.dta	LSSSDRYSDASDDSFSEPR	11,Phospho[S];13,Phospho[D];16,Phospho[S];	-1.000000	7.043125	0.100000	0.127579	-1.093046	-0.020000	-0.014883	0.8421052631578947	[0, 0, 0, 0, 0, 0, 0, 0, 0, 0, 0, 0, 0, 0, 0, 0, 0, 0, 1, 0, 0, 0, 0, 0, 0, 0]	[0, 0, 0, 1, 0]	LSSSDRYSDASDDAYSEPR	11,Phospho[S];13,Phospho[D];15,Phospho[Y];	LSSSDRYSDASDDAYSEPR	11,Phospho[S];13,Phospho[D];15,Phospho[Y];	LSSSDRYSDASDDAYSEPR	11,Phospho[S];13,Phospho[D];15,Phospho[Y];
20150615_HepG2_Phos_control_70ug_1.16817.16817.2.6.dta	LSSSDRYSDASDDSFSEPR	2,Phospho[S];2,Phospho[S];11,Phospho[S];	-1.000000	6.184198	0.086667	0.105081	0.000000	0.000000	0.000000	0.10526315789473684	[0, 0, 0, 0, 0, 0, 0, 0, 0, 0, 0, 0, 0, 0, 0, 0, 0, 0, 1, 0, 0, 0, 0, 0, 0, 0]	[0, 0, 0, 1, 0]	LSDSSRYSDASDDSFSEPR	4,Phospho[S];11,Phospho[S];	SSLSDRYSDASDDSFSEPR	4,Phospho[S];11,Phospho[S];	SSLSDRYSDASDDSFSEPR	4,Phospho[S];11,Phospho[S];
20150615_HepG2_Phos_control_70ug_1.16817.16817.2.6.dta	LSSSDRYSDASDDSFSEPR	2,Phospho[S];2,Phospho[S];11,Phospho[S];	-1.000000	6.184198	0.086667	0.105081	0.000000	0.000000	0.000000	0.10526315789473684	[0, 0, 0, 0, 0, 0, 0, 0, 0, 0, 0, 0, 0, 0, 0, 0, 0, 0, 1, 0, 0, 0, 0, 0, 0, 0]	[0, 0, 0, 1, 0]	LSDSSRYSDASDDSFSEPR	4,Phospho[S];11,Phospho[S];	SSLSDRYSDASDDSFSEPR	4,Phospho[S];11,Phospho[S];	SSLSDRYSDASDDSFSEPR	4,Phospho[S];11,Phospho[S];
20150615_HepG2_Phos_control_70ug_1.16817.16817.2.6.dta	LSSSDRYSDASDDSFSEPR	2,Phospho[S];2,Phospho[S];11,Phospho[S];	-1.000000	6.184198	0.086667	0.105081	-0.841173	-0.006667	-0.008855	0.5789473684210527	[0, 0, 0, 0, 0, 0, 0, 0, 0, 0, 0, 0, 0, 0, 0, 0, 0, 0, 1, 0, 0, 0, 0, 0, 0, 0]	[0, 0, 0, 1, 0]	LSSSDRYSPCGMDSFSEPR	2,Phospho[S];2,Phospho[S];9,Phospho[P];	LSSSDRYSPCGMDSFSEPR	2,Phospho[S];2,Phospho[S];9,Phospho[P];	LSSSDRYSDSADDSFSEPR	2,Phospho[S];2,Phospho[S];13,Phospho[D];
20150615_HepG2_Phos_control_70ug_1.16817.16817.2.6.dta	LSSSDRYSDASDDSFSEPR	9,Phospho[D];14,Phospho[S];16,Phospho[S];	-1.000000	6.012699	0.093333	0.108801	-0.225026	0.000000	-0.006608	0.47368421052631576	[0, 0, 0, 1, 0, 0, 0, 0, 0, 0, 0, 0, 0, 0, 0, 0, 0, 0, 0, 0, 0, 0, 0, 0, 0, 0]	[0, 0, 0, 1, 0]	LSSSDRSYDASDDSFSEPR	10,Phospho[A];14,Phospho[S];16,Phospho[S];	LSSSDRYSDSADDSFSEPR	10,Phospho[S];14,Phospho[S];16,Phospho[S];	LSSSDRSYDASDDSFSEPR	10,Phospho[A];14,Phospho[S];16,Phospho[S];
20150615_HepG2_Phos_control_70ug_1.16817.16817.2.6.dta	LSSSDRYSDASDDSFSEPR	9,Phospho[D];14,Phospho[S];16,Phospho[S];	-1.000000	6.012699	0.093333	0.108801	-1.583689	-0.020000	-0.019344	0.7368421052631579	[0, 0, 0, 0, 0, 0, 0, 0, 0, 0, 0, 0, 0, 0, 0, 0, 0, 0, 1, 0, 0, 0, 0, 0, 0, 0]	[0, 0, 0, 1, 0]	LSSSDRYSDASDDSFSEPR	9,Phospho[D];13,Phospho[D];15,Phospho[F];	LSSSDRYSDASDDSFSEPR	9,Phospho[D];11,Phospho[S];16,Phospho[S];	LSSSDRYSDASDDFSSEPR	9,Phospho[D];13,Phospho[D];15,Phospho[S];
20150615_HepG2_Phos_control_70ug_1.16817.16817.2.6.dta	LSSSDRYSDASDDSFSEPR	9,Phospho[D];14,Phospho[S];16,Phospho[S];	-1.000000	6.012699	0.093333	0.108801	-1.583689	-0.020000	-0.019344	0.8421052631578947	[0, 0, 0, 0, 0, 0, 0, 0, 0, 0, 0, 0, 0, 0, 0, 0, 0, 0, 1, 0, 0, 0, 0, 0, 0, 0]	[0, 0, 0, 1, 0]	LSSSDRYSDASDDSFSEPR	9,Phospho[D];13,Phospho[D];15,Phospho[F];	LSSSDRYSDASDGYESEPR	9,Phospho[D];13,Phospho[G];14,Phospho[Y];	LSSSDRYSDASDDFSSEPR	9,Phospho[D];13,Phospho[D];15,Phospho[S];
20150615_HepG2_Phos_control_70ug_1.16817.16817.2.6.dta	LSSSDRYSDASDDSFSEPR	4,Phospho[S];7,Phospho[Y];12,Phospho[D];	-1.000000	6.611055	0.093333	0.108538	0.000000	0.000000	0.000000	0.21052631578947367	[0, 0, 0, 0, 0, 0, 0, 0, 0, 0, 0, 0, 0, 0, 0, 0, 0, 0, 1, 0, 0, 0, 0, 0, 0, 0]	[0, 0, 0, 1, 0]	SSLSDRYSDASDDSFSEPR	2,Phospho[S];7,Phospho[Y];12,Phospho[D];	SSLSDRYSDASDDSFSEPR	2,Phospho[S];7,Phospho[Y];12,Phospho[D];	SSLSDRYSDASDDSFSEPR	2,Phospho[S];7,Phospho[Y];12,Phospho[D];
20150615_HepG2_Phos_control_70ug_1.16817.16817.2.6.dta	LSSSDRYSDASDDSFSEPR	4,Phospho[S];7,Phospho[Y];12,Phospho[D];	-1.000000	6.611055	0.093333	0.108538	-0.380684	-0.006667	-0.002940	0.3684210526315789	[0, 0, 0, 0, 0, 0, 0, 0, 0, 0, 0, 0, 0, 0, 0, 0, 0, 0, 0, 0, 0, 0, 0, 0, 1, 0]	[0, 0, 0, 1, 0]	LSSSDYDRSASDDSFSEPR	4,Phospho[S];6,Phospho[Y];12,Phospho[D];	LSSSDYDSRASDDSFSEPR	4,Phospho[S];6,Phospho[Y];12,Phospho[D];	LSSSDYDSRASDDSFSEPR	4,Phospho[S];6,Phospho[Y];12,Phospho[D];
20150615_HepG2_Phos_control_70ug_1.16817.16817.2.6.dta	LSSSDRYSDASDDSFSEPR	4,Phospho[S];7,Phospho[Y];12,Phospho[D];	-1.000000	6.611055	0.093333	0.108538	-0.414316	0.000000	-0.005398	0.631578947368421	[0, 0, 0, 1, 0, 0, 0, 0, 0, 0, 0, 0, 0, 0, 0, 0, 0, 0, 0, 0, 0, 0, 0, 0, 0, 0]	[0, 0, 0, 1, 0]	LSSSDRYSCPMGDSFSEPR	4,Phospho[S];7,Phospho[Y];10,Phospho[P];	LSSSDRYSCPMGDSFSEPR	4,Phospho[S];7,Phospho[Y];10,Phospho[P];	LSSSDRYSDSADDSFSEPR	4,Phospho[S];7,Phospho[Y];13,Phospho[D];
20150615_HepG2_Phos_control_70ug_1.16817.16817.2.6.dta	LSSSDRYSDASDDSFSEPR	3,Phospho[S];7,Phospho[Y];16,Phospho[S];	-1.000000	3.810541	0.060000	0.069975	0.000000	0.000000	0.000000	0.15789473684210525	[0, 0, 0, 0, 0, 0, 0, 0, 0, 0, 0, 0, 0, 0, 0, 0, 0, 0, 1, 0, 0, 0, 0, 0, 0, 0]	[0, 0, 0, 1, 0]	SSLSDRYSDASDDSFSEPR	1,Phospho[S];7,Phospho[Y];16,Phospho[S];	SSLSDRYSDASDDSFSEPR	1,Phospho[S];7,Phospho[Y];16,Phospho[S];	SSLSDRYSDASDDSFSEPR	1,Phospho[S];7,Phospho[Y];16,Phospho[S];
20150615_HepG2_Phos_control_70ug_1.16817.16817.2.6.dta	LSSSDRYSDASDDSFSEPR	3,Phospho[S];7,Phospho[Y];16,Phospho[S];	-1.000000	3.810541	0.060000	0.069975	-0.373950	-0.006667	-0.002940	0.3684210526315789	[0, 0, 0, 0, 0, 0, 0, 0, 0, 0, 0, 0, 0, 0, 0, 0, 0, 0, 0, 0, 0, 0, 0, 0, 1, 0]	[0, 0, 0, 1, 0]	LSSSDYDSRASDDSFSEPR	3,Phospho[S];6,Phospho[Y];16,Phospho[S];	LSSSDYDSRASDDSFSEPR	3,Phospho[S];6,Phospho[Y];16,Phospho[S];	LSSSDYDSRASDDSFSEPR	3,Phospho[S];6,Phospho[Y];16,Phospho[S];
20150615_HepG2_Phos_control_70ug_1.16817.16817.2.6.dta	LSSSDRYSDASDDSFSEPR	3,Phospho[S];7,Phospho[Y];16,Phospho[S];	-1.000000	3.810541	0.060000	0.069975	-1.868678	-0.020000	-0.025787	0.8421052631578947	[0, 0, 0, 0, 0, 0, 0, 0, 0, 0, 0, 0, 0, 0, 0, 0, 0, 0, 1, 0, 0, 0, 0, 0, 0, 0]	[0, 0, 0, 1, 0]	LSSSDRYSDASDSDFSEPR	3,Phospho[S];7,Phospho[Y];13,Phospho[S];	LSSSDRYSDASDDSYAEPR	3,Phospho[S];7,Phospho[Y];13,Phospho[D];	LSSSDRYSDASDSDFSEPR	3,Phospho[S];7,Phospho[Y];13,Phospho[S];
20150615_HepG2_Phos_control_70ug_1.16817.16817.2.6.dta	LSSSDRYSDASDDSFSEPR	4,Phospho[S];8,Phospho[S];18,Phospho[P];	-1.000000	1.377067	0.026667	0.016694	0.000000	0.000000	0.000000	0.21052631578947367	[0, 0, 0, 0, 0, 0, 0, 0, 0, 0, 0, 0, 0, 0, 0, 0, 0, 0, 1, 0, 0, 0, 0, 0, 0, 0]	[0, 0, 0, 1, 0]	SSLSDRYSDASDDSFSEPR	2,Phospho[S];8,Phospho[S];18,Phospho[P];	SSLSDRYSDASDDSFSEPR	2,Phospho[S];8,Phospho[S];18,Phospho[P];	SSLSDRYSDASDDSFSEPR	2,Phospho[S];8,Phospho[S];18,Phospho[P];
20150615_HepG2_Phos_control_70ug_1.16817.16817.2.6.dta	LSSSDRYSDASDDSFSEPR	4,Phospho[S];8,Phospho[S];18,Phospho[P];	-1.000000	1.377067	0.026667	0.016694	-0.655895	-0.006667	-0.007632	0.42105263157894735	[0, 0, 0, 0, 0, 0, 0, 0, 0, 0, 0, 0, 0, 0, 0, 0, 0, 0, 1, 0, 0, 0, 0, 0, 0, 0]	[0, 0, 0, 1, 0]	LSSSDRYDSASDDSFSEPR	4,Phospho[S];10,Phospho[A];18,Phospho[P];	LSSSDRYDSASDDSFSEPR	4,Phospho[S];10,Phospho[A];18,Phospho[P];	LSSSDRYDSASDDSFSEPR	4,Phospho[S];10,Phospho[A];18,Phospho[P];
20150615_HepG2_Phos_control_70ug_1.16817.16817.2.6.dta	LSSSDRYSDASDDSFSEPR	4,Phospho[S];8,Phospho[S];18,Phospho[P];	-1.000000	1.377067	0.026667	0.016694	-2.433474	-0.033333	-0.052950	0.9473684210526315	[0, 0, 0, 0, 0, 0, 0, 0, 0, 0, 0, 0, 0, 0, 0, 1, 0, 0, 0, 0, 0, 0, 0, 0, 0, 0]	[0, 0, 0, 1, 0]	LSSSDRYSDASDDSYAEPR	4,Phospho[S];8,Phospho[S];15,Phospho[Y];	LSSSDRYSDASDDSAYEPR	4,Phospho[S];8,Phospho[S];16,Phospho[Y];	LSSSDRYSDASDDSFDTPR	4,Phospho[S];8,Phospho[S];15,Phospho[F];
20150615_HepG2_Phos_control_70ug_1.16817.16817.2.6.dta	LSSSDRYSDASDDSFSEPR	3,Phospho[S];8,Phospho[S];10,Phospho[A];	-1.000000	6.184198	0.086667	0.105081	0.014503	0.000000	0.000000	0.15789473684210525	[0, 0, 0, 0, 0, 0, 0, 0, 0, 0, 0, 0, 0, 0, 0, 0, 0, 0, 1, 0, 0, 0, 0, 0, 0, 0]	[0, 0, 0, 1, 0]	LSDSSRYSDASDDSFSEPR	5,Phospho[S];8,Phospho[S];10,Phospho[A];	SSLSDRYSDASDDSFSEPR	1,Phospho[S];8,Phospho[S];10,Phospho[A];	SSLSDRYSDASDDSFSEPR	1,Phospho[S];8,Phospho[S];10,Phospho[A];
20150615_HepG2_Phos_control_70ug_1.16817.16817.2.6.dta	LSSSDRYSDASDDSFSEPR	3,Phospho[S];8,Phospho[S];10,Phospho[A];	-1.000000	6.184198	0.086667	0.105081	-0.379925	-0.006667	-0.002940	0.42105263157894735	[0, 0, 0, 0, 0, 0, 0, 0, 0, 0, 0, 0, 0, 0, 0, 0, 0, 0, 1, 0, 0, 0, 0, 0, 0, 0]	[0, 0, 0, 1, 0]	LSSSDYDSRASDDSFSEPR	3,Phospho[S];7,Phospho[D];10,Phospho[A];	LSSSDRYDSSADDSFSEPR	3,Phospho[S];10,Phospho[S];11,Phospho[A];	LSSSDDYRSASDDSFSEPR	3,Phospho[S];6,Phospho[D];10,Phospho[A];
20150615_HepG2_Phos_control_70ug_1.16817.16817.2.6.dta	LSSSDRYSDASDDSFSEPR	3,Phospho[S];8,Phospho[S];10,Phospho[A];	-1.000000	6.184198	0.086667	0.105081	-0.841173	-0.006667	-0.008855	0.5263157894736842	[1, 0, 0, 0, 0, 0, 0, 0, 0, 0, 0, 0, 0, 0, 0, 0, 0, 0, 0, 0, 0, 0, 0, 0, 0, 0]	[0, 0, 0, 1, 0]	LSSSDRYSPCMGDSFSEPR	3,Phospho[S];8,Phospho[S];9,Phospho[P];	LSSSDRYDSTGDDSFSEPR	3,Phospho[S];10,Phospho[T];11,Phospho[G];	LSSSDRYSDSADDSFSEPR	3,Phospho[S];8,Phospho[S];13,Phospho[D];
20150615_HepG2_Phos_control_70ug_1.16817.16817.2.6.dta	LSSSDRYSDASDDSFSEPR	3,Phospho[S];3,Phospho[S];4,Phospho[S];	-1.000000	6.184198	0.086667	0.105081	0.000000	0.000000	0.000000	0.15789473684210525	[0, 0, 0, 0, 0, 0, 0, 0, 0, 0, 0, 0, 0, 0, 0, 0, 0, 0, 1, 0, 0, 0, 0, 0, 0, 0]	[0, 0, 0, 1, 0]	SSLSDRYSDASDDSFSEPR	1,Phospho[S];2,Phospho[S];	SSLSDRYSDASDDSFSEPR	1,Phospho[S];2,Phospho[S];	SSLSDRYSDASDDSFSEPR	1,Phospho[S];2,Phospho[S];
20150615_HepG2_Phos_control_70ug_1.16817.16817.2.6.dta	LSSSDRYSDASDDSFSEPR	3,Phospho[S];3,Phospho[S];4,Phospho[S];	-1.000000	6.184198	0.086667	0.105081	0.000000	0.000000	0.000000	0.15789473684210525	[0, 0, 0, 0, 0, 0, 0, 0, 0, 0, 0, 0, 0, 0, 0, 0, 0, 0, 1, 0, 0, 0, 0, 0, 0, 0]	[0, 0, 0, 1, 0]	SSLSDRYSDASDDSFSEPR	1,Phospho[S];2,Phospho[S];	SSLSDRYSDASDDSFSEPR	1,Phospho[S];2,Phospho[S];	SSLSDRYSDASDDSFSEPR	1,Phospho[S];2,Phospho[S];
20150615_HepG2_Phos_control_70ug_1.16817.16817.2.6.dta	LSSSDRYSDASDDSFSEPR	3,Phospho[S];3,Phospho[S];4,Phospho[S];	-1.000000	6.184198	0.086667	0.105081	0.000000	0.000000	0.000000	0.21052631578947367	[0, 0, 0, 0, 0, 0, 0, 0, 0, 0, 0, 0, 0, 0, 0, 0, 0, 0, 1, 0, 0, 0, 0, 0, 0, 0]	[0, 0, 0, 1, 0]	SSLSDRYSDASDDSFSEPR	1,Phospho[S];2,Phospho[S];	SSLSDRYSDASDDSFSEPR	1,Phospho[S];2,Phospho[S];	SSLSDRYSDASDDSFSEPR	1,Phospho[S];2,Phospho[S];
20150615_HepG2_Phos_control_70ug_1.16817.16817.2.6.dta	LSSSDRYSDASDDSFSEPR	4,Phospho[S];11,Phospho[S];12,Phospho[D];	-1.000000	7.566071	0.106667	0.120553	0.000000	0.000000	0.000000	0.21052631578947367	[0, 0, 0, 0, 0, 0, 0, 0, 0, 0, 0, 0, 0, 0, 0, 0, 0, 0, 1, 0, 0, 0, 0, 0, 0, 0]	[0, 0, 0, 1, 0]	SSLSDRYSDASDDSFSEPR	2,Phospho[S];11,Phospho[S];12,Phospho[D];	SSLSDRYSDASDDSFSEPR	2,Phospho[S];11,Phospho[S];12,Phospho[D];	SSLSDRYSDASDDSFSEPR	2,Phospho[S];11,Phospho[S];12,Phospho[D];
20150615_HepG2_Phos_control_70ug_1.16817.16817.2.6.dta	LSSSDRYSDASDDSFSEPR	4,Phospho[S];11,Phospho[S];12,Phospho[D];	-1.000000	7.566071	0.106667	0.120553	-0.024543	0.000000	-0.001014	0.5789473684210527	[0, 0, 0, 0, 0, 0, 0, 0, 0, 0, 0, 0, 0, 0, 0, 0, 0, 0, 1, 0, 0, 0, 0, 0, 0, 0]	[0, 0, 0, 1, 0]	LSSSDRYSDASDDSFSEPR	4,Phospho[S];12,Phospho[D];13,Phospho[D];	LSSSDRYSDGTDDSFSEPR	4,Phospho[S];10,Phospho[G];13,Phospho[D];	LSSSDRYSDGTDDSFSEPR	4,Phospho[S];10,Phospho[G];13,Phospho[D];
20150615_HepG2_Phos_control_70ug_1.16817.16817.2.6.dta	LSSSDRYSDASDDSFSEPR	4,Phospho[S];11,Phospho[S];12,Phospho[D];	-1.000000	7.566071	0.106667	0.120553	-0.024543	0.000000	-0.001014	0.631578947368421	[0, 0, 0, 1, 0, 0, 0, 0, 0, 0, 0, 0, 0, 0, 0, 0, 0, 0, 0, 0, 0, 0, 0, 0, 0, 0]	[0, 0, 0, 1, 0]	LSSSDRYSDADSDSFSEPR	4,Phospho[S];12,Phospho[S];13,Phospho[D];	LSSSDRYSDASDDSFSEPR	4,Phospho[S];12,Phospho[D];13,Phospho[D];	LSSSDRYSDASDDSFSEPR	4,Phospho[S];10,Phospho[A];13,Phospho[D];
20150615_HepG2_Phos_control_70ug_1.16817.16817.2.6.dta	LSSSDRYSDASDDSFSEPR	3,Phospho[S];11,Phospho[S];19,Phospho[R];	-1.000000	2.431857	0.046667	0.034591	0.000000	0.000000	0.000000	0.15789473684210525	[0, 0, 0, 0, 0, 0, 0, 0, 0, 0, 0, 0, 0, 0, 0, 0, 0, 0, 1, 0, 0, 0, 0, 0, 0, 0]	[0, 0, 0, 1, 0]	SSLSDRYSDASDDSFSEPR	1,Phospho[S];11,Phospho[S];19,Phospho[R];	SSLSDRYSDASDDSFSEPR	1,Phospho[S];11,Phospho[S];19,Phospho[R];	SSLSDRYSDASDDSFSEPR	1,Phospho[S];11,Phospho[S];19,Phospho[R];
20150615_HepG2_Phos_control_70ug_1.16817.16817.2.6.dta	LSSSDRYSDASDDSFSEPR	3,Phospho[S];11,Phospho[S];19,Phospho[R];	-1.000000	2.431857	0.046667	0.034591	0.393080	0.006667	0.004384	0.5789473684210527	[0, 0, 0, 0, 0, 0, 0, 0, 0, 0, 0, 0, 0, 0, 0, 0, 0, 0, 1, 0, 0, 0, 0, 0, 0, 0]	[0, 0, 0, 1, 0]	LSSSDRYDSGTDDSFSEPR	3,Phospho[S];11,Phospho[T];19,Phospho[R];	LSSSDRYDSGTDDSFSEPR	3,Phospho[S];11,Phospho[T];19,Phospho[R];	LSSSDRYDSGTDDSFSEPR	3,Phospho[S];11,Phospho[T];19,Phospho[R];
20150615_HepG2_Phos_control_70ug_1.16817.16817.2.6.dta	LSSSDRYSDASDDSFSEPR	3,Phospho[S];11,Phospho[S];19,Phospho[R];	-1.000000	2.431857	0.046667	0.034591	-1.405525	-0.006667	-0.032186	1.0	[0, 0, 0, 0, 0, 0, 0, 0, 0, 0, 0, 0, 0, 0, 0, 0, 0, 1, 0, 0, 0, 0, 0, 0, 0, 0]	[0, 0, 0, 1, 0]	LSSSDRYSDASDDSFESRP	3,Phospho[S];11,Phospho[S];17,Phospho[S];	LSSSDRYSDASDDSFDTRP	3,Phospho[S];11,Phospho[S];17,Phospho[T];	LSSSDRYSDASDDSFDTRP	3,Phospho[S];11,Phospho[S];17,Phospho[T];
20150615_HepG2_Phos_control_70ug_1.16817.16817.2.6.dta	LSSSDRYSDASDDSFSEPR	3,Phospho[S];4,Phospho[S];16,Phospho[S];	-1.000000	3.810541	0.060000	0.069975	0.000000	0.000000	0.000000	0.15789473684210525	[0, 0, 0, 0, 0, 0, 0, 0, 0, 0, 0, 0, 0, 0, 0, 0, 0, 0, 1, 0, 0, 0, 0, 0, 0, 0]	[0, 0, 0, 1, 0]	SSLSDRYSDASDDSFSEPR	1,Phospho[S];2,Phospho[S];16,Phospho[S];	SSLSDRYSDASDDSFSEPR	1,Phospho[S];2,Phospho[S];16,Phospho[S];	SSLSDRYSDASDDSFSEPR	1,Phospho[S];2,Phospho[S];16,Phospho[S];
20150615_HepG2_Phos_control_70ug_1.16817.16817.2.6.dta	LSSSDRYSDASDDSFSEPR	3,Phospho[S];4,Phospho[S];16,Phospho[S];	-1.000000	3.810541	0.060000	0.069975	0.000000	0.000000	0.000000	0.21052631578947367	[0, 0, 0, 0, 0, 0, 0, 0, 0, 0, 0, 0, 0, 0, 0, 0, 0, 0, 1, 0, 0, 0, 0, 0, 0, 0]	[0, 0, 0, 1, 0]	SSLSDRYSDASDDSFSEPR	1,Phospho[S];2,Phospho[S];16,Phospho[S];	SSLSDRYSDASDDSFSEPR	1,Phospho[S];2,Phospho[S];16,Phospho[S];	SSLSDRYSDASDDSFSEPR	1,Phospho[S];2,Phospho[S];16,Phospho[S];
20150615_HepG2_Phos_control_70ug_1.16817.16817.2.6.dta	LSSSDRYSDASDDSFSEPR	3,Phospho[S];4,Phospho[S];16,Phospho[S];	-1.000000	3.810541	0.060000	0.069975	-1.868678	-0.020000	-0.025787	0.8421052631578947	[0, 0, 0, 0, 0, 0, 0, 0, 0, 0, 0, 0, 0, 0, 0, 0, 0, 0, 1, 0, 0, 0, 0, 0, 0, 0]	[0, 0, 0, 1, 0]	LSSSDRYSDASDSDFSEPR	3,Phospho[S];4,Phospho[S];13,Phospho[S];	LSSSDRYSDASDDSYAEPR	3,Phospho[S];4,Phospho[S];13,Phospho[D];	LSSSDRYSDASDSDFSEPR	3,Phospho[S];4,Phospho[S];13,Phospho[S];
20150615_HepG2_Phos_control_70ug_1.16817.16817.2.6.dta	LSSSDRYSDASDDSFSEPR	4,Phospho[S];8,Phospho[S];14,Phospho[S];	-1.000000	6.180635	0.093333	0.100223	0.000000	0.000000	0.000000	0.21052631578947367	[0, 0, 0, 0, 0, 0, 0, 0, 0, 0, 0, 0, 0, 0, 0, 0, 0, 0, 1, 0, 0, 0, 0, 0, 0, 0]	[0, 0, 0, 1, 0]	SSLSDRYSDASDDSFSEPR	2,Phospho[S];8,Phospho[S];14,Phospho[S];	SSLSDRYSDASDDSFSEPR	2,Phospho[S];8,Phospho[S];14,Phospho[S];	SSLSDRYSDASDDSFSEPR	2,Phospho[S];8,Phospho[S];14,Phospho[S];
20150615_HepG2_Phos_control_70ug_1.16817.16817.2.6.dta	LSSSDRYSDASDDSFSEPR	4,Phospho[S];8,Phospho[S];14,Phospho[S];	-1.000000	6.180635	0.093333	0.100223	-0.649576	-0.006667	-0.007632	0.42105263157894735	[0, 0, 0, 0, 0, 0, 0, 0, 0, 0, 0, 0, 0, 0, 0, 0, 0, 0, 1, 0, 0, 0, 0, 0, 0, 0]	[0, 0, 0, 1, 0]	LSSSDRYDSTGDDSFSEPR	4,Phospho[S];11,Phospho[G];14,Phospho[S];	LSSSDRYDSASDDSFSEPR	4,Phospho[S];10,Phospho[A];14,Phospho[S];	LSSSDRYDSASDDSFSEPR	4,Phospho[S];10,Phospho[A];14,Phospho[S];
20150615_HepG2_Phos_control_70ug_1.16817.16817.2.6.dta	LSSSDRYSDASDDSFSEPR	4,Phospho[S];8,Phospho[S];14,Phospho[S];	-1.000000	6.180635	0.093333	0.100223	0.427900	0.006667	0.004461	0.7368421052631579	[0, 0, 0, 0, 0, 0, 0, 0, 0, 0, 0, 0, 0, 0, 0, 0, 0, 0, 1, 0, 0, 0, 0, 0, 0, 0]	[0, 0, 0, 1, 0]	LSSSDRYSDASDDYASEPR	4,Phospho[S];8,Phospho[S];13,Phospho[D];	LSSSDRYSDASDSDFSEPR	4,Phospho[S];8,Phospho[S];14,Phospho[D];	LSSSDRYSDASDSDFSEPR	4,Phospho[S];8,Phospho[S];14,Phospho[D];
20150615_HepG2_Phos_control_70ug_1.16817.16817.2.6.dta	LSSSDRYSDASDDSFSEPR	3,Phospho[S];14,Phospho[S];15,Phospho[F];	-1.000000	4.515426	0.073333	0.083556	0.000000	0.000000	0.000000	0.15789473684210525	[0, 0, 0, 0, 0, 0, 0, 0, 0, 0, 0, 0, 0, 0, 0, 0, 0, 0, 1, 0, 0, 0, 0, 0, 0, 0]	[0, 0, 0, 1, 0]	SSLSDRYSDASDDSFSEPR	1,Phospho[S];14,Phospho[S];15,Phospho[F];	SSLSDRYSDASDDSFSEPR	1,Phospho[S];14,Phospho[S];15,Phospho[F];	SSLSDRYSDASDDSFSEPR	1,Phospho[S];14,Phospho[S];15,Phospho[F];
20150615_HepG2_Phos_control_70ug_1.16817.16817.2.6.dta	LSSSDRYSDASDDSFSEPR	3,Phospho[S];14,Phospho[S];15,Phospho[F];	-1.000000	4.515426	0.073333	0.083556	-1.275849	-0.013333	-0.013317	0.7368421052631579	[0, 0, 0, 0, 0, 0, 0, 0, 0, 0, 0, 0, 0, 0, 0, 0, 0, 0, 1, 0, 0, 0, 0, 0, 0, 0]	[0, 0, 0, 1, 0]	LSSSDRYSDASDSDFSEPR	3,Phospho[S];13,Phospho[S];14,Phospho[D];	LSSSDRYSDASDSDFSEPR	3,Phospho[S];13,Phospho[S];14,Phospho[D];	LSSSDRYSDASDDSFSEPR	3,Phospho[S];11,Phospho[S];15,Phospho[F];
20150615_HepG2_Phos_control_70ug_1.16817.16817.2.6.dta	LSSSDRYSDASDDSFSEPR	3,Phospho[S];14,Phospho[S];15,Phospho[F];	-1.000000	4.515426	0.073333	0.083556	-0.950979	-0.013333	-0.009859	0.7894736842105263	[0, 0, 0, 0, 0, 1, 0, 0, 0, 0, 0, 0, 0, 0, 0, 0, 0, 0, 0, 0, 0, 0, 0, 0, 0, 0]	[0, 0, 0, 1, 0]	LSSSDRYSDASDDFSSEPR	3,Phospho[S];12,Phospho[D];15,Phospho[S];	LSSSDRYSDASDSDFSEPR	3,Phospho[S];13,Phospho[S];14,Phospho[D];	LSSSDRYSDASDDAYSEPR	3,Phospho[S];12,Phospho[D];14,Phospho[A];
20150615_HepG2_Phos_control_70ug_1.16817.16817.2.6.dta	LSSSDRYSDASDDSFSEPR	3,Phospho[S];4,Phospho[S];6,Phospho[R];	-1.000000	6.184198	0.086667	0.105081	0.014503	0.000000	0.000000	0.15789473684210525	[0, 0, 0, 0, 0, 0, 0, 0, 0, 0, 0, 0, 0, 0, 0, 0, 0, 0, 1, 0, 0, 0, 0, 0, 0, 0]	[0, 0, 0, 1, 0]	LSDSSRYSDASDDSFSEPR	5,Phospho[S];2,Phospho[S];6,Phospho[R];	SSLSDRYSDASDDSFSEPR	1,Phospho[S];2,Phospho[S];6,Phospho[R];	SSLSDRYSDASDDSFSEPR	1,Phospho[S];2,Phospho[S];6,Phospho[R];
20150615_HepG2_Phos_control_70ug_1.16817.16817.2.6.dta	LSSSDRYSDASDDSFSEPR	3,Phospho[S];4,Phospho[S];6,Phospho[R];	-1.000000	6.184198	0.086667	0.105081	0.014503	0.000000	0.000000	0.21052631578947367	[0, 0, 0, 0, 0, 0, 0, 0, 0, 0, 0, 0, 0, 0, 0, 0, 0, 0, 1, 0, 0, 0, 0, 0, 0, 0]	[0, 0, 0, 1, 0]	LSDSSRYSDASDDSFSEPR	5,Phospho[S];2,Phospho[S];6,Phospho[R];	SSLSDRYSDASDDSFSEPR	1,Phospho[S];2,Phospho[S];6,Phospho[R];	SSLSDRYSDASDDSFSEPR	1,Phospho[S];2,Phospho[S];6,Phospho[R];
20150615_HepG2_Phos_control_70ug_1.16817.16817.2.6.dta	LSSSDRYSDASDDSFSEPR	3,Phospho[S];4,Phospho[S];6,Phospho[R];	-1.000000	6.184198	0.086667	0.105081	-0.379925	-0.006667	-0.002966	0.3157894736842105	[0, 0, 0, 0, 0, 0, 0, 0, 0, 0, 0, 0, 0, 0, 0, 0, 0, 1, 0, 0, 0, 0, 0, 0, 0, 0]	[0, 0, 0, 1, 0]	LSSSDDYSRASDDSFSEPR	3,Phospho[S];4,Phospho[S];8,Phospho[S];	LSSSDYDRSASDDSFSEPR	3,Phospho[S];4,Phospho[S];9,Phospho[S];	LSSSDPTHADASDDSFSEPR	3,Phospho[S];4,Phospho[S];6,Phospho[P];
20150615_HepG2_Phos_control_70ug_1.16817.16817.2.6.dta	LSSSDRYSDASDDSFSEPR	4,Phospho[S];9,Phospho[D];16,Phospho[S];	-1.000000	3.810541	0.060000	0.069975	0.000000	0.000000	0.000000	0.21052631578947367	[0, 0, 0, 0, 0, 0, 0, 0, 0, 0, 0, 0, 0, 0, 0, 0, 0, 0, 1, 0, 0, 0, 0, 0, 0, 0]	[0, 0, 0, 1, 0]	SSLSDRYSDASDDSFSEPR	2,Phospho[S];9,Phospho[D];16,Phospho[S];	SSLSDRYSDASDDSFSEPR	2,Phospho[S];9,Phospho[D];16,Phospho[S];	SSLSDRYSDASDDSFSEPR	2,Phospho[S];9,Phospho[D];16,Phospho[S];
20150615_HepG2_Phos_control_70ug_1.16817.16817.2.6.dta	LSSSDRYSDASDDSFSEPR	4,Phospho[S];9,Phospho[D];16,Phospho[S];	-1.000000	3.810541	0.060000	0.069975	-0.652818	-0.006667	-0.007632	0.47368421052631576	[0, 0, 0, 1, 0, 0, 0, 0, 0, 0, 0, 0, 0, 0, 0, 0, 0, 0, 0, 0, 0, 0, 0, 0, 0, 0]	[0, 0, 0, 1, 0]	LSSSDRYSDSADDSFSEPR	4,Phospho[S];11,Phospho[A];16,Phospho[S];	LSSSDRYDSSADDSFSEPR	4,Phospho[S];11,Phospho[A];16,Phospho[S];	LSSSDRYDSSADDSFSEPR	4,Phospho[S];11,Phospho[A];16,Phospho[S];
20150615_HepG2_Phos_control_70ug_1.16817.16817.2.6.dta	LSSSDRYSDASDDSFSEPR	4,Phospho[S];9,Phospho[D];16,Phospho[S];	-1.000000	3.810541	0.060000	0.069975	-1.868678	-0.020000	-0.025787	0.8421052631578947	[0, 0, 0, 0, 0, 0, 0, 0, 0, 0, 0, 0, 0, 0, 0, 0, 0, 0, 1, 0, 0, 0, 0, 0, 0, 0]	[0, 0, 0, 1, 0]	LSSSDRYSDASDSDFSEPR	4,Phospho[S];9,Phospho[D];13,Phospho[S];	LSSSDRYSDASDDSYAEPR	4,Phospho[S];9,Phospho[D];13,Phospho[D];	LSSSDRYSDASDSDFSEPR	4,Phospho[S];9,Phospho[D];13,Phospho[S];
20150615_HepG2_Phos_control_70ug_1.16817.16817.2.6.dta	LSSSDRYSDASDDSFSEPR	3,Phospho[S];13,Phospho[D];16,Phospho[S];	-1.000000	3.931281	0.060000	0.073134	0.000000	0.000000	0.000000	0.15789473684210525	[0, 0, 0, 0, 0, 0, 0, 0, 0, 0, 0, 0, 0, 0, 0, 0, 0, 0, 1, 0, 0, 0, 0, 0, 0, 0]	[0, 0, 0, 1, 0]	SSLSDRYSDASDDSFSEPR	1,Phospho[S];13,Phospho[D];16,Phospho[S];	SSLSDRYSDASDDSFSEPR	1,Phospho[S];13,Phospho[D];16,Phospho[S];	SSLSDRYSDASDDSFSEPR	1,Phospho[S];13,Phospho[D];16,Phospho[S];
20150615_HepG2_Phos_control_70ug_1.16817.16817.2.6.dta	LSSSDRYSDASDDSFSEPR	3,Phospho[S];13,Phospho[D];16,Phospho[S];	-1.000000	3.931281	0.060000	0.073134	-0.532078	-0.006667	-0.005398	0.6842105263157895	[0, 0, 0, 1, 0, 0, 0, 0, 0, 0, 0, 0, 0, 0, 0, 0, 0, 0, 0, 0, 0, 0, 0, 0, 0, 0]	[0, 0, 0, 1, 0]	LSSSDRYSDSADDSFSEPR	3,Phospho[S];11,Phospho[A];16,Phospho[S];	LSSSDRYSDASDSDSFEPR	3,Phospho[S];13,Phospho[S];14,Phospho[D];	LSSSDRYSDADSDSFSEPR	3,Phospho[S];12,Phospho[S];16,Phospho[S];
20150615_HepG2_Phos_control_70ug_1.16817.16817.2.6.dta	LSSSDRYSDASDDSFSEPR	3,Phospho[S];13,Phospho[D];16,Phospho[S];	-1.000000	3.931281	0.060000	0.073134	-1.083382	-0.020000	-0.014883	0.8421052631578947	[0, 0, 0, 0, 0, 0, 0, 0, 0, 0, 0, 0, 0, 0, 0, 0, 0, 0, 1, 0, 0, 0, 0, 0, 0, 0]	[0, 0, 0, 1, 0]	LSSSDRYSDASDDAYSEPR	3,Phospho[S];13,Phospho[D];14,Phospho[A];	LSSSDRYSDASDDAYSEPR	3,Phospho[S];13,Phospho[D];15,Phospho[Y];	LSSSDRYSDASDDAYSEPR	3,Phospho[S];13,Phospho[D];15,Phospho[Y];
20150615_HepG2_Phos_control_70ug_1.16817.16817.2.6.dta	LSSSDRYSDASDDSFSEPR	3,Phospho[S];4,Phospho[S];7,Phospho[Y];	-1.000000	6.184198	0.086667	0.105081	0.014503	0.000000	0.000000	0.15789473684210525	[0, 0, 0, 0, 0, 0, 0, 0, 0, 0, 0, 0, 0, 0, 0, 0, 0, 0, 1, 0, 0, 0, 0, 0, 0, 0]	[0, 0, 0, 1, 0]	LSDSSRYSDASDDSFSEPR	5,Phospho[S];2,Phospho[S];7,Phospho[Y];	SSLSDRYSDASDDSFSEPR	1,Phospho[S];2,Phospho[S];7,Phospho[Y];	SSLSDRYSDASDDSFSEPR	1,Phospho[S];2,Phospho[S];7,Phospho[Y];
20150615_HepG2_Phos_control_70ug_1.16817.16817.2.6.dta	LSSSDRYSDASDDSFSEPR	3,Phospho[S];4,Phospho[S];7,Phospho[Y];	-1.000000	6.184198	0.086667	0.105081	0.014503	0.000000	0.000000	0.21052631578947367	[0, 0, 0, 0, 0, 0, 0, 0, 0, 0, 0, 0, 0, 0, 0, 0, 0, 0, 1, 0, 0, 0, 0, 0, 0, 0]	[0, 0, 0, 1, 0]	LSDSSRYSDASDDSFSEPR	5,Phospho[S];2,Phospho[S];7,Phospho[Y];	SSLSDRYSDASDDSFSEPR	1,Phospho[S];2,Phospho[S];7,Phospho[Y];	SSLSDRYSDASDDSFSEPR	1,Phospho[S];2,Phospho[S];7,Phospho[Y];
20150615_HepG2_Phos_control_70ug_1.16817.16817.2.6.dta	LSSSDRYSDASDDSFSEPR	3,Phospho[S];4,Phospho[S];7,Phospho[Y];	-1.000000	6.184198	0.086667	0.105081	-0.379925	-0.006667	-0.002966	0.3684210526315789	[0, 0, 0, 0, 0, 0, 0, 0, 0, 0, 0, 0, 0, 0, 0, 0, 0, 0, 0, 0, 0, 0, 0, 0, 1, 0]	[0, 0, 0, 1, 0]	LSSSDDYSRASDDSFSEPR	3,Phospho[S];4,Phospho[S];8,Phospho[S];	LSSSDYDRSASDDSFSEPR	3,Phospho[S];4,Phospho[S];9,Phospho[S];	LSSSDPTHADASDDSFSEPR	3,Phospho[S];4,Phospho[S];6,Phospho[P];
20150615_HepG2_Phos_control_70ug_1.16817.16817.2.6.dta	LSSSDRYSDASDDSFSEPR	3,Phospho[S];7,Phospho[Y];19,Phospho[R];	-1.000000	1.382882	0.033333	0.022575	0.000000	0.000000	0.000000	0.15789473684210525	[0, 0, 0, 0, 0, 0, 0, 0, 0, 0, 0, 0, 0, 0, 0, 0, 0, 0, 1, 0, 0, 0, 0, 0, 0, 0]	[0, 0, 0, 1, 0]	SSLSDRYSDASDDSFSEPR	1,Phospho[S];7,Phospho[Y];19,Phospho[R];	SSLSDRYSDASDDSFSEPR	1,Phospho[S];7,Phospho[Y];19,Phospho[R];	SSLSDRYSDASDDSFSEPR	1,Phospho[S];7,Phospho[Y];19,Phospho[R];
20150615_HepG2_Phos_control_70ug_1.16817.16817.2.6.dta	LSSSDRYSDASDDSFSEPR	3,Phospho[S];7,Phospho[Y];19,Phospho[R];	-1.000000	1.382882	0.033333	0.022575	-0.360666	-0.006667	-0.002940	0.3684210526315789	[0, 0, 0, 0, 0, 0, 0, 0, 0, 0, 0, 0, 0, 0, 0, 0, 0, 0, 0, 0, 0, 0, 0, 0, 1, 0]	[0, 0, 0, 1, 0]	LSSSDYDRSASDDSFSEPR	3,Phospho[S];6,Phospho[Y];19,Phospho[R];	LSSSDYDSRASDDSFSEPR	3,Phospho[S];6,Phospho[Y];19,Phospho[R];	LSSSDYDSRASDDSFSEPR	3,Phospho[S];6,Phospho[Y];19,Phospho[R];
20150615_HepG2_Phos_control_70ug_1.16817.16817.2.6.dta	LSSSDRYSDASDDSFSEPR	3,Phospho[S];7,Phospho[Y];19,Phospho[R];	-1.000000	1.382882	0.033333	0.022575	-1.442491	-0.006667	-0.032186	1.0	[0, 0, 0, 0, 0, 0, 0, 0, 0, 0, 0, 0, 0, 0, 0, 0, 0, 1, 0, 0, 0, 0, 0, 0, 0, 0]	[0, 0, 0, 1, 0]	LSSSDRYSDASDDSFESRP	3,Phospho[S];7,Phospho[Y];17,Phospho[S];	LSSSDRYSDASDDSFDTRP	3,Phospho[S];7,Phospho[Y];17,Phospho[T];	LSSSDRYSDASDDSFDTRP	3,Phospho[S];7,Phospho[Y];17,Phospho[T];
20150615_HepG2_Phos_control_70ug_1.16817.16817.2.6.dta	LSSSDRYSDASDDSFSEPR	7,Phospho[Y];11,Phospho[S];12,Phospho[D];	-1.000000	8.278469	0.120000	0.134390	-1.218030	-0.020000	-0.018660	0.3684210526315789	[0, 0, 0, 0, 0, 0, 0, 0, 0, 0, 0, 0, 0, 0, 0, 0, 0, 0, 0, 0, 0, 0, 0, 0, 1, 0]	[0, 0, 0, 1, 0]	LSSSDRYSEGSDDSFSEPR	10,Phospho[G];11,Phospho[S];12,Phospho[D];	LSSSDRYSGESDDSFSEPR	9,Phospho[G];11,Phospho[S];12,Phospho[D];	LSSSDRYSEGSDDSFSEPR	9,Phospho[E];11,Phospho[S];12,Phospho[D];
20150615_HepG2_Phos_control_70ug_1.16817.16817.2.6.dta	LSSSDRYSDASDDSFSEPR	7,Phospho[Y];11,Phospho[S];12,Phospho[D];	-1.000000	8.278469	0.120000	0.134390	-0.025930	0.000000	-0.001014	0.5789473684210527	[0, 0, 0, 0, 0, 0, 0, 0, 0, 0, 0, 0, 0, 0, 0, 0, 0, 0, 1, 0, 0, 0, 0, 0, 0, 0]	[0, 0, 0, 1, 0]	LSSSDRYSDASDDSFSEPR	7,Phospho[Y];12,Phospho[D];13,Phospho[D];	LSSSDRYSDGTDDSFSEPR	7,Phospho[Y];10,Phospho[G];13,Phospho[D];	LSSSDRYSDGTDDSFSEPR	7,Phospho[Y];10,Phospho[G];13,Phospho[D];
20150615_HepG2_Phos_control_70ug_1.16817.16817.2.6.dta	LSSSDRYSDASDDSFSEPR	7,Phospho[Y];11,Phospho[S];12,Phospho[D];	-1.000000	8.278469	0.120000	0.134390	-0.025930	0.000000	-0.001014	0.631578947368421	[0, 0, 0, 1, 0, 0, 0, 0, 0, 0, 0, 0, 0, 0, 0, 0, 0, 0, 0, 0, 0, 0, 0, 0, 0, 0]	[0, 0, 0, 1, 0]	LSSSDRYSDADSDSFSEPR	7,Phospho[Y];12,Phospho[S];13,Phospho[D];	LSSSDRYSDASDDSFSEPR	7,Phospho[Y];12,Phospho[D];13,Phospho[D];	LSSSDRYSDASDDSFSEPR	7,Phospho[Y];10,Phospho[A];13,Phospho[D];
20150615_HepG2_Phos_control_70ug_1.16817.16817.2.6.dta	LSSSDRYSDASDDSFSEPR	3,Phospho[S];11,Phospho[S];18,Phospho[P];	-1.000000	2.426088	0.040000	0.028709	0.000000	0.000000	0.000000	0.15789473684210525	[0, 0, 0, 0, 0, 0, 0, 0, 0, 0, 0, 0, 0, 0, 0, 0, 0, 0, 1, 0, 0, 0, 0, 0, 0, 0]	[0, 0, 0, 1, 0]	SSLSDRYSDASDDSFSEPR	1,Phospho[S];11,Phospho[S];18,Phospho[P];	SSLSDRYSDASDDSFSEPR	1,Phospho[S];11,Phospho[S];18,Phospho[P];	SSLSDRYSDASDDSFSEPR	1,Phospho[S];11,Phospho[S];18,Phospho[P];
20150615_HepG2_Phos_control_70ug_1.16817.16817.2.6.dta	LSSSDRYSDASDDSFSEPR	3,Phospho[S];11,Phospho[S];18,Phospho[P];	-1.000000	2.426088	0.040000	0.028709	0.393126	0.006667	0.004384	0.5789473684210527	[0, 0, 0, 0, 0, 0, 0, 0, 0, 0, 0, 0, 0, 0, 0, 0, 0, 0, 1, 0, 0, 0, 0, 0, 0, 0]	[0, 0, 0, 1, 0]	LSSSDRYDSGTDDSFSEPR	3,Phospho[S];11,Phospho[T];18,Phospho[P];	LSSSDRYDSGTDDSFSEPR	3,Phospho[S];11,Phospho[T];18,Phospho[P];	LSSSDRYDSGTDDSFSEPR	3,Phospho[S];11,Phospho[T];18,Phospho[P];
20150615_HepG2_Phos_control_70ug_1.16817.16817.2.6.dta	LSSSDRYSDASDDSFSEPR	3,Phospho[S];11,Phospho[S];18,Phospho[P];	-1.000000	2.426088	0.040000	0.028709	-2.381459	-0.033333	-0.052950	0.9473684210526315	[0, 0, 0, 0, 0, 0, 0, 0, 0, 0, 0, 0, 0, 0, 0, 1, 0, 0, 0, 0, 0, 0, 0, 0, 0, 0]	[0, 0, 0, 1, 0]	LSSSDRYSDASDDSSFEPR	3,Phospho[S];11,Phospho[S];16,Phospho[F];	LSSSDRYSDASDDSSFEPR	3,Phospho[S];11,Phospho[S];16,Phospho[F];	LSSSDRYSDASDDSFDTPR	3,Phospho[S];11,Phospho[S];15,Phospho[F];
20150615_HepG2_Phos_control_70ug_1.16817.16817.2.6.dta	LSSSDRYSDASDDSFSEPR	3,Phospho[S];14,Phospho[S];17,Phospho[E];	-1.000000	2.459436	0.033333	0.053459	0.000000	0.000000	0.000000	0.15789473684210525	[0, 0, 0, 0, 0, 0, 0, 0, 0, 0, 0, 0, 0, 0, 0, 0, 0, 0, 1, 0, 0, 0, 0, 0, 0, 0]	[0, 0, 0, 1, 0]	SSLSDRYSDASDDSFSEPR	1,Phospho[S];14,Phospho[S];17,Phospho[E];	SSLSDRYSDASDDSFSEPR	1,Phospho[S];14,Phospho[S];17,Phospho[E];	SSLSDRYSDASDDSFSEPR	1,Phospho[S];14,Phospho[S];17,Phospho[E];
20150615_HepG2_Phos_control_70ug_1.16817.16817.2.6.dta	LSSSDRYSDASDDSFSEPR	3,Phospho[S];14,Phospho[S];17,Phospho[E];	-1.000000	2.459436	0.033333	0.053459	-1.071379	-0.020000	-0.017531	0.7368421052631579	[0, 0, 0, 0, 0, 0, 0, 0, 0, 0, 0, 0, 0, 0, 0, 0, 0, 0, 1, 0, 0, 0, 0, 0, 0, 0]	[0, 0, 0, 1, 0]	LSSSDRYSDASDDAYDTPR	3,Phospho[S];14,Phospho[A];15,Phospho[Y];	LSSSDRYSDASDDAYDTPR	3,Phospho[S];14,Phospho[A];15,Phospho[Y];	LSSSDRYSDASDDYAESPR	3,Phospho[S];14,Phospho[Y];15,Phospho[A];
20150615_HepG2_Phos_control_70ug_1.16817.16817.2.6.dta	LSSSDRYSDASDDSFSEPR	3,Phospho[S];14,Phospho[S];17,Phospho[E];	-1.000000	2.459436	0.033333	0.053459	-1.071379	-0.020000	-0.014883	0.8947368421052632	[0, 0, 0, 0, 1, 0, 0, 0, 0, 0, 0, 0, 0, 0, 0, 0, 0, 0, 0, 0, 0, 0, 0, 0, 0, 0]	[0, 0, 0, 1, 0]	LSSSDRYSDASDDSFDTPR	3,Phospho[S];14,Phospho[S];15,Phospho[F];	LSSSDRYSDASDDSFDTPR	3,Phospho[S];14,Phospho[S];15,Phospho[F];	LSSSDRYSDASDDSFDTPR	3,Phospho[S];14,Phospho[S];15,Phospho[F];
20150615_HepG2_Phos_control_70ug_1.16817.16817.2.6.dta	LSSSDRYSDASDDSFSEPR	7,Phospho[Y];14,Phospho[S];16,Phospho[S];	-1.000000	4.149016	0.066667	0.082509	-1.209026	-0.020000	-0.018660	0.3684210526315789	[0, 0, 0, 0, 0, 0, 0, 0, 0, 0, 0, 0, 0, 0, 0, 0, 0, 0, 0, 0, 0, 0, 0, 0, 1, 0]	[0, 0, 0, 1, 0]	LSSSDRYSGESDDSFSEPR	10,Phospho[E];14,Phospho[S];16,Phospho[S];	LSSSDRSYDASDDSFSEPR	10,Phospho[A];14,Phospho[S];16,Phospho[S];	LSSSDRYSEGSDDSFSEPR	9,Phospho[E];14,Phospho[S];16,Phospho[S];
20150615_HepG2_Phos_control_70ug_1.16817.16817.2.6.dta	LSSSDRYSDASDDSFSEPR	7,Phospho[Y];14,Phospho[S];16,Phospho[S];	-1.000000	4.149016	0.066667	0.082509	-1.578816	-0.020000	-0.019344	0.7368421052631579	[0, 0, 0, 0, 0, 0, 0, 0, 0, 0, 0, 0, 0, 0, 0, 0, 0, 0, 1, 0, 0, 0, 0, 0, 0, 0]	[0, 0, 0, 1, 0]	LSSSDRYSDASDDSFSEPR	7,Phospho[Y];13,Phospho[D];15,Phospho[F];	LSSSDRYSDASDDSFSEPR	7,Phospho[Y];11,Phospho[S];16,Phospho[S];	LSSSDRYSDASDDFSSEPR	7,Phospho[Y];13,Phospho[D];15,Phospho[S];
20150615_HepG2_Phos_control_70ug_1.16817.16817.2.6.dta	LSSSDRYSDASDDSFSEPR	7,Phospho[Y];14,Phospho[S];16,Phospho[S];	-1.000000	4.149016	0.066667	0.082509	-1.578816	-0.020000	-0.019344	0.8421052631578947	[0, 0, 0, 0, 0, 0, 0, 0, 0, 0, 0, 0, 0, 0, 0, 0, 0, 0, 1, 0, 0, 0, 0, 0, 0, 0]	[0, 0, 0, 1, 0]	LSSSDRYSDASDDSFSEPR	7,Phospho[Y];13,Phospho[D];15,Phospho[F];	LSSSDRYSDASDGYESEPR	7,Phospho[Y];13,Phospho[G];14,Phospho[Y];	LSSSDRYSDASDDFSSEPR	7,Phospho[Y];13,Phospho[D];15,Phospho[S];
20150615_HepG2_Phos_control_70ug_1.16817.16817.2.6.dta	LSSSDRYSDASDDSFSEPR	3,Phospho[S];7,Phospho[Y];9,Phospho[D];	-1.000000	6.184198	0.086667	0.105081	0.014503	0.000000	0.000000	0.15789473684210525	[0, 0, 0, 0, 0, 0, 0, 0, 0, 0, 0, 0, 0, 0, 0, 0, 0, 0, 1, 0, 0, 0, 0, 0, 0, 0]	[0, 0, 0, 1, 0]	LSDSSRYSDASDDSFSEPR	5,Phospho[S];7,Phospho[Y];9,Phospho[D];	SSLSDRYSDASDDSFSEPR	1,Phospho[S];7,Phospho[Y];9,Phospho[D];	SSLSDRYSDASDDSFSEPR	1,Phospho[S];7,Phospho[Y];9,Phospho[D];
20150615_HepG2_Phos_control_70ug_1.16817.16817.2.6.dta	LSSSDRYSDASDDSFSEPR	3,Phospho[S];7,Phospho[Y];9,Phospho[D];	-1.000000	6.184198	0.086667	0.105081	-0.379925	-0.006667	-0.002940	0.3684210526315789	[0, 0, 0, 0, 0, 0, 0, 0, 0, 0, 0, 0, 0, 0, 0, 0, 0, 0, 0, 0, 0, 0, 0, 0, 1, 0]	[0, 0, 0, 1, 0]	LSSSDYDSRASDDSFSEPR	3,Phospho[S];7,Phospho[D];8,Phospho[S];	LSSSDDYSRASDDSFSEPR	3,Phospho[S];6,Phospho[D];9,Phospho[R];	LSSSDDYSRASDDSFSEPR	3,Phospho[S];6,Phospho[D];9,Phospho[R];
20150615_HepG2_Phos_control_70ug_1.16817.16817.2.6.dta	LSSSDRYSDASDDSFSEPR	3,Phospho[S];7,Phospho[Y];9,Phospho[D];	-1.000000	6.184198	0.086667	0.105081	-0.401391	-0.006667	-0.008037	0.47368421052631576	[0, 0, 0, 1, 0, 0, 0, 0, 0, 0, 0, 0, 0, 0, 0, 0, 0, 0, 0, 0, 0, 0, 0, 0, 0, 0]	[0, 0, 0, 1, 0]	LSSSDTPHDAASDDSFSEPR	3,Phospho[S];6,Phospho[T];7,Phospho[P];	LSSSDRYSCPMGDSFSEPR	3,Phospho[S];7,Phospho[Y];10,Phospho[P];	LSSSDTPHDAASDDSFSEPR	3,Phospho[S];6,Phospho[T];7,Phospho[P];
20150615_HepG2_Phos_control_70ug_1.16817.16817.2.6.dta	LSSSDRYSDASDDSFSEPR	8,Phospho[S];8,Phospho[S];11,Phospho[S];	-1.000000	7.529079	0.113333	0.131009	-0.647475	-0.006667	-0.007632	0.42105263157894735	[0, 0, 0, 0, 0, 0, 0, 0, 0, 0, 0, 0, 0, 0, 0, 0, 0, 0, 1, 0, 0, 0, 0, 0, 0, 0]	[0, 0, 0, 1, 0]	LSSSDRYDSASDDSFSEPR	8,Phospho[D];10,Phospho[A];11,Phospho[S];	LSSSDRYDSASDDSFSEPR	9,Phospho[S];10,Phospho[A];11,Phospho[S];	LSSSDRYDSASDDSFSEPR	9,Phospho[S];10,Phospho[A];11,Phospho[S];
20150615_HepG2_Phos_control_70ug_1.16817.16817.2.6.dta	LSSSDRYSDASDDSFSEPR	8,Phospho[S];8,Phospho[S];11,Phospho[S];	-1.000000	7.529079	0.113333	0.131009	-0.647475	-0.006667	-0.007632	0.42105263157894735	[0, 0, 0, 0, 0, 0, 0, 0, 0, 0, 0, 0, 0, 0, 0, 0, 0, 0, 1, 0, 0, 0, 0, 0, 0, 0]	[0, 0, 0, 1, 0]	LSSSDRYDSASDDSFSEPR	8,Phospho[D];10,Phospho[A];11,Phospho[S];	LSSSDRYDSASDDSFSEPR	9,Phospho[S];10,Phospho[A];11,Phospho[S];	LSSSDRYDSASDDSFSEPR	9,Phospho[S];10,Phospho[A];11,Phospho[S];
20150615_HepG2_Phos_control_70ug_1.16817.16817.2.6.dta	LSSSDRYSDASDDSFSEPR	8,Phospho[S];8,Phospho[S];11,Phospho[S];	-1.000000	7.529079	0.113333	0.131009	-0.840057	-0.006667	-0.016043	0.5789473684210527	[0, 0, 0, 0, 0, 0, 0, 0, 0, 0, 0, 0, 0, 0, 0, 0, 0, 0, 1, 0, 0, 0, 0, 0, 0, 0]	[0, 0, 0, 1, 0]	LSSSDRYSPCGMDSFSEPR	8,Phospho[S];8,Phospho[S];9,Phospho[P];	LSSSDRYSDTGDDSFSEPR	8,Phospho[S];10,Phospho[T];11,Phospho[G];	LSSSDRYSPCMGDSFSEPR	8,Phospho[S];8,Phospho[S];9,Phospho[P];
20150615_HepG2_Phos_control_70ug_1.16817.16817.2.6.dta	LSSSDRYSDASDDSFSEPR	3,Phospho[S];11,Phospho[S];13,Phospho[D];	-1.000000	8.008100	0.113333	0.125951	0.000000	0.000000	0.000000	0.15789473684210525	[0, 0, 0, 0, 0, 0, 0, 0, 0, 0, 0, 0, 0, 0, 0, 0, 0, 0, 1, 0, 0, 0, 0, 0, 0, 0]	[0, 0, 0, 1, 0]	SSLSDRYSDASDDSFSEPR	1,Phospho[S];11,Phospho[S];13,Phospho[D];	SSLSDRYSDASDDSFSEPR	1,Phospho[S];11,Phospho[S];13,Phospho[D];	SSLSDRYSDASDDSFSEPR	1,Phospho[S];11,Phospho[S];13,Phospho[D];
20150615_HepG2_Phos_control_70ug_1.16817.16817.2.6.dta	LSSSDRYSDASDDSFSEPR	3,Phospho[S];11,Phospho[S];13,Phospho[D];	-1.000000	8.008100	0.113333	0.125951	0.326265	0.006667	0.004384	0.5789473684210527	[0, 0, 0, 0, 0, 0, 0, 0, 0, 0, 0, 0, 0, 0, 0, 0, 0, 0, 1, 0, 0, 0, 0, 0, 0, 0]	[0, 0, 0, 1, 0]	LSSSDRYDSGTDDSFSEPR	3,Phospho[S];10,Phospho[G];13,Phospho[D];	LSSSDRYDSASDDSFSEPR	3,Phospho[S];10,Phospho[A];13,Phospho[D];	LSSSDRYDSASDDSFSEPR	3,Phospho[S];10,Phospho[A];13,Phospho[D];
20150615_HepG2_Phos_control_70ug_1.16817.16817.2.6.dta	LSSSDRYSDASDDSFSEPR	3,Phospho[S];11,Phospho[S];13,Phospho[D];	-1.000000	8.008100	0.113333	0.125951	0.847411	0.013333	0.009782	0.6842105263157895	[0, 0, 0, 1, 0, 0, 0, 0, 0, 0, 0, 0, 0, 0, 0, 0, 0, 0, 0, 0, 0, 0, 0, 0, 0, 0]	[0, 0, 0, 1, 0]	LSSSDRYSDCMPSFSEPR	3,Phospho[S];10,Carbamidomethyl[C];11,Phospho[M];12,Phospho[P];	LSSSDRYSDGTDDSFSEPR	3,Phospho[S];10,Phospho[G];12,Phospho[D];	LSSSDRYSDGTDDSFSEPR	3,Phospho[S];10,Phospho[G];12,Phospho[D];
20150615_HepG2_Phos_control_70ug_1.16817.16817.2.6.dta	LSSSDRYSDASDDSFSEPR	3,Phospho[S];5,Phospho[D];8,Phospho[S];	-1.000000	6.184198	0.086667	0.105081	0.014503	0.000000	0.000000	0.15789473684210525	[0, 0, 0, 0, 0, 0, 0, 0, 0, 0, 0, 0, 0, 0, 0, 0, 0, 0, 1, 0, 0, 0, 0, 0, 0, 0]	[0, 0, 0, 1, 0]	LSDSSRYSDASDDSFSEPR	5,Phospho[S];3,Phospho[D];8,Phospho[S];	SSLSDRYSDASDDSFSEPR	1,Phospho[S];5,Phospho[D];8,Phospho[S];	SSLSDRYSDASDDSFSEPR	1,Phospho[S];5,Phospho[D];8,Phospho[S];
20150615_HepG2_Phos_control_70ug_1.16817.16817.2.6.dta	LSSSDRYSDASDDSFSEPR	3,Phospho[S];5,Phospho[D];8,Phospho[S];	-1.000000	6.184198	0.086667	0.105081	0.014503	0.000000	0.000000	0.2631578947368421	[0, 0, 0, 1, 0, 0, 0, 0, 0, 0, 0, 0, 0, 0, 0, 0, 0, 0, 0, 0, 0, 0, 0, 0, 0, 0]	[0, 0, 0, 1, 0]	LSDSSRYSDASDDSFSEPR	5,Phospho[S];3,Phospho[D];8,Phospho[S];	LSSRYSDSDASDDSFSEPR	3,Phospho[S];7,Phospho[D];8,Phospho[S];	LSSRYSDSDASDDSFSEPR	3,Phospho[S];7,Phospho[D];8,Phospho[S];
20150615_HepG2_Phos_control_70ug_1.16817.16817.2.6.dta	LSSSDRYSDASDDSFSEPR	3,Phospho[S];5,Phospho[D];8,Phospho[S];	-1.000000	6.184198	0.086667	0.105081	-0.379925	-0.006667	-0.002966	0.42105263157894735	[0, 0, 0, 0, 0, 0, 0, 0, 0, 0, 0, 0, 0, 0, 0, 0, 0, 0, 1, 0, 0, 0, 0, 0, 0, 0]	[0, 0, 0, 1, 0]	LSSSDDYSRASDDSFSEPR	3,Phospho[S];5,Phospho[D];8,Phospho[S];	LSSSDYDRSASDDSFSEPR	3,Phospho[S];5,Phospho[D];9,Phospho[S];	LSSSDPTHADASDDSFSEPR	3,Phospho[S];5,Phospho[D];6,Phospho[P];
20150615_HepG2_Phos_control_70ug_1.16817.16817.2.6.dta	LSSSDRYSDASDDSFSEPR	8,Phospho[S];8,Phospho[S];14,Phospho[S];	-1.000000	7.526949	0.120000	0.126152	-1.884677	-0.020000	-0.021831	0.42105263157894735	[0, 0, 0, 0, 0, 0, 0, 0, 0, 0, 0, 0, 0, 0, 0, 0, 0, 0, 1, 0, 0, 0, 0, 0, 0, 0]	[0, 0, 0, 1, 0]	LSSSDRYSDGTDDSFSEPR	9,Phospho[D];10,Phospho[G];14,Phospho[S];	LSSSDRYSDSADDSFSEPR	9,Phospho[D];11,Phospho[A];14,Phospho[S];	LSSSDRYSDGTDDSFSEPR	9,Phospho[D];10,Phospho[G];14,Phospho[S];
20150615_HepG2_Phos_control_70ug_1.16817.16817.2.6.dta	LSSSDRYSDASDDSFSEPR	8,Phospho[S];8,Phospho[S];14,Phospho[S];	-1.000000	7.526949	0.120000	0.126152	-1.884677	-0.020000	-0.021831	0.42105263157894735	[0, 0, 0, 0, 0, 0, 0, 0, 0, 0, 0, 0, 0, 0, 0, 0, 0, 0, 1, 0, 0, 0, 0, 0, 0, 0]	[0, 0, 0, 1, 0]	LSSSDRYSDGTDDSFSEPR	9,Phospho[D];10,Phospho[G];14,Phospho[S];	LSSSDRYSDSADDSFSEPR	9,Phospho[D];11,Phospho[A];14,Phospho[S];	LSSSDRYSDGTDDSFSEPR	9,Phospho[D];10,Phospho[G];14,Phospho[S];
20150615_HepG2_Phos_control_70ug_1.16817.16817.2.6.dta	LSSSDRYSDASDDSFSEPR	8,Phospho[S];8,Phospho[S];14,Phospho[S];	-1.000000	7.526949	0.120000	0.126152	0.427551	0.006667	0.004461	0.7368421052631579	[0, 0, 0, 0, 0, 0, 0, 0, 0, 0, 0, 0, 0, 0, 0, 0, 0, 0, 1, 0, 0, 0, 0, 0, 0, 0]	[0, 0, 0, 1, 0]	LSSSDRYSDASDDYASEPR	8,Phospho[S];8,Phospho[S];13,Phospho[D];	LSSSDRYSDADDSSFSEPR	8,Phospho[S];8,Phospho[S];11,Phospho[D];	LSSSDRYSDASDSDFSEPR	8,Phospho[S];8,Phospho[S];14,Phospho[D];
20150615_HepG2_Phos_control_70ug_1.16817.16817.2.6.dta	LSSSDRYSDASDDSFSEPR	2,Phospho[S];3,Phospho[S];14,Phospho[S];	-1.000000	6.180635	0.093333	0.100223	0.000000	0.000000	0.000000	0.10526315789473684	[0, 0, 0, 0, 0, 0, 0, 0, 0, 0, 0, 0, 0, 0, 0, 0, 0, 0, 1, 0, 0, 0, 0, 0, 0, 0]	[0, 0, 0, 1, 0]	SSLSDRYSDASDDSFSEPR	4,Phospho[S];1,Phospho[S];14,Phospho[S];	SSLSDRYSDASDDSFSEPR	4,Phospho[S];1,Phospho[S];14,Phospho[S];	SSLSDRYSDASDDSFSEPR	4,Phospho[S];1,Phospho[S];14,Phospho[S];
20150615_HepG2_Phos_control_70ug_1.16817.16817.2.6.dta	LSSSDRYSDASDDSFSEPR	2,Phospho[S];3,Phospho[S];14,Phospho[S];	-1.000000	6.180635	0.093333	0.100223	0.000000	0.000000	0.000000	0.15789473684210525	[0, 0, 0, 0, 0, 0, 0, 0, 0, 0, 0, 0, 0, 0, 0, 0, 0, 0, 1, 0, 0, 0, 0, 0, 0, 0]	[0, 0, 0, 1, 0]	SSLSDRYSDASDDSFSEPR	4,Phospho[S];1,Phospho[S];14,Phospho[S];	SSLSDRYSDASDDSFSEPR	4,Phospho[S];1,Phospho[S];14,Phospho[S];	SSLSDRYSDASDDSFSEPR	4,Phospho[S];1,Phospho[S];14,Phospho[S];
20150615_HepG2_Phos_control_70ug_1.16817.16817.2.6.dta	LSSSDRYSDASDDSFSEPR	2,Phospho[S];3,Phospho[S];14,Phospho[S];	-1.000000	6.180635	0.093333	0.100223	0.427900	0.006667	0.004461	0.7368421052631579	[0, 0, 0, 0, 0, 0, 0, 0, 0, 0, 0, 0, 0, 0, 0, 0, 0, 0, 1, 0, 0, 0, 0, 0, 0, 0]	[0, 0, 0, 1, 0]	LSSSDRYSDASDDYASEPR	2,Phospho[S];3,Phospho[S];13,Phospho[D];	LSSSDRYSDASDSDFSEPR	2,Phospho[S];3,Phospho[S];14,Phospho[D];	LSSSDRYSDASDSDFSEPR	2,Phospho[S];3,Phospho[S];14,Phospho[D];
20150615_HepG2_Phos_control_70ug_1.16817.16817.2.6.dta	LSSSDRYSDASDDSFSEPR	3,Phospho[S];6,Phospho[R];8,Phospho[S];	-1.000000	6.184198	0.086667	0.105081	0.014503	0.000000	0.000000	0.15789473684210525	[0, 0, 0, 0, 0, 0, 0, 0, 0, 0, 0, 0, 0, 0, 0, 0, 0, 0, 1, 0, 0, 0, 0, 0, 0, 0]	[0, 0, 0, 1, 0]	LSDSSRYSDASDDSFSEPR	5,Phospho[S];6,Phospho[R];8,Phospho[S];	SSLSDRYSDASDDSFSEPR	1,Phospho[S];6,Phospho[R];8,Phospho[S];	SSLSDRYSDASDDSFSEPR	1,Phospho[S];6,Phospho[R];8,Phospho[S];
20150615_HepG2_Phos_control_70ug_1.16817.16817.2.6.dta	LSSSDRYSDASDDSFSEPR	3,Phospho[S];6,Phospho[R];8,Phospho[S];	-1.000000	6.184198	0.086667	0.105081	-0.379925	-0.006667	-0.002940	0.3157894736842105	[0, 0, 0, 0, 0, 0, 0, 0, 0, 0, 0, 0, 0, 0, 0, 0, 0, 1, 0, 0, 0, 0, 0, 0, 0, 0]	[0, 0, 0, 1, 0]	LSSSDDYSRASDDSFSEPR	3,Phospho[S];6,Phospho[D];9,Phospho[R];	LSSSDYDSRASDDSFSEPR	3,Phospho[S];6,Phospho[Y];9,Phospho[R];	LSSSDYDSRASDDSFSEPR	3,Phospho[S];6,Phospho[Y];8,Phospho[S];
20150615_HepG2_Phos_control_70ug_1.16817.16817.2.6.dta	LSSSDRYSDASDDSFSEPR	3,Phospho[S];6,Phospho[R];8,Phospho[S];	-1.000000	6.184198	0.086667	0.105081	-0.379925	-0.006667	-0.002940	0.42105263157894735	[0, 0, 0, 0, 0, 0, 0, 0, 0, 0, 0, 0, 0, 0, 0, 0, 0, 0, 1, 0, 0, 0, 0, 0, 0, 0]	[0, 0, 0, 1, 0]	LSSSDDYSRASDDSFSEPR	3,Phospho[S];6,Phospho[D];9,Phospho[R];	LSSSDYDSRASDDSFSEPR	3,Phospho[S];6,Phospho[Y];9,Phospho[R];	LSSSDYDSRASDDSFSEPR	3,Phospho[S];6,Phospho[Y];8,Phospho[S];
20150615_HepG2_Phos_control_70ug_1.16817.16817.2.6.dta	LSSSDRYSDASDDSFSEPR	8,Phospho[S];16,Phospho[S];16,Phospho[S];	-1.000000	4.778158	0.080000	0.094601	-1.234541	-0.013333	-0.018700	0.42105263157894735	[0, 0, 0, 0, 0, 0, 0, 0, 0, 0, 0, 0, 0, 0, 0, 0, 0, 0, 1, 0, 0, 0, 0, 0, 0, 0]	[0, 0, 0, 1, 0]	LSSSDRYSDASDDSFSEPR	9,Phospho[D];16,Phospho[S];16,Phospho[S];	LSSSDRYSEGSDDSFSEPR	10,Phospho[G];16,Phospho[S];16,Phospho[S];	LSSSDRYDSASDDSFSEPR	10,Phospho[A];16,Phospho[S];16,Phospho[S];
20150615_HepG2_Phos_control_70ug_1.16817.16817.2.6.dta	LSSSDRYSDASDDSFSEPR	8,Phospho[S];16,Phospho[S];16,Phospho[S];	-1.000000	4.778158	0.080000	0.094601	-1.582973	-0.020000	-0.019344	0.8421052631578947	[0, 0, 0, 0, 0, 0, 0, 0, 0, 0, 0, 0, 0, 0, 0, 0, 0, 0, 1, 0, 0, 0, 0, 0, 0, 0]	[0, 0, 0, 1, 0]	LSSSDRYSDASDDSFSEPR	8,Phospho[S];13,Phospho[D];15,Phospho[F];	LSSSDRYSDASDGYESEPR	8,Phospho[S];13,Phospho[G];14,Phospho[Y];	LSSSDRYSDASDDFSSEPR	8,Phospho[S];13,Phospho[D];15,Phospho[S];
20150615_HepG2_Phos_control_70ug_1.16817.16817.2.6.dta	LSSSDRYSDASDDSFSEPR	8,Phospho[S];16,Phospho[S];16,Phospho[S];	-1.000000	4.778158	0.080000	0.094601	-1.582973	-0.020000	-0.019344	0.8421052631578947	[0, 0, 0, 0, 0, 0, 0, 0, 0, 0, 0, 0, 0, 0, 0, 0, 0, 0, 1, 0, 0, 0, 0, 0, 0, 0]	[0, 0, 0, 1, 0]	LSSSDRYSDASDDSFSEPR	8,Phospho[S];13,Phospho[D];15,Phospho[F];	LSSSDRYSDASDGYESEPR	8,Phospho[S];13,Phospho[G];14,Phospho[Y];	LSSSDRYSDASDDFSSEPR	8,Phospho[S];13,Phospho[D];15,Phospho[S];
20150615_HepG2_Phos_control_70ug_1.16817.16817.2.6.dta	LSSSDRYSDASDDSFSEPR	3,Phospho[S];16,Phospho[S];16,Phospho[S];	-1.000000	3.435364	0.053333	0.068673	0.000000	0.000000	0.000000	0.15789473684210525	[0, 0, 0, 0, 0, 0, 0, 0, 0, 0, 0, 0, 0, 0, 0, 0, 0, 0, 1, 0, 0, 0, 0, 0, 0, 0]	[0, 0, 0, 1, 0]	SSLSDRYSDASDDSFSEPR	1,Phospho[S];16,Phospho[S];	SSLSDRYSDASDDSFSEPR	1,Phospho[S];16,Phospho[S];	SSLSDRYSDASDDSFSEPR	1,Phospho[S];16,Phospho[S];
20150615_HepG2_Phos_control_70ug_1.16817.16817.2.6.dta	LSSSDRYSDASDDSFSEPR	3,Phospho[S];16,Phospho[S];16,Phospho[S];	-1.000000	3.435364	0.053333	0.068673	-1.579298	-0.020000	-0.019344	0.8421052631578947	[0, 0, 0, 0, 0, 0, 0, 0, 0, 0, 0, 0, 0, 0, 0, 0, 0, 0, 1, 0, 0, 0, 0, 0, 0, 0]	[0, 0, 0, 1, 0]	LSSSDRYSDASDDSFSEPR	3,Phospho[S];13,Phospho[D];15,Phospho[F];	LSSSDRYSDASDGYESEPR	3,Phospho[S];13,Phospho[G];14,Phospho[Y];	LSSSDRYSDASDDFSSEPR	3,Phospho[S];13,Phospho[D];15,Phospho[S];
20150615_HepG2_Phos_control_70ug_1.16817.16817.2.6.dta	LSSSDRYSDASDDSFSEPR	3,Phospho[S];16,Phospho[S];16,Phospho[S];	-1.000000	3.435364	0.053333	0.068673	-1.579298	-0.020000	-0.019344	0.8421052631578947	[0, 0, 0, 0, 0, 0, 0, 0, 0, 0, 0, 0, 0, 0, 0, 0, 0, 0, 1, 0, 0, 0, 0, 0, 0, 0]	[0, 0, 0, 1, 0]	LSSSDRYSDASDDSFSEPR	3,Phospho[S];13,Phospho[D];15,Phospho[F];	LSSSDRYSDASDGYESEPR	3,Phospho[S];13,Phospho[G];14,Phospho[Y];	LSSSDRYSDASDDFSSEPR	3,Phospho[S];13,Phospho[D];15,Phospho[S];
20150615_HepG2_Phos_control_70ug_1.16817.16817.2.6.dta	LSSSDRYSDASDDSFSEPR	1,Phospho[L];3,Phospho[S];8,Phospho[S];	-1.000000	6.184198	0.086667	0.105081	0.000000	0.000000	0.000000	0.05263157894736842	[0, 0, 0, 0, 0, 0, 0, 0, 0, 0, 0, 1, 0, 0, 0, 0, 0, 0, 0, 0, 0, 0, 0, 0, 0, 0]	[0, 0, 0, 1, 0]	SSLSDRYSDASDDSFSEPR	3,Phospho[L];1,Phospho[S];8,Phospho[S];	SSLSDRYSDASDDSFSEPR	3,Phospho[L];1,Phospho[S];8,Phospho[S];	SSLSDRYSDASDDSFSEPR	3,Phospho[L];1,Phospho[S];8,Phospho[S];
20150615_HepG2_Phos_control_70ug_1.16817.16817.2.6.dta	LSSSDRYSDASDDSFSEPR	1,Phospho[L];3,Phospho[S];8,Phospho[S];	-1.000000	6.184198	0.086667	0.105081	0.000000	0.000000	0.000000	0.15789473684210525	[0, 0, 0, 0, 0, 0, 0, 0, 0, 0, 0, 0, 0, 0, 0, 0, 0, 0, 1, 0, 0, 0, 0, 0, 0, 0]	[0, 0, 0, 1, 0]	SSLSDRYSDASDDSFSEPR	3,Phospho[L];1,Phospho[S];8,Phospho[S];	SSLSDRYSDASDDSFSEPR	3,Phospho[L];1,Phospho[S];8,Phospho[S];	SSLSDRYSDASDDSFSEPR	3,Phospho[L];1,Phospho[S];8,Phospho[S];
20150615_HepG2_Phos_control_70ug_1.16817.16817.2.6.dta	LSSSDRYSDASDDSFSEPR	1,Phospho[L];3,Phospho[S];8,Phospho[S];	-1.000000	6.184198	0.086667	0.105081	-0.379925	-0.006667	-0.002966	0.42105263157894735	[0, 0, 0, 0, 0, 0, 0, 0, 0, 0, 0, 0, 0, 0, 0, 0, 0, 0, 1, 0, 0, 0, 0, 0, 0, 0]	[0, 0, 0, 1, 0]	LSSSDDYSRASDDSFSEPR	1,Phospho[L];3,Phospho[S];8,Phospho[S];	LSSSDYDRSASDDSFSEPR	1,Phospho[L];3,Phospho[S];9,Phospho[S];	LSSSDPTHADASDDSFSEPR	1,Phospho[L];3,Phospho[S];6,Phospho[P];
20150615_HepG2_Phos_control_70ug_1.16817.16817.2.6.dta	LSSSDRYSDASDDSFSEPR	11,Phospho[S];13,Phospho[D];14,Phospho[S];	-1.000000	9.415418	0.133333	0.157828	-0.313922	-0.006667	-0.004384	0.5789473684210527	[0, 0, 0, 0, 0, 0, 0, 0, 0, 0, 0, 0, 0, 0, 0, 0, 0, 0, 1, 0, 0, 0, 0, 0, 0, 0]	[0, 0, 0, 1, 0]	LSSSDRYSDADSDSFSEPR	10,Phospho[A];13,Phospho[D];14,Phospho[S];	LSSSDRYSDASDDSFSEPR	10,Phospho[A];13,Phospho[D];14,Phospho[S];	LSSSDRYSDADSDSFSEPR	10,Phospho[A];13,Phospho[D];14,Phospho[S];
20150615_HepG2_Phos_control_70ug_1.16817.16817.2.6.dta	LSSSDRYSDASDDSFSEPR	11,Phospho[S];13,Phospho[D];14,Phospho[S];	-1.000000	9.415418	0.133333	0.157828	-0.430112	-0.006667	-0.005398	0.6842105263157895	[0, 0, 0, 1, 0, 0, 0, 0, 0, 0, 0, 0, 0, 0, 0, 0, 0, 0, 0, 0, 0, 0, 0, 0, 0, 0]	[0, 0, 0, 1, 0]	LSSSDRYSDASDDSFSEPR	11,Phospho[S];12,Phospho[D];14,Phospho[S];	LSSSDRYSDASDDSFSEPR	11,Phospho[S];12,Phospho[D];14,Phospho[S];	LSSSDRYSDASDDSFSEPR	11,Phospho[S];12,Phospho[D];14,Phospho[S];
20150615_HepG2_Phos_control_70ug_1.16817.16817.2.6.dta	LSSSDRYSDASDDSFSEPR	11,Phospho[S];13,Phospho[D];14,Phospho[S];	-1.000000	9.415418	0.133333	0.157828	0.501564	0.006667	0.004461	0.7368421052631579	[0, 0, 0, 0, 0, 0, 0, 0, 0, 0, 0, 0, 0, 0, 0, 0, 0, 0, 1, 0, 0, 0, 0, 0, 0, 0]	[0, 0, 0, 1, 0]	LSSSDRYSDASDSDFSEPR	11,Phospho[S];13,Phospho[S];14,Phospho[D];	LSSSDRYSDASDSDFSEPR	11,Phospho[S];13,Phospho[S];14,Phospho[D];	LSSSDRYSDASDSDFSEPR	11,Phospho[S];13,Phospho[S];14,Phospho[D];
20150615_HepG2_Phos_control_70ug_1.16817.16817.2.6.dta	LSSSDRYSDASDDSFSEPR	1,Phospho[L];3,Phospho[S];11,Phospho[S];	-1.000000	6.184198	0.086667	0.105081	0.000000	0.000000	0.000000	0.05263157894736842	[0, 0, 0, 0, 0, 0, 0, 0, 0, 0, 0, 1, 0, 0, 0, 0, 0, 0, 0, 0, 0, 0, 0, 0, 0, 0]	[0, 0, 0, 1, 0]	SSLSDRYSDASDDSFSEPR	3,Phospho[L];1,Phospho[S];11,Phospho[S];	SSLSDRYSDASDDSFSEPR	3,Phospho[L];1,Phospho[S];11,Phospho[S];	SSLSDRYSDASDDSFSEPR	3,Phospho[L];1,Phospho[S];11,Phospho[S];
20150615_HepG2_Phos_control_70ug_1.16817.16817.2.6.dta	LSSSDRYSDASDDSFSEPR	1,Phospho[L];3,Phospho[S];11,Phospho[S];	-1.000000	6.184198	0.086667	0.105081	0.000000	0.000000	0.000000	0.15789473684210525	[0, 0, 0, 0, 0, 0, 0, 0, 0, 0, 0, 0, 0, 0, 0, 0, 0, 0, 1, 0, 0, 0, 0, 0, 0, 0]	[0, 0, 0, 1, 0]	SSLSDRYSDASDDSFSEPR	3,Phospho[L];1,Phospho[S];11,Phospho[S];	SSLSDRYSDASDDSFSEPR	3,Phospho[L];1,Phospho[S];11,Phospho[S];	SSLSDRYSDASDDSFSEPR	3,Phospho[L];1,Phospho[S];11,Phospho[S];
20150615_HepG2_Phos_control_70ug_1.16817.16817.2.6.dta	LSSSDRYSDASDDSFSEPR	1,Phospho[L];3,Phospho[S];11,Phospho[S];	-1.000000	6.184198	0.086667	0.105081	-0.841173	-0.006667	-0.008855	0.5789473684210527	[0, 0, 0, 0, 0, 0, 0, 0, 0, 0, 0, 0, 0, 0, 0, 0, 0, 0, 1, 0, 0, 0, 0, 0, 0, 0]	[0, 0, 0, 1, 0]	LSSSDRYSPCGMDSFSEPR	1,Phospho[L];3,Phospho[S];9,Phospho[P];	LSSSDRYSPCGMDSFSEPR	1,Phospho[L];3,Phospho[S];9,Phospho[P];	LSSSDRYSDSADDSFSEPR	1,Phospho[L];3,Phospho[S];13,Phospho[D];
20150615_HepG2_Phos_control_70ug_1.16817.16817.2.6.dta	LSSSDRYSDASDDSFSEPR	11,Phospho[S];16,Phospho[S];19,Phospho[R];	-1.000000	4.096793	0.060000	0.072341	0.508947	0.000000	0.014316	0.5789473684210527	[0, 0, 0, 0, 0, 0, 0, 0, 0, 0, 0, 0, 0, 0, 0, 0, 0, 0, 1, 0, 0, 0, 0, 0, 0, 0]	[0, 0, 0, 1, 0]	LSSSDRYSDASDDSFSEPR	9,Phospho[D];16,Phospho[S];19,Phospho[R];	LSSSDRYSDASDDSFSEPR	9,Phospho[D];16,Phospho[S];19,Phospho[R];	LSSSDRYSDASDDSFSEPR	9,Phospho[D];16,Phospho[S];19,Phospho[R];
20150615_HepG2_Phos_control_70ug_1.16817.16817.2.6.dta	LSSSDRYSDASDDSFSEPR	11,Phospho[S];16,Phospho[S];19,Phospho[R];	-1.000000	4.096793	0.060000	0.072341	-1.457413	-0.013333	-0.035562	0.8421052631578947	[0, 0, 0, 0, 0, 0, 0, 0, 0, 0, 0, 0, 0, 0, 0, 0, 0, 0, 1, 0, 0, 0, 0, 0, 0, 0]	[0, 0, 0, 1, 0]	LSSSDRYSDASDDSFTDPR	11,Phospho[S];16,Phospho[T];17,Phospho[D];	LSSSDRYSDASDDSFTDPR	11,Phospho[S];16,Phospho[T];17,Phospho[D];	LSSSDRYSDASDDSFTDPR	11,Phospho[S];16,Phospho[T];17,Phospho[D];
20150615_HepG2_Phos_control_70ug_1.16817.16817.2.6.dta	LSSSDRYSDASDDSFSEPR	11,Phospho[S];16,Phospho[S];19,Phospho[R];	-1.000000	4.096793	0.060000	0.072341	-1.457413	-0.013333	-0.035562	1.0	[0, 0, 0, 0, 0, 0, 0, 0, 0, 0, 0, 0, 0, 0, 0, 0, 0, 1, 0, 0, 0, 0, 0, 0, 0, 0]	[0, 0, 0, 1, 0]	LSSSDRYSDASDDSFTDPR	11,Phospho[S];16,Phospho[T];17,Phospho[D];	LSSSDRYSDASDDSFTDPR	11,Phospho[S];16,Phospho[T];17,Phospho[D];	LSSSDRYSDASDDSFTDPR	11,Phospho[S];16,Phospho[T];17,Phospho[D];
20150615_HepG2_Phos_control_70ug_1.16817.16817.2.6.dta	LSSSDRYSDASDDSFSEPR	3,Phospho[S];16,Phospho[S];17,Phospho[E];	-1.000000	2.459436	0.033333	0.053459	0.000000	0.000000	0.000000	0.15789473684210525	[0, 0, 0, 0, 0, 0, 0, 0, 0, 0, 0, 0, 0, 0, 0, 0, 0, 0, 1, 0, 0, 0, 0, 0, 0, 0]	[0, 0, 0, 1, 0]	SSLSDRYSDASDDSFSEPR	1,Phospho[S];16,Phospho[S];17,Phospho[E];	SSLSDRYSDASDDSFSEPR	1,Phospho[S];16,Phospho[S];17,Phospho[E];	SSLSDRYSDASDDSFSEPR	1,Phospho[S];16,Phospho[S];17,Phospho[E];
20150615_HepG2_Phos_control_70ug_1.16817.16817.2.6.dta	LSSSDRYSDASDDSFSEPR	3,Phospho[S];16,Phospho[S];17,Phospho[E];	-1.000000	2.459436	0.033333	0.053459	-1.071379	-0.020000	-0.014883	0.8421052631578947	[0, 0, 0, 0, 0, 0, 0, 0, 0, 0, 0, 0, 0, 0, 0, 0, 0, 0, 1, 0, 0, 0, 0, 0, 0, 0]	[0, 0, 0, 1, 0]	LSSSDRYSDASDDAYDTPR	3,Phospho[S];14,Phospho[A];15,Phospho[Y];	LSSSDRYSDASDDAYDTPR	3,Phospho[S];14,Phospho[A];15,Phospho[Y];	LSSSDRYSDASDDAYDTPR	3,Phospho[S];14,Phospho[A];15,Phospho[Y];
20150615_HepG2_Phos_control_70ug_1.16817.16817.2.6.dta	LSSSDRYSDASDDSFSEPR	3,Phospho[S];16,Phospho[S];17,Phospho[E];	-1.000000	2.459436	0.033333	0.053459	-1.071379	-0.020000	-0.014883	0.8947368421052632	[0, 0, 0, 0, 1, 0, 0, 0, 0, 0, 0, 0, 0, 0, 0, 0, 0, 0, 0, 0, 0, 0, 0, 0, 0, 0]	[0, 0, 0, 1, 0]	LSSSDRYSDASDDAYDTPR	3,Phospho[S];14,Phospho[A];15,Phospho[Y];	LSSSDRYSDASDDAYDTPR	3,Phospho[S];14,Phospho[A];15,Phospho[Y];	LSSSDRYSDASDDAYDTPR	3,Phospho[S];14,Phospho[A];15,Phospho[Y];
20150615_HepG2_Phos_control_70ug_1.16817.16817.2.6.dta	LSSSDRYSDASDDSFSEPR	3,Phospho[S];10,Phospho[A];11,Phospho[S];	-1.000000	6.830768	0.093333	0.112712	0.007157	0.000000	0.000000	0.15789473684210525	[0, 0, 0, 0, 0, 0, 0, 0, 0, 0, 0, 0, 0, 0, 0, 0, 0, 0, 1, 0, 0, 0, 0, 0, 0, 0]	[0, 0, 0, 1, 0]	LSDSSRYSDASDDSFSEPR	5,Phospho[S];10,Phospho[A];11,Phospho[S];	SSLSDRYSDASDDSFSEPR	1,Phospho[S];10,Phospho[A];11,Phospho[S];	SSLSDRYSDASDDSFSEPR	1,Phospho[S];10,Phospho[A];11,Phospho[S];
20150615_HepG2_Phos_control_70ug_1.16817.16817.2.6.dta	LSSSDRYSDASDDSFSEPR	3,Phospho[S];10,Phospho[A];11,Phospho[S];	-1.000000	6.830768	0.093333	0.112712	-0.759846	-0.013333	-0.008855	0.5263157894736842	[1, 0, 0, 0, 0, 0, 0, 0, 0, 0, 0, 0, 0, 0, 0, 0, 0, 0, 0, 0, 0, 0, 0, 0, 0, 0]	[0, 0, 0, 1, 0]	LSSSDRYSDASDDSFSEPR	3,Phospho[S];12,Phospho[D];13,Phospho[D];	LSSSDRYSDADSDSFSEPR	3,Phospho[S];11,Phospho[D];13,Phospho[D];	LSSSDRYSDSADDSFSEPR	3,Phospho[S];10,Phospho[S];13,Phospho[D];
20150615_HepG2_Phos_control_70ug_1.16817.16817.2.6.dta	LSSSDRYSDASDDSFSEPR	3,Phospho[S];10,Phospho[A];11,Phospho[S];	-1.000000	6.830768	0.093333	0.112712	-0.759846	-0.013333	-0.008855	0.5789473684210527	[0, 0, 0, 0, 0, 0, 0, 0, 0, 0, 0, 0, 0, 0, 0, 0, 0, 0, 1, 0, 0, 0, 0, 0, 0, 0]	[0, 0, 0, 1, 0]	LSSSDRYSDADSDSFSEPR	3,Phospho[S];12,Phospho[S];13,Phospho[D];	LSSSDRYSDASDDSFSEPR	3,Phospho[S];12,Phospho[D];13,Phospho[D];	LSSSDRYSDGTDDSFSEPR	3,Phospho[S];11,Phospho[T];13,Phospho[D];
20150615_HepG2_Phos_control_70ug_1.16817.16817.2.6.dta	LSSSDRYSDASDDSFSEPR	14,Phospho[S];16,Phospho[S];16,Phospho[S];	-1.000000	6.542369	0.093333	0.123117	-0.507010	-0.020000	-0.018085	0.7368421052631579	[0, 0, 0, 0, 0, 0, 0, 0, 0, 0, 0, 0, 0, 0, 0, 0, 0, 0, 1, 0, 0, 0, 0, 0, 0, 0]	[0, 0, 0, 1, 0]	LSSSDRYSDASGGRNSEPR	12,Phospho[G];14,Phospho[R];16,Phospho[S];16,Phospho[S];	LSSSDRYSDASNRNSEPR	12,Phospho[N];14,Phospho[N];15,Phospho[S];15,Phospho[S];	LSSSDRYSDASNRNSEPR	12,Phospho[N];14,Phospho[N];15,Phospho[S];15,Phospho[S];
20150615_HepG2_Phos_control_70ug_1.16817.16817.2.6.dta	LSSSDRYSDASDDSFSEPR	14,Phospho[S];16,Phospho[S];16,Phospho[S];	-1.000000	6.542369	0.093333	0.123117	0.988164	0.020000	0.015214	0.8421052631578947	[0, 0, 0, 0, 0, 0, 0, 0, 0, 0, 0, 0, 0, 0, 0, 0, 0, 0, 1, 0, 0, 0, 0, 0, 0, 0]	[0, 0, 0, 1, 0]	LSSSDRYSDASDDSFESPR	14,Phospho[S];16,Phospho[E];17,Phospho[S];	LSSSDRYSDASDDSFESPR	14,Phospho[S];16,Phospho[E];17,Phospho[S];	LSSSDRYSDASDDSFESPR	14,Phospho[S];16,Phospho[E];17,Phospho[S];
20150615_HepG2_Phos_control_70ug_1.16817.16817.2.6.dta	LSSSDRYSDASDDSFSEPR	14,Phospho[S];16,Phospho[S];16,Phospho[S];	-1.000000	6.542369	0.093333	0.123117	0.988164	0.020000	0.015214	0.8421052631578947	[0, 0, 0, 0, 0, 0, 0, 0, 0, 0, 0, 0, 0, 0, 0, 0, 0, 0, 1, 0, 0, 0, 0, 0, 0, 0]	[0, 0, 0, 1, 0]	LSSSDRYSDASDDSFESPR	14,Phospho[S];16,Phospho[E];17,Phospho[S];	LSSSDRYSDASDDSFESPR	14,Phospho[S];16,Phospho[E];17,Phospho[S];	LSSSDRYSDASDDSFESPR	14,Phospho[S];16,Phospho[E];17,Phospho[S];
20150615_HepG2_Phos_control_70ug_1.16817.16817.2.6.dta	LSSSDRYSDASDDSFSEPR	3,Phospho[S];16,Phospho[S];19,Phospho[R];	-1.000000	1.077425	0.020000	0.017897	0.000000	0.000000	0.000000	0.15789473684210525	[0, 0, 0, 0, 0, 0, 0, 0, 0, 0, 0, 0, 0, 0, 0, 0, 0, 0, 1, 0, 0, 0, 0, 0, 0, 0]	[0, 0, 0, 1, 0]	SSLSDRYSDASDDSFSEPR	1,Phospho[S];16,Phospho[S];19,Phospho[R];	SSLSDRYSDASDDSFSEPR	1,Phospho[S];16,Phospho[S];19,Phospho[R];	SSLSDRYSDASDDSFSEPR	1,Phospho[S];16,Phospho[S];19,Phospho[R];
20150615_HepG2_Phos_control_70ug_1.16817.16817.2.6.dta	LSSSDRYSDASDDSFSEPR	3,Phospho[S];16,Phospho[S];19,Phospho[R];	-1.000000	1.077425	0.020000	0.017897	-1.382011	-0.013333	-0.035562	0.8421052631578947	[0, 0, 0, 0, 0, 0, 0, 0, 0, 0, 0, 0, 0, 0, 0, 0, 0, 0, 1, 0, 0, 0, 0, 0, 0, 0]	[0, 0, 0, 1, 0]	LSSSDRYSDASDDSFTDPR	3,Phospho[S];16,Phospho[T];17,Phospho[D];	LSSSDRYSDASDDSFTDPR	3,Phospho[S];16,Phospho[T];17,Phospho[D];	LSSSDRYSDASDDSFTDPR	3,Phospho[S];16,Phospho[T];17,Phospho[D];
20150615_HepG2_Phos_control_70ug_1.16817.16817.2.6.dta	LSSSDRYSDASDDSFSEPR	3,Phospho[S];16,Phospho[S];19,Phospho[R];	-1.000000	1.077425	0.020000	0.017897	-1.382011	-0.013333	-0.035562	1.0	[0, 0, 0, 0, 0, 0, 0, 0, 0, 0, 0, 0, 0, 0, 0, 0, 0, 1, 0, 0, 0, 0, 0, 0, 0, 0]	[0, 0, 0, 1, 0]	LSSSDRYSDASDDSFTDPR	3,Phospho[S];16,Phospho[T];17,Phospho[D];	LSSSDRYSDASDDSFTDPR	3,Phospho[S];16,Phospho[T];17,Phospho[D];	LSSSDRYSDASDDSFTDPR	3,Phospho[S];16,Phospho[T];17,Phospho[D];
20150615_HepG2_Phos_control_70ug_1.16817.16817.2.6.dta	LSSSDRYSDASDDSFSEPR	3,Phospho[S];9,Phospho[D];14,Phospho[S];	-1.000000	6.180635	0.093333	0.100223	0.000000	0.000000	0.000000	0.15789473684210525	[0, 0, 0, 0, 0, 0, 0, 0, 0, 0, 0, 0, 0, 0, 0, 0, 0, 0, 1, 0, 0, 0, 0, 0, 0, 0]	[0, 0, 0, 1, 0]	SSLSDRYSDASDDSFSEPR	1,Phospho[S];9,Phospho[D];14,Phospho[S];	SSLSDRYSDASDDSFSEPR	1,Phospho[S];9,Phospho[D];14,Phospho[S];	SSLSDRYSDASDDSFSEPR	1,Phospho[S];9,Phospho[D];14,Phospho[S];
20150615_HepG2_Phos_control_70ug_1.16817.16817.2.6.dta	LSSSDRYSDASDDSFSEPR	3,Phospho[S];9,Phospho[D];14,Phospho[S];	-1.000000	6.180635	0.093333	0.100223	-0.649576	-0.006667	-0.007632	0.47368421052631576	[0, 0, 0, 1, 0, 0, 0, 0, 0, 0, 0, 0, 0, 0, 0, 0, 0, 0, 0, 0, 0, 0, 0, 0, 0, 0]	[0, 0, 0, 1, 0]	LSSSDRYDSTGDDSFSEPR	3,Phospho[S];11,Phospho[G];14,Phospho[S];	LSSSDRYDSASDDSFSEPR	3,Phospho[S];10,Phospho[A];14,Phospho[S];	LSSSDRYDSASDDSFSEPR	3,Phospho[S];10,Phospho[A];14,Phospho[S];
20150615_HepG2_Phos_control_70ug_1.16817.16817.2.6.dta	LSSSDRYSDASDDSFSEPR	3,Phospho[S];9,Phospho[D];14,Phospho[S];	-1.000000	6.180635	0.093333	0.100223	0.427900	0.006667	0.004461	0.7368421052631579	[0, 0, 0, 0, 0, 0, 0, 0, 0, 0, 0, 0, 0, 0, 0, 0, 0, 0, 1, 0, 0, 0, 0, 0, 0, 0]	[0, 0, 0, 1, 0]	LSSSDRYSDASDDYASEPR	3,Phospho[S];9,Phospho[D];13,Phospho[D];	LSSSDRYSDASDSDFSEPR	3,Phospho[S];9,Phospho[D];14,Phospho[D];	LSSSDRYSDASDSDFSEPR	3,Phospho[S];9,Phospho[D];14,Phospho[D];
20150615_HepG2_Phos_control_70ug_1.16817.16817.2.6.dta	LSSSDRYSDASDDSFSEPR	7,Phospho[Y];8,Phospho[S];19,Phospho[R];	-1.000000	2.095222	0.046667	0.036411	-1.231859	-0.013333	-0.014200	0.3684210526315789	[0, 0, 0, 0, 0, 0, 0, 0, 0, 0, 0, 0, 0, 0, 0, 0, 0, 0, 0, 0, 0, 0, 0, 0, 1, 0]	[0, 0, 0, 1, 0]	LSSSDRSYADSDDSFSEPR	9,Phospho[A];10,Phospho[D];19,Phospho[R];	LSSSDRYSDASDDSFSEPR	8,Phospho[S];9,Phospho[D];19,Phospho[R];	LSSSDRSYEGSDDSFSEPR	9,Phospho[E];10,Phospho[G];19,Phospho[R];
20150615_HepG2_Phos_control_70ug_1.16817.16817.2.6.dta	LSSSDRYSDASDDSFSEPR	7,Phospho[Y];8,Phospho[S];19,Phospho[R];	-1.000000	2.095222	0.046667	0.036411	-1.231859	-0.013333	-0.014200	0.42105263157894735	[0, 0, 0, 0, 0, 0, 0, 0, 0, 0, 0, 0, 0, 0, 0, 0, 0, 0, 1, 0, 0, 0, 0, 0, 0, 0]	[0, 0, 0, 1, 0]	LSSSDRSYADSDDSFSEPR	9,Phospho[A];10,Phospho[D];19,Phospho[R];	LSSSDRYSDASDDSFSEPR	8,Phospho[S];9,Phospho[D];19,Phospho[R];	LSSSDRSYEGSDDSFSEPR	9,Phospho[E];10,Phospho[G];19,Phospho[R];
20150615_HepG2_Phos_control_70ug_1.16817.16817.2.6.dta	LSSSDRYSDASDDSFSEPR	7,Phospho[Y];8,Phospho[S];19,Phospho[R];	-1.000000	2.095222	0.046667	0.036411	-1.443827	-0.006667	-0.032186	1.0	[0, 0, 0, 0, 0, 0, 0, 0, 0, 0, 0, 0, 0, 0, 0, 0, 0, 1, 0, 0, 0, 0, 0, 0, 0, 0]	[0, 0, 0, 1, 0]	LSSSDRYSDASDDSFESRP	7,Phospho[Y];8,Phospho[S];17,Phospho[S];	LSSSDRYSDASDDSFDTRP	7,Phospho[Y];8,Phospho[S];17,Phospho[T];	LSSSDRYSDASDDSFDTRP	7,Phospho[Y];8,Phospho[S];17,Phospho[T];
20150615_HepG2_Phos_control_70ug_1.16817.16817.2.6.dta	LSSSDRYSDASDDSFSEPR	1,Phospho[L];4,Phospho[S];8,Phospho[S];	-1.000000	6.184198	0.086667	0.105081	0.000000	0.000000	0.000000	0.05263157894736842	[0, 0, 0, 0, 0, 0, 0, 0, 0, 0, 0, 1, 0, 0, 0, 0, 0, 0, 0, 0, 0, 0, 0, 0, 0, 0]	[0, 0, 0, 1, 0]	SSLSDRYSDASDDSFSEPR	3,Phospho[L];2,Phospho[S];8,Phospho[S];	SSLSDRYSDASDDSFSEPR	3,Phospho[L];2,Phospho[S];8,Phospho[S];	SSLSDRYSDASDDSFSEPR	3,Phospho[L];2,Phospho[S];8,Phospho[S];
20150615_HepG2_Phos_control_70ug_1.16817.16817.2.6.dta	LSSSDRYSDASDDSFSEPR	1,Phospho[L];4,Phospho[S];8,Phospho[S];	-1.000000	6.184198	0.086667	0.105081	0.014503	0.000000	0.000000	0.21052631578947367	[0, 0, 0, 0, 0, 0, 0, 0, 0, 0, 0, 0, 0, 0, 0, 0, 0, 0, 1, 0, 0, 0, 0, 0, 0, 0]	[0, 0, 0, 1, 0]	LSDSSRYSDASDDSFSEPR	1,Phospho[L];2,Phospho[S];8,Phospho[S];	SSLSDRYSDASDDSFSEPR	3,Phospho[L];2,Phospho[S];8,Phospho[S];	SSLSDRYSDASDDSFSEPR	3,Phospho[L];2,Phospho[S];8,Phospho[S];
20150615_HepG2_Phos_control_70ug_1.16817.16817.2.6.dta	LSSSDRYSDASDDSFSEPR	1,Phospho[L];4,Phospho[S];8,Phospho[S];	-1.000000	6.184198	0.086667	0.105081	-0.379925	-0.006667	-0.002966	0.42105263157894735	[0, 0, 0, 0, 0, 0, 0, 0, 0, 0, 0, 0, 0, 0, 0, 0, 0, 0, 1, 0, 0, 0, 0, 0, 0, 0]	[0, 0, 0, 1, 0]	LSSSDDYSRASDDSFSEPR	1,Phospho[L];4,Phospho[S];8,Phospho[S];	LSSSDYDRSASDDSFSEPR	1,Phospho[L];4,Phospho[S];9,Phospho[S];	LSSSDPTHADASDDSFSEPR	1,Phospho[L];4,Phospho[S];6,Phospho[P];
20150615_HepG2_Phos_control_70ug_1.16817.16817.2.6.dta	LSSSDRYSDASDDSFSEPR	2,Phospho[S];4,Phospho[S];7,Phospho[Y];	-1.000000	6.184198	0.086667	0.105081	0.014503	0.000000	0.000000	0.10526315789473684	[0, 0, 0, 0, 0, 0, 0, 0, 0, 0, 0, 0, 0, 0, 0, 0, 0, 0, 1, 0, 0, 0, 0, 0, 0, 0]	[0, 0, 0, 1, 0]	LSDSSRYSDASDDSFSEPR	4,Phospho[S];2,Phospho[S];7,Phospho[Y];	SSLSDRYSDASDDSFSEPR	4,Phospho[S];2,Phospho[S];7,Phospho[Y];	SSLSDRYSDASDDSFSEPR	4,Phospho[S];2,Phospho[S];7,Phospho[Y];
20150615_HepG2_Phos_control_70ug_1.16817.16817.2.6.dta	LSSSDRYSDASDDSFSEPR	2,Phospho[S];4,Phospho[S];7,Phospho[Y];	-1.000000	6.184198	0.086667	0.105081	0.014503	0.000000	0.000000	0.21052631578947367	[0, 0, 0, 0, 0, 0, 0, 0, 0, 0, 0, 0, 0, 0, 0, 0, 0, 0, 1, 0, 0, 0, 0, 0, 0, 0]	[0, 0, 0, 1, 0]	LSDSSRYSDASDDSFSEPR	4,Phospho[S];2,Phospho[S];7,Phospho[Y];	SSLSDRYSDASDDSFSEPR	4,Phospho[S];2,Phospho[S];7,Phospho[Y];	SSLSDRYSDASDDSFSEPR	4,Phospho[S];2,Phospho[S];7,Phospho[Y];
20150615_HepG2_Phos_control_70ug_1.16817.16817.2.6.dta	LSSSDRYSDASDDSFSEPR	2,Phospho[S];4,Phospho[S];7,Phospho[Y];	-1.000000	6.184198	0.086667	0.105081	-0.379925	-0.006667	-0.002966	0.3684210526315789	[0, 0, 0, 0, 0, 0, 0, 0, 0, 0, 0, 0, 0, 0, 0, 0, 0, 0, 0, 0, 0, 0, 0, 0, 1, 0]	[0, 0, 0, 1, 0]	LSSSDDYSRASDDSFSEPR	2,Phospho[S];4,Phospho[S];8,Phospho[S];	LSSSDYDRSASDDSFSEPR	2,Phospho[S];4,Phospho[S];9,Phospho[S];	LSSSDPTHADASDDSFSEPR	2,Phospho[S];4,Phospho[S];6,Phospho[P];
20150615_HepG2_Phos_control_70ug_1.16817.16817.2.6.dta	LSSSDRYSDASDDSFSEPR	7,Phospho[Y];11,Phospho[S];18,Phospho[P];	-1.000000	3.127162	0.053333	0.042545	-1.178849	-0.020000	-0.018660	0.3684210526315789	[0, 0, 0, 0, 0, 0, 0, 0, 0, 0, 0, 0, 0, 0, 0, 0, 0, 0, 0, 0, 0, 0, 0, 0, 1, 0]	[0, 0, 0, 1, 0]	LSSSDRYSGESDDSFSEPR	10,Phospho[E];11,Phospho[S];18,Phospho[P];	LSSSDRYSGESDDSFSEPR	9,Phospho[G];11,Phospho[S];18,Phospho[P];	LSSSDRYSEGSDDSFSEPR	9,Phospho[E];11,Phospho[S];18,Phospho[P];
20150615_HepG2_Phos_control_70ug_1.16817.16817.2.6.dta	LSSSDRYSDASDDSFSEPR	7,Phospho[Y];11,Phospho[S];18,Phospho[P];	-1.000000	3.127162	0.053333	0.042545	0.381767	0.006667	0.004384	0.5789473684210527	[0, 0, 0, 0, 0, 0, 0, 0, 0, 0, 0, 0, 0, 0, 0, 0, 0, 0, 1, 0, 0, 0, 0, 0, 0, 0]	[0, 0, 0, 1, 0]	LSSSDRYDSSADDSFSEPR	7,Phospho[Y];11,Phospho[A];18,Phospho[P];	LSSSDRYDSSADDSFSEPR	7,Phospho[Y];11,Phospho[A];18,Phospho[P];	LSSSDRYDSSADDSFSEPR	7,Phospho[Y];11,Phospho[A];18,Phospho[P];
20150615_HepG2_Phos_control_70ug_1.16817.16817.2.6.dta	LSSSDRYSDASDDSFSEPR	7,Phospho[Y];11,Phospho[S];18,Phospho[P];	-1.000000	3.127162	0.053333	0.042545	-2.393557	-0.033333	-0.052950	0.9473684210526315	[0, 0, 0, 0, 0, 0, 0, 0, 0, 0, 0, 0, 0, 0, 0, 1, 0, 0, 0, 0, 0, 0, 0, 0, 0, 0]	[0, 0, 0, 1, 0]	LSSSDRYSDASDDSSFEPR	7,Phospho[Y];11,Phospho[S];16,Phospho[F];	LSSSDRYSDASDDSSFEPR	7,Phospho[Y];11,Phospho[S];16,Phospho[F];	LSSSDRYSDASDDSFDTPR	7,Phospho[Y];11,Phospho[S];15,Phospho[F];
20150615_HepG2_Phos_control_70ug_1.16817.16817.2.6.dta	LSSSDRYSDASDDSFSEPR	4,Phospho[S];11,Phospho[S];13,Phospho[D];	-1.000000	8.008100	0.113333	0.125951	0.000000	0.000000	0.000000	0.21052631578947367	[0, 0, 0, 0, 0, 0, 0, 0, 0, 0, 0, 0, 0, 0, 0, 0, 0, 0, 1, 0, 0, 0, 0, 0, 0, 0]	[0, 0, 0, 1, 0]	SSLSDRYSDASDDSFSEPR	2,Phospho[S];11,Phospho[S];13,Phospho[D];	SSLSDRYSDASDDSFSEPR	2,Phospho[S];11,Phospho[S];13,Phospho[D];	SSLSDRYSDASDDSFSEPR	2,Phospho[S];11,Phospho[S];13,Phospho[D];
20150615_HepG2_Phos_control_70ug_1.16817.16817.2.6.dta	LSSSDRYSDASDDSFSEPR	4,Phospho[S];11,Phospho[S];13,Phospho[D];	-1.000000	8.008100	0.113333	0.125951	0.326265	0.006667	0.004384	0.5789473684210527	[0, 0, 0, 0, 0, 0, 0, 0, 0, 0, 0, 0, 0, 0, 0, 0, 0, 0, 1, 0, 0, 0, 0, 0, 0, 0]	[0, 0, 0, 1, 0]	LSSSDRYDSGTDDSFSEPR	4,Phospho[S];10,Phospho[G];13,Phospho[D];	LSSSDRYDSASDDSFSEPR	4,Phospho[S];10,Phospho[A];13,Phospho[D];	LSSSDRYDSASDDSFSEPR	4,Phospho[S];10,Phospho[A];13,Phospho[D];
20150615_HepG2_Phos_control_70ug_1.16817.16817.2.6.dta	LSSSDRYSDASDDSFSEPR	4,Phospho[S];11,Phospho[S];13,Phospho[D];	-1.000000	8.008100	0.113333	0.125951	0.847411	0.013333	0.009782	0.6842105263157895	[0, 0, 0, 1, 0, 0, 0, 0, 0, 0, 0, 0, 0, 0, 0, 0, 0, 0, 0, 0, 0, 0, 0, 0, 0, 0]	[0, 0, 0, 1, 0]	LSSSDRYSDCMPSFSEPR	4,Phospho[S];10,Carbamidomethyl[C];11,Phospho[M];12,Phospho[P];	LSSSDRYSDGTDDSFSEPR	4,Phospho[S];10,Phospho[G];12,Phospho[D];	LSSSDRYSDGTDDSFSEPR	4,Phospho[S];10,Phospho[G];12,Phospho[D];
20150615_HepG2_Phos_control_70ug_1.16817.16817.2.6.dta	LSSSDRYSDASDDSFSEPR	4,Phospho[S];5,Phospho[D];7,Phospho[Y];	-1.000000	6.184198	0.086667	0.105081	0.000000	0.000000	0.000000	0.21052631578947367	[0, 0, 0, 0, 0, 0, 0, 0, 0, 0, 0, 0, 0, 0, 0, 0, 0, 0, 1, 0, 0, 0, 0, 0, 0, 0]	[0, 0, 0, 1, 0]	SSLSDRYSDASDDSFSEPR	2,Phospho[S];5,Phospho[D];7,Phospho[Y];	SSLSDRYSDASDDSFSEPR	2,Phospho[S];5,Phospho[D];7,Phospho[Y];	SSLSDRYSDASDDSFSEPR	2,Phospho[S];5,Phospho[D];7,Phospho[Y];
20150615_HepG2_Phos_control_70ug_1.16817.16817.2.6.dta	LSSSDRYSDASDDSFSEPR	4,Phospho[S];5,Phospho[D];7,Phospho[Y];	-1.000000	6.184198	0.086667	0.105081	0.000000	0.000000	0.000000	0.2631578947368421	[0, 0, 0, 1, 0, 0, 0, 0, 0, 0, 0, 0, 0, 0, 0, 0, 0, 0, 0, 0, 0, 0, 0, 0, 0, 0]	[0, 0, 0, 1, 0]	LSDSSRYSDASDDSFSEPR	2,Phospho[S];3,Phospho[D];7,Phospho[Y];	LSDSSRYSDASDDSFSEPR	2,Phospho[S];3,Phospho[D];7,Phospho[Y];	LSDSSRYSDASDDSFSEPR	2,Phospho[S];3,Phospho[D];7,Phospho[Y];
20150615_HepG2_Phos_control_70ug_1.16817.16817.2.6.dta	LSSSDRYSDASDDSFSEPR	4,Phospho[S];5,Phospho[D];7,Phospho[Y];	-1.000000	6.184198	0.086667	0.105081	-0.379925	-0.006667	-0.002966	0.3684210526315789	[0, 0, 0, 0, 0, 0, 0, 0, 0, 0, 0, 0, 0, 0, 0, 0, 0, 0, 0, 0, 0, 0, 0, 0, 1, 0]	[0, 0, 0, 1, 0]	LSSSDDYSRASDDSFSEPR	4,Phospho[S];5,Phospho[D];8,Phospho[S];	LSSSDYDRSASDDSFSEPR	4,Phospho[S];5,Phospho[D];9,Phospho[S];	LSSSDPTHADASDDSFSEPR	4,Phospho[S];5,Phospho[D];6,Phospho[P];
20150615_HepG2_Phos_control_70ug_1.16817.16817.2.6.dta	LSSSDRYSDASDDSFSEPR	7,Phospho[Y];10,Phospho[A];14,Phospho[S];	-1.000000	7.541895	0.113333	0.121691	-0.634914	-0.013333	-0.012092	0.3684210526315789	[0, 0, 0, 0, 0, 0, 0, 0, 0, 0, 0, 0, 0, 0, 0, 0, 0, 0, 0, 0, 0, 0, 0, 0, 1, 0]	[0, 0, 0, 1, 0]	LSSSDRYSDASDDSFSEPR	8,Phospho[S];10,Phospho[A];14,Phospho[S];	LSSSDRYSDASDDSFSEPR	8,Phospho[S];10,Phospho[A];14,Phospho[S];	LSSSDRYSDASDDSFSEPR	8,Phospho[S];10,Phospho[A];14,Phospho[S];
20150615_HepG2_Phos_control_70ug_1.16817.16817.2.6.dta	LSSSDRYSDASDDSFSEPR	7,Phospho[Y];10,Phospho[A];14,Phospho[S];	-1.000000	7.541895	0.113333	0.121691	0.000000	0.000000	0.000000	0.5263157894736842	[1, 0, 0, 0, 0, 0, 0, 0, 0, 0, 0, 0, 0, 0, 0, 0, 0, 0, 0, 0, 0, 0, 0, 0, 0, 0]	[0, 0, 0, 1, 0]	LSSSDRYSDSADDSFSEPR	7,Phospho[Y];11,Phospho[A];14,Phospho[S];	LSSSDRYDSSADDSFSEPR	7,Phospho[Y];10,Phospho[S];14,Phospho[S];	LSSSDRYDSSADDSFSEPR	7,Phospho[Y];10,Phospho[S];14,Phospho[S];
20150615_HepG2_Phos_control_70ug_1.16817.16817.2.6.dta	LSSSDRYSDASDDSFSEPR	7,Phospho[Y];10,Phospho[A];14,Phospho[S];	-1.000000	7.541895	0.113333	0.121691	0.425398	0.006667	0.004461	0.7368421052631579	[0, 0, 0, 0, 0, 0, 0, 0, 0, 0, 0, 0, 0, 0, 0, 0, 0, 0, 1, 0, 0, 0, 0, 0, 0, 0]	[0, 0, 0, 1, 0]	LSSSDRYSDASDDYASEPR	7,Phospho[Y];10,Phospho[A];13,Phospho[D];	LSSSDRYSDASDSDFSEPR	7,Phospho[Y];10,Phospho[A];14,Phospho[D];	LSSSDRYSDASDSDFSEPR	7,Phospho[Y];10,Phospho[A];14,Phospho[D];
20150615_HepG2_Phos_control_70ug_1.16817.16817.2.6.dta	LSSSDRYSDASDDSFSEPR	4,Phospho[S];14,Phospho[S];16,Phospho[S];	-1.000000	3.435364	0.053333	0.068673	0.000000	0.000000	0.000000	0.21052631578947367	[0, 0, 0, 0, 0, 0, 0, 0, 0, 0, 0, 0, 0, 0, 0, 0, 0, 0, 1, 0, 0, 0, 0, 0, 0, 0]	[0, 0, 0, 1, 0]	SSLSDRYSDASDDSFSEPR	2,Phospho[S];14,Phospho[S];16,Phospho[S];	SSLSDRYSDASDDSFSEPR	2,Phospho[S];14,Phospho[S];16,Phospho[S];	SSLSDRYSDASDDSFSEPR	2,Phospho[S];14,Phospho[S];16,Phospho[S];
20150615_HepG2_Phos_control_70ug_1.16817.16817.2.6.dta	LSSSDRYSDASDDSFSEPR	4,Phospho[S];14,Phospho[S];16,Phospho[S];	-1.000000	3.435364	0.053333	0.068673	-1.579298	-0.020000	-0.019344	0.7368421052631579	[0, 0, 0, 0, 0, 0, 0, 0, 0, 0, 0, 0, 0, 0, 0, 0, 0, 0, 1, 0, 0, 0, 0, 0, 0, 0]	[0, 0, 0, 1, 0]	LSSSDRYSDASDDSFSEPR	4,Phospho[S];13,Phospho[D];15,Phospho[F];	LSSSDRYSDASDDSFSEPR	4,Phospho[S];11,Phospho[S];16,Phospho[S];	LSSSDRYSDASDDFSSEPR	4,Phospho[S];13,Phospho[D];15,Phospho[S];
20150615_HepG2_Phos_control_70ug_1.16817.16817.2.6.dta	LSSSDRYSDASDDSFSEPR	4,Phospho[S];14,Phospho[S];16,Phospho[S];	-1.000000	3.435364	0.053333	0.068673	-1.579298	-0.020000	-0.019344	0.8421052631578947	[0, 0, 0, 0, 0, 0, 0, 0, 0, 0, 0, 0, 0, 0, 0, 0, 0, 0, 1, 0, 0, 0, 0, 0, 0, 0]	[0, 0, 0, 1, 0]	LSSSDRYSDASDDSFSEPR	4,Phospho[S];13,Phospho[D];15,Phospho[F];	LSSSDRYSDASDGYESEPR	4,Phospho[S];13,Phospho[G];14,Phospho[Y];	LSSSDRYSDASDDFSSEPR	4,Phospho[S];13,Phospho[D];15,Phospho[S];
20150615_HepG2_Phos_control_70ug_1.16817.16817.2.6.dta	LSSSDRYSDASDDSFSEPR	4,Phospho[S];7,Phospho[Y];9,Phospho[D];	-1.000000	6.184198	0.086667	0.105081	0.000000	0.000000	0.000000	0.21052631578947367	[0, 0, 0, 0, 0, 0, 0, 0, 0, 0, 0, 0, 0, 0, 0, 0, 0, 0, 1, 0, 0, 0, 0, 0, 0, 0]	[0, 0, 0, 1, 0]	SSLSDRYSDASDDSFSEPR	2,Phospho[S];7,Phospho[Y];9,Phospho[D];	SSLSDRYSDASDDSFSEPR	2,Phospho[S];7,Phospho[Y];9,Phospho[D];	SSLSDRYSDASDDSFSEPR	2,Phospho[S];7,Phospho[Y];9,Phospho[D];
20150615_HepG2_Phos_control_70ug_1.16817.16817.2.6.dta	LSSSDRYSDASDDSFSEPR	4,Phospho[S];7,Phospho[Y];9,Phospho[D];	-1.000000	6.184198	0.086667	0.105081	-0.379925	-0.006667	-0.002940	0.3684210526315789	[0, 0, 0, 0, 0, 0, 0, 0, 0, 0, 0, 0, 0, 0, 0, 0, 0, 0, 0, 0, 0, 0, 0, 0, 1, 0]	[0, 0, 0, 1, 0]	LSSSDYDSRASDDSFSEPR	4,Phospho[S];7,Phospho[D];8,Phospho[S];	LSSSDDYSRASDDSFSEPR	4,Phospho[S];6,Phospho[D];9,Phospho[R];	LSSSDDYSRASDDSFSEPR	4,Phospho[S];6,Phospho[D];9,Phospho[R];
20150615_HepG2_Phos_control_70ug_1.16817.16817.2.6.dta	LSSSDRYSDASDDSFSEPR	4,Phospho[S];7,Phospho[Y];9,Phospho[D];	-1.000000	6.184198	0.086667	0.105081	-0.401391	-0.006667	-0.008037	0.47368421052631576	[0, 0, 0, 1, 0, 0, 0, 0, 0, 0, 0, 0, 0, 0, 0, 0, 0, 0, 0, 0, 0, 0, 0, 0, 0, 0]	[0, 0, 0, 1, 0]	LSSSDTPHDAASDDSFSEPR	4,Phospho[S];6,Phospho[T];7,Phospho[P];	LSSSDRYSCPMGDSFSEPR	4,Phospho[S];7,Phospho[Y];10,Phospho[P];	LSSSDTPHDAASDDSFSEPR	4,Phospho[S];6,Phospho[T];7,Phospho[P];
20150615_HepG2_Phos_control_70ug_1.16817.16817.2.6.dta	LSSSDRYSDASDDSFSEPR	4,Phospho[S];16,Phospho[S];18,Phospho[P];	-1.000000	1.071965	0.013333	0.012015	0.000000	0.000000	0.000000	0.21052631578947367	[0, 0, 0, 0, 0, 0, 0, 0, 0, 0, 0, 0, 0, 0, 0, 0, 0, 0, 1, 0, 0, 0, 0, 0, 0, 0]	[0, 0, 0, 1, 0]	SSLSDRYSDASDDSFSEPR	2,Phospho[S];16,Phospho[S];18,Phospho[P];	SSLSDRYSDASDDSFSEPR	2,Phospho[S];16,Phospho[S];18,Phospho[P];	SSLSDRYSDASDDSFSEPR	2,Phospho[S];16,Phospho[S];18,Phospho[P];
20150615_HepG2_Phos_control_70ug_1.16817.16817.2.6.dta	LSSSDRYSDASDDSFSEPR	4,Phospho[S];16,Phospho[S];18,Phospho[P];	-1.000000	1.071965	0.013333	0.012015	-1.387471	-0.020000	-0.041444	0.8421052631578947	[0, 0, 0, 0, 0, 0, 0, 0, 0, 0, 0, 0, 0, 0, 0, 0, 0, 0, 1, 0, 0, 0, 0, 0, 0, 0]	[0, 0, 0, 1, 0]	LSSSDRYSDASDDSFTDRP	4,Phospho[S];16,Phospho[T];17,Phospho[D];	LSSSDRYSDASDDSFESPR	4,Phospho[S];16,Phospho[E];17,Phospho[S];	LSSSDRYSDASDDSFTDRP	4,Phospho[S];16,Phospho[T];17,Phospho[D];
20150615_HepG2_Phos_control_70ug_1.16817.16817.2.6.dta	LSSSDRYSDASDDSFSEPR	4,Phospho[S];16,Phospho[S];18,Phospho[P];	-1.000000	1.071965	0.013333	0.012015	-1.387471	-0.020000	-0.041444	0.9473684210526315	[0, 0, 0, 0, 0, 0, 0, 0, 0, 0, 0, 0, 0, 0, 0, 1, 0, 0, 0, 0, 0, 0, 0, 0, 0, 0]	[0, 0, 0, 1, 0]	LSSSDRYSDASDDSFDTPR	4,Phospho[S];16,Phospho[D];17,Phospho[T];	LSSSDRYSDASDDSFDTPR	4,Phospho[S];16,Phospho[D];17,Phospho[T];	LSSSDRYSDASDDSFDTPR	4,Phospho[S];16,Phospho[D];17,Phospho[T];
20150615_HepG2_Phos_control_70ug_1.16817.16817.2.6.dta	LSSSDRYSDASDDSFSEPR	8,Phospho[S];11,Phospho[S];16,Phospho[S];	-1.000000	6.147781	0.100000	0.107918	-0.897299	-0.006667	-0.009816	0.42105263157894735	[0, 0, 0, 0, 0, 0, 0, 0, 0, 0, 0, 0, 0, 0, 0, 0, 0, 0, 1, 0, 0, 0, 0, 0, 0, 0]	[0, 0, 0, 1, 0]	LSSSDRYSDSADDSFSEPR	9,Phospho[D];11,Phospho[A];16,Phospho[S];	LSSSDRYSGESDDSFSEPR	9,Phospho[G];11,Phospho[S];16,Phospho[S];	LSSSDRYSDSADDSFSEPR	9,Phospho[D];10,Phospho[S];16,Phospho[S];
20150615_HepG2_Phos_control_70ug_1.16817.16817.2.6.dta	LSSSDRYSDASDDSFSEPR	8,Phospho[S];11,Phospho[S];16,Phospho[S];	-1.000000	6.147781	0.100000	0.107918	-0.897299	-0.006667	-0.009816	0.5789473684210527	[0, 0, 0, 0, 0, 0, 0, 0, 0, 0, 0, 0, 0, 0, 0, 0, 0, 0, 1, 0, 0, 0, 0, 0, 0, 0]	[0, 0, 0, 1, 0]	LSSSDRYSDGTDDSFSEPR	9,Phospho[D];11,Phospho[T];16,Phospho[S];	LSSSDRYSDSADDSFSEPR	9,Phospho[D];11,Phospho[A];16,Phospho[S];	LSSSDRYSDSADDSFSEPR	9,Phospho[D];11,Phospho[A];16,Phospho[S];
20150615_HepG2_Phos_control_70ug_1.16817.16817.2.6.dta	LSSSDRYSDASDDSFSEPR	8,Phospho[S];11,Phospho[S];16,Phospho[S];	-1.000000	6.147781	0.100000	0.107918	-1.853426	-0.020000	-0.025787	0.8421052631578947	[0, 0, 0, 0, 0, 0, 0, 0, 0, 0, 0, 0, 0, 0, 0, 0, 0, 0, 1, 0, 0, 0, 0, 0, 0, 0]	[0, 0, 0, 1, 0]	LSSSDRYSDASDSDFSEPR	8,Phospho[S];11,Phospho[S];13,Phospho[S];	LSSSDRYSDASDDSYAEPR	8,Phospho[S];11,Phospho[S];13,Phospho[D];	LSSSDRYSDASDSDFSEPR	8,Phospho[S];11,Phospho[S];13,Phospho[S];
20150615_HepG2_Phos_control_70ug_1.16817.16817.2.6.dta	LSSSDRYSDASDDSFSEPR	4,Phospho[S];11,Phospho[S];16,Phospho[S];	-1.000000	4.807547	0.073333	0.081990	0.000000	0.000000	0.000000	0.21052631578947367	[0, 0, 0, 0, 0, 0, 0, 0, 0, 0, 0, 0, 0, 0, 0, 0, 0, 0, 1, 0, 0, 0, 0, 0, 0, 0]	[0, 0, 0, 1, 0]	SSLSDRYSDASDDSFSEPR	2,Phospho[S];11,Phospho[S];16,Phospho[S];	SSLSDRYSDASDDSFSEPR	2,Phospho[S];11,Phospho[S];16,Phospho[S];	SSLSDRYSDASDDSFSEPR	2,Phospho[S];11,Phospho[S];16,Phospho[S];
20150615_HepG2_Phos_control_70ug_1.16817.16817.2.6.dta	LSSSDRYSDASDDSFSEPR	4,Phospho[S];11,Phospho[S];16,Phospho[S];	-1.000000	4.807547	0.073333	0.081990	0.344188	0.006667	0.004384	0.5789473684210527	[0, 0, 0, 0, 0, 0, 0, 0, 0, 0, 0, 0, 0, 0, 0, 0, 0, 0, 1, 0, 0, 0, 0, 0, 0, 0]	[0, 0, 0, 1, 0]	LSSSDRYDSGTDDSFSEPR	4,Phospho[S];11,Phospho[T];16,Phospho[S];	LSSSDRYDSSADDSFSEPR	4,Phospho[S];11,Phospho[A];16,Phospho[S];	LSSSDRYDSSADDSFSEPR	4,Phospho[S];11,Phospho[A];16,Phospho[S];
20150615_HepG2_Phos_control_70ug_1.16817.16817.2.6.dta	LSSSDRYSDASDDSFSEPR	4,Phospho[S];11,Phospho[S];16,Phospho[S];	-1.000000	4.807547	0.073333	0.081990	-1.848567	-0.020000	-0.025787	0.8421052631578947	[0, 0, 0, 0, 0, 0, 0, 0, 0, 0, 0, 0, 0, 0, 0, 0, 0, 0, 1, 0, 0, 0, 0, 0, 0, 0]	[0, 0, 0, 1, 0]	LSSSDRYSDASDSDFSEPR	4,Phospho[S];11,Phospho[S];13,Phospho[S];	LSSSDRYSDASDDSYAEPR	4,Phospho[S];11,Phospho[S];13,Phospho[D];	LSSSDRYSDASDSDFSEPR	4,Phospho[S];11,Phospho[S];13,Phospho[S];
20150615_HepG2_Phos_control_70ug_1.16817.16817.2.6.dta	LSSSDRYSDASDDSFSEPR	4,Phospho[S];8,Phospho[S];16,Phospho[S];	-1.000000	3.810541	0.060000	0.069975	0.000000	0.000000	0.000000	0.21052631578947367	[0, 0, 0, 0, 0, 0, 0, 0, 0, 0, 0, 0, 0, 0, 0, 0, 0, 0, 1, 0, 0, 0, 0, 0, 0, 0]	[0, 0, 0, 1, 0]	SSLSDRYSDASDDSFSEPR	2,Phospho[S];8,Phospho[S];16,Phospho[S];	SSLSDRYSDASDDSFSEPR	2,Phospho[S];8,Phospho[S];16,Phospho[S];	SSLSDRYSDASDDSFSEPR	2,Phospho[S];8,Phospho[S];16,Phospho[S];
20150615_HepG2_Phos_control_70ug_1.16817.16817.2.6.dta	LSSSDRYSDASDDSFSEPR	4,Phospho[S];8,Phospho[S];16,Phospho[S];	-1.000000	3.810541	0.060000	0.069975	-0.652818	-0.006667	-0.007632	0.42105263157894735	[0, 0, 0, 0, 0, 0, 0, 0, 0, 0, 0, 0, 0, 0, 0, 0, 0, 0, 1, 0, 0, 0, 0, 0, 0, 0]	[0, 0, 0, 1, 0]	LSSSDRYSDSADDSFSEPR	4,Phospho[S];11,Phospho[A];16,Phospho[S];	LSSSDRYDSSADDSFSEPR	4,Phospho[S];11,Phospho[A];16,Phospho[S];	LSSSDRYDSSADDSFSEPR	4,Phospho[S];11,Phospho[A];16,Phospho[S];
20150615_HepG2_Phos_control_70ug_1.16817.16817.2.6.dta	LSSSDRYSDASDDSFSEPR	4,Phospho[S];8,Phospho[S];16,Phospho[S];	-1.000000	3.810541	0.060000	0.069975	-1.868678	-0.020000	-0.025787	0.8421052631578947	[0, 0, 0, 0, 0, 0, 0, 0, 0, 0, 0, 0, 0, 0, 0, 0, 0, 0, 1, 0, 0, 0, 0, 0, 0, 0]	[0, 0, 0, 1, 0]	LSSSDRYSDASDSDFSEPR	4,Phospho[S];8,Phospho[S];13,Phospho[S];	LSSSDRYSDASDDSYAEPR	4,Phospho[S];8,Phospho[S];13,Phospho[D];	LSSSDRYSDASDSDFSEPR	4,Phospho[S];8,Phospho[S];13,Phospho[S];
20150615_HepG2_Phos_control_70ug_1.16817.16817.2.6.dta	LSSSDRYSDASDDSFSEPR	8,Phospho[S];14,Phospho[S];18,Phospho[P];	-1.000000	2.362400	0.046667	0.041320	-1.223820	-0.006667	-0.018700	0.42105263157894735	[0, 0, 0, 0, 0, 0, 0, 0, 0, 0, 0, 0, 0, 0, 0, 0, 0, 0, 1, 0, 0, 0, 0, 0, 0, 0]	[0, 0, 0, 1, 0]	LSSSDRYSDASDDSFSEPR	9,Phospho[D];14,Phospho[S];18,Phospho[P];	LSSSDRYSEGSDDSFSEPR	9,Phospho[E];14,Phospho[S];18,Phospho[P];	LSSSDRYDSASDDSFSEPR	10,Phospho[A];14,Phospho[S];18,Phospho[P];
20150615_HepG2_Phos_control_70ug_1.16817.16817.2.6.dta	LSSSDRYSDASDDSFSEPR	8,Phospho[S];14,Phospho[S];18,Phospho[P];	-1.000000	2.362400	0.046667	0.041320	-0.828871	-0.013333	-0.009859	0.7368421052631579	[0, 0, 0, 0, 0, 0, 0, 0, 0, 0, 0, 0, 0, 0, 0, 0, 0, 0, 1, 0, 0, 0, 0, 0, 0, 0]	[0, 0, 0, 1, 0]	LSSSDRYSDASNNRSEPR	8,Phospho[S];13,Phospho[N];14,Phospho[R];17,Phospho[P];	LSSSDRYSDASDDSFSEPR	8,Phospho[S];12,Phospho[D];18,Phospho[P];	LSSSDRYSDASDDSFSEPR	8,Phospho[S];12,Phospho[D];18,Phospho[P];
20150615_HepG2_Phos_control_70ug_1.16817.16817.2.6.dta	LSSSDRYSDASDDSFSEPR	8,Phospho[S];14,Phospho[S];18,Phospho[P];	-1.000000	2.362400	0.046667	0.041320	-2.415758	-0.033333	-0.052950	0.9473684210526315	[0, 0, 0, 0, 0, 0, 0, 0, 0, 0, 0, 0, 0, 0, 0, 1, 0, 0, 0, 0, 0, 0, 0, 0, 0, 0]	[0, 0, 0, 1, 0]	LSSSDRYSDASDDSAYEPR	8,Phospho[S];14,Phospho[S];16,Phospho[Y];	LSSSDRYSDASDDSSFEPR	8,Phospho[S];14,Phospho[S];16,Phospho[F];	LSSSDRYSDASDDSFDTPR	8,Phospho[S];14,Phospho[S];15,Phospho[F];
20150615_HepG2_Phos_control_70ug_1.16817.16817.2.6.dta	LSSSDRYSDASDDSFSEPR	4,Phospho[S];13,Phospho[D];14,Phospho[S];	-1.000000	6.291423	0.093333	0.103383	0.000000	0.000000	0.000000	0.21052631578947367	[0, 0, 0, 0, 0, 0, 0, 0, 0, 0, 0, 0, 0, 0, 0, 0, 0, 0, 1, 0, 0, 0, 0, 0, 0, 0]	[0, 0, 0, 1, 0]	SSLSDRYSDASDDSFSEPR	2,Phospho[S];13,Phospho[D];14,Phospho[S];	SSLSDRYSDASDDSFSEPR	2,Phospho[S];13,Phospho[D];14,Phospho[S];	SSLSDRYSDASDDSFSEPR	2,Phospho[S];13,Phospho[D];14,Phospho[S];
20150615_HepG2_Phos_control_70ug_1.16817.16817.2.6.dta	LSSSDRYSDASDDSFSEPR	4,Phospho[S];13,Phospho[D];14,Phospho[S];	-1.000000	6.291423	0.093333	0.103383	-0.538788	-0.006667	-0.005398	0.6842105263157895	[0, 0, 0, 1, 0, 0, 0, 0, 0, 0, 0, 0, 0, 0, 0, 0, 0, 0, 0, 0, 0, 0, 0, 0, 0, 0]	[0, 0, 0, 1, 0]	LSSSDRYSDASDDSFSEPR	4,Phospho[S];10,Phospho[A];14,Phospho[S];	LSSSDRYSDSADDSFSEPR	4,Phospho[S];10,Phospho[S];14,Phospho[S];	LSSSDRYSDADSDSFSEPR	4,Phospho[S];11,Phospho[D];14,Phospho[S];
20150615_HepG2_Phos_control_70ug_1.16817.16817.2.6.dta	LSSSDRYSDASDDSFSEPR	4,Phospho[S];13,Phospho[D];14,Phospho[S];	-1.000000	6.291423	0.093333	0.103383	-0.029184	0.000000	-0.003745	0.7368421052631579	[0, 0, 0, 0, 0, 0, 0, 0, 0, 0, 0, 0, 0, 0, 0, 0, 0, 0, 1, 0, 0, 0, 0, 0, 0, 0]	[0, 0, 0, 1, 0]	LSSSDRYSDASDDAYSEPR	4,Phospho[S];12,Phospho[D];13,Phospho[D];	LSSSDRYSDASDDAYSEPR	4,Phospho[S];12,Phospho[D];13,Phospho[D];	LSSSDRYSDASDDAYSEPR	4,Phospho[S];12,Phospho[D];13,Phospho[D];
20150615_HepG2_Phos_control_70ug_1.16817.16817.2.6.dta	LSSSDRYSDASDDSFSEPR	4,Phospho[S];6,Phospho[R];8,Phospho[S];	-1.000000	6.184198	0.086667	0.105081	0.000000	0.000000	0.000000	0.21052631578947367	[0, 0, 0, 0, 0, 0, 0, 0, 0, 0, 0, 0, 0, 0, 0, 0, 0, 0, 1, 0, 0, 0, 0, 0, 0, 0]	[0, 0, 0, 1, 0]	SSLSDRYSDASDDSFSEPR	2,Phospho[S];6,Phospho[R];8,Phospho[S];	SSLSDRYSDASDDSFSEPR	2,Phospho[S];6,Phospho[R];8,Phospho[S];	SSLSDRYSDASDDSFSEPR	2,Phospho[S];6,Phospho[R];8,Phospho[S];
20150615_HepG2_Phos_control_70ug_1.16817.16817.2.6.dta	LSSSDRYSDASDDSFSEPR	4,Phospho[S];6,Phospho[R];8,Phospho[S];	-1.000000	6.184198	0.086667	0.105081	-0.379925	-0.006667	-0.002940	0.3157894736842105	[0, 0, 0, 0, 0, 0, 0, 0, 0, 0, 0, 0, 0, 0, 0, 0, 0, 1, 0, 0, 0, 0, 0, 0, 0, 0]	[0, 0, 0, 1, 0]	LSSSDDYSRASDDSFSEPR	4,Phospho[S];6,Phospho[D];9,Phospho[R];	LSSSDYDSRASDDSFSEPR	4,Phospho[S];6,Phospho[Y];9,Phospho[R];	LSSSDYDSRASDDSFSEPR	4,Phospho[S];6,Phospho[Y];8,Phospho[S];
20150615_HepG2_Phos_control_70ug_1.16817.16817.2.6.dta	LSSSDRYSDASDDSFSEPR	4,Phospho[S];6,Phospho[R];8,Phospho[S];	-1.000000	6.184198	0.086667	0.105081	-0.379925	-0.006667	-0.002940	0.42105263157894735	[0, 0, 0, 0, 0, 0, 0, 0, 0, 0, 0, 0, 0, 0, 0, 0, 0, 0, 1, 0, 0, 0, 0, 0, 0, 0]	[0, 0, 0, 1, 0]	LSSSDDYSRASDDSFSEPR	4,Phospho[S];6,Phospho[D];9,Phospho[R];	LSSSDYDSRASDDSFSEPR	4,Phospho[S];6,Phospho[Y];9,Phospho[R];	LSSSDYDSRASDDSFSEPR	4,Phospho[S];6,Phospho[Y];8,Phospho[S];
20150615_HepG2_Phos_control_70ug_1.16817.16817.2.6.dta	LSSSDRYSDASDDSFSEPR	8,Phospho[S];16,Phospho[S];17,Phospho[E];	-1.000000	3.796652	0.060000	0.079388	-1.233126	-0.013333	-0.018700	0.42105263157894735	[0, 0, 0, 0, 0, 0, 0, 0, 0, 0, 0, 0, 0, 0, 0, 0, 0, 0, 1, 0, 0, 0, 0, 0, 0, 0]	[0, 0, 0, 1, 0]	LSSSDRYSDASDDSFSEPR	9,Phospho[D];16,Phospho[S];17,Phospho[E];	LSSSDRYSEGSDDSFSEPR	10,Phospho[G];16,Phospho[S];17,Phospho[E];	LSSSDRYDSASDDSFSEPR	10,Phospho[A];16,Phospho[S];17,Phospho[E];
20150615_HepG2_Phos_control_70ug_1.16817.16817.2.6.dta	LSSSDRYSDASDDSFSEPR	8,Phospho[S];16,Phospho[S];17,Phospho[E];	-1.000000	3.796652	0.060000	0.079388	-1.079026	-0.020000	-0.014883	0.8421052631578947	[0, 0, 0, 0, 0, 0, 0, 0, 0, 0, 0, 0, 0, 0, 0, 0, 0, 0, 1, 0, 0, 0, 0, 0, 0, 0]	[0, 0, 0, 1, 0]	LSSSDRYSDASDDAYDTPR	8,Phospho[S];14,Phospho[A];15,Phospho[Y];	LSSSDRYSDASDDAYDTPR	8,Phospho[S];14,Phospho[A];15,Phospho[Y];	LSSSDRYSDASDDAYDTPR	8,Phospho[S];14,Phospho[A];15,Phospho[Y];
20150615_HepG2_Phos_control_70ug_1.16817.16817.2.6.dta	LSSSDRYSDASDDSFSEPR	8,Phospho[S];16,Phospho[S];17,Phospho[E];	-1.000000	3.796652	0.060000	0.079388	-1.079026	-0.020000	-0.014883	0.8947368421052632	[0, 0, 0, 0, 1, 0, 0, 0, 0, 0, 0, 0, 0, 0, 0, 0, 0, 0, 0, 0, 0, 0, 0, 0, 0, 0]	[0, 0, 0, 1, 0]	LSSSDRYSDASDDAYDTPR	8,Phospho[S];14,Phospho[A];15,Phospho[Y];	LSSSDRYSDASDDAYDTPR	8,Phospho[S];14,Phospho[A];15,Phospho[Y];	LSSSDRYSDASDDAYDTPR	8,Phospho[S];14,Phospho[A];15,Phospho[Y];
20150615_HepG2_Phos_control_70ug_1.16817.16817.2.6.dta	LSSSDRYSDASDDSFSEPR	4,Phospho[S];7,Phospho[Y];8,Phospho[S];	-1.000000	6.184198	0.086667	0.105081	0.000000	0.000000	0.000000	0.21052631578947367	[0, 0, 0, 0, 0, 0, 0, 0, 0, 0, 0, 0, 0, 0, 0, 0, 0, 0, 1, 0, 0, 0, 0, 0, 0, 0]	[0, 0, 0, 1, 0]	SSLSDRYSDASDDSFSEPR	2,Phospho[S];7,Phospho[Y];8,Phospho[S];	SSLSDRYSDASDDSFSEPR	2,Phospho[S];7,Phospho[Y];8,Phospho[S];	SSLSDRYSDASDDSFSEPR	2,Phospho[S];7,Phospho[Y];8,Phospho[S];
20150615_HepG2_Phos_control_70ug_1.16817.16817.2.6.dta	LSSSDRYSDASDDSFSEPR	4,Phospho[S];7,Phospho[Y];8,Phospho[S];	-1.000000	6.184198	0.086667	0.105081	-0.379925	-0.006667	-0.002940	0.3684210526315789	[0, 0, 0, 0, 0, 0, 0, 0, 0, 0, 0, 0, 0, 0, 0, 0, 0, 0, 0, 0, 0, 0, 0, 0, 1, 0]	[0, 0, 0, 1, 0]	LSSSDDYSRASDDSFSEPR	4,Phospho[S];6,Phospho[D];9,Phospho[R];	LSSSDYDSRASDDSFSEPR	4,Phospho[S];6,Phospho[Y];9,Phospho[R];	LSSSDYDSRASDDSFSEPR	4,Phospho[S];6,Phospho[Y];8,Phospho[S];
20150615_HepG2_Phos_control_70ug_1.16817.16817.2.6.dta	LSSSDRYSDASDDSFSEPR	4,Phospho[S];7,Phospho[Y];8,Phospho[S];	-1.000000	6.184198	0.086667	0.105081	-0.379925	-0.006667	-0.002940	0.42105263157894735	[0, 0, 0, 0, 0, 0, 0, 0, 0, 0, 0, 0, 0, 0, 0, 0, 0, 0, 1, 0, 0, 0, 0, 0, 0, 0]	[0, 0, 0, 1, 0]	LSSSDDYSRASDDSFSEPR	4,Phospho[S];6,Phospho[D];9,Phospho[R];	LSSSDYDSRASDDSFSEPR	4,Phospho[S];6,Phospho[Y];9,Phospho[R];	LSSSDYDSRASDDSFSEPR	4,Phospho[S];6,Phospho[Y];8,Phospho[S];
20150615_HepG2_Phos_control_70ug_1.16817.16817.2.6.dta	LSSSDRYSDASDDSFSEPR	11,Phospho[S];14,Phospho[S];18,Phospho[P];	-1.000000	4.095257	0.060000	0.069836	0.000000	0.000000	0.000000	0.5789473684210527	[0, 0, 0, 0, 0, 0, 0, 0, 0, 0, 0, 0, 0, 0, 0, 0, 0, 0, 1, 0, 0, 0, 0, 0, 0, 0]	[0, 0, 0, 1, 0]	LSSSDRYSDTGDDSFSEPR	11,Phospho[G];14,Phospho[S];18,Phospho[P];	LSSSDRYSDADSDSFSEPR	9,Phospho[D];14,Phospho[S];18,Phospho[P];	LSSSDRYSDTGDDSFSEPR	11,Phospho[G];14,Phospho[S];18,Phospho[P];
20150615_HepG2_Phos_control_70ug_1.16817.16817.2.6.dta	LSSSDRYSDASDDSFSEPR	11,Phospho[S];14,Phospho[S];18,Phospho[P];	-1.000000	4.095257	0.060000	0.069836	-0.499370	-0.006667	-0.005398	0.7368421052631579	[0, 0, 0, 0, 0, 0, 0, 0, 0, 0, 0, 0, 0, 0, 0, 0, 0, 0, 1, 0, 0, 0, 0, 0, 0, 0]	[0, 0, 0, 1, 0]	LSSSDRYSDASDDYASEPR	11,Phospho[S];13,Phospho[D];18,Phospho[P];	LSSSDRYSDASDDSFSEPR	11,Phospho[S];13,Phospho[D];18,Phospho[P];	LSSSDRYSDADSSDFSEPR	11,Phospho[D];12,Phospho[S];18,Phospho[P];
20150615_HepG2_Phos_control_70ug_1.16817.16817.2.6.dta	LSSSDRYSDASDDSFSEPR	11,Phospho[S];14,Phospho[S];18,Phospho[P];	-1.000000	4.095257	0.060000	0.069836	-2.447112	-0.033333	-0.052950	0.9473684210526315	[0, 0, 0, 0, 0, 0, 0, 0, 0, 0, 0, 0, 0, 0, 0, 1, 0, 0, 0, 0, 0, 0, 0, 0, 0, 0]	[0, 0, 0, 1, 0]	LSSSDRYSDASDDSAYEPR	11,Phospho[S];14,Phospho[S];16,Phospho[Y];	LSSSDRYSDASDDSSFEPR	11,Phospho[S];14,Phospho[S];16,Phospho[F];	LSSSDRYSDASDDSFDTPR	11,Phospho[S];14,Phospho[S];15,Phospho[F];
20150615_HepG2_Phos_control_70ug_1.16817.16817.2.6.dta	LSSSDRYSDASDDSFSEPR	4,Phospho[S];4,Phospho[S];14,Phospho[S];	-1.000000	6.180635	0.093333	0.100223	0.000000	0.000000	0.000000	0.21052631578947367	[0, 0, 0, 0, 0, 0, 0, 0, 0, 0, 0, 0, 0, 0, 0, 0, 0, 0, 1, 0, 0, 0, 0, 0, 0, 0]	[0, 0, 0, 1, 0]	SSLSDRYSDASDDSFSEPR	2,Phospho[S];14,Phospho[S];	SSLSDRYSDASDDSFSEPR	2,Phospho[S];14,Phospho[S];	SSLSDRYSDASDDSFSEPR	2,Phospho[S];14,Phospho[S];
20150615_HepG2_Phos_control_70ug_1.16817.16817.2.6.dta	LSSSDRYSDASDDSFSEPR	4,Phospho[S];4,Phospho[S];14,Phospho[S];	-1.000000	6.180635	0.093333	0.100223	0.000000	0.000000	0.000000	0.21052631578947367	[0, 0, 0, 0, 0, 0, 0, 0, 0, 0, 0, 0, 0, 0, 0, 0, 0, 0, 1, 0, 0, 0, 0, 0, 0, 0]	[0, 0, 0, 1, 0]	SSLSDRYSDASDDSFSEPR	2,Phospho[S];14,Phospho[S];	SSLSDRYSDASDDSFSEPR	2,Phospho[S];14,Phospho[S];	SSLSDRYSDASDDSFSEPR	2,Phospho[S];14,Phospho[S];
20150615_HepG2_Phos_control_70ug_1.16817.16817.2.6.dta	LSSSDRYSDASDDSFSEPR	4,Phospho[S];4,Phospho[S];14,Phospho[S];	-1.000000	6.180635	0.093333	0.100223	0.427900	0.006667	0.004461	0.7368421052631579	[0, 0, 0, 0, 0, 0, 0, 0, 0, 0, 0, 0, 0, 0, 0, 0, 0, 0, 1, 0, 0, 0, 0, 0, 0, 0]	[0, 0, 0, 1, 0]	LSSSDRYSDASDDYASEPR	4,Phospho[S];4,Phospho[S];13,Phospho[D];	LSSSDRYSDASDSDFSEPR	4,Phospho[S];4,Phospho[S];14,Phospho[D];	LSSSDRYSDASDSDFSEPR	4,Phospho[S];4,Phospho[S];14,Phospho[D];
20150615_HepG2_Phos_control_70ug_1.16817.16817.2.6.dta	LSSSDRYSDASDDSFSEPR	4,Phospho[S];4,Phospho[S];11,Phospho[S];	-1.000000	6.184198	0.086667	0.105081	0.000000	0.000000	0.000000	0.21052631578947367	[0, 0, 0, 0, 0, 0, 0, 0, 0, 0, 0, 0, 0, 0, 0, 0, 0, 0, 1, 0, 0, 0, 0, 0, 0, 0]	[0, 0, 0, 1, 0]	SSLSDRYSDASDDSFSEPR	2,Phospho[S];11,Phospho[S];	SSLSDRYSDASDDSFSEPR	2,Phospho[S];11,Phospho[S];	SSLSDRYSDASDDSFSEPR	2,Phospho[S];11,Phospho[S];
20150615_HepG2_Phos_control_70ug_1.16817.16817.2.6.dta	LSSSDRYSDASDDSFSEPR	4,Phospho[S];4,Phospho[S];11,Phospho[S];	-1.000000	6.184198	0.086667	0.105081	0.000000	0.000000	0.000000	0.21052631578947367	[0, 0, 0, 0, 0, 0, 0, 0, 0, 0, 0, 0, 0, 0, 0, 0, 0, 0, 1, 0, 0, 0, 0, 0, 0, 0]	[0, 0, 0, 1, 0]	SSLSDRYSDASDDSFSEPR	2,Phospho[S];11,Phospho[S];	SSLSDRYSDASDDSFSEPR	2,Phospho[S];11,Phospho[S];	SSLSDRYSDASDDSFSEPR	2,Phospho[S];11,Phospho[S];
20150615_HepG2_Phos_control_70ug_1.16817.16817.2.6.dta	LSSSDRYSDASDDSFSEPR	4,Phospho[S];4,Phospho[S];11,Phospho[S];	-1.000000	6.184198	0.086667	0.105081	-0.841173	-0.006667	-0.008855	0.5789473684210527	[0, 0, 0, 0, 0, 0, 0, 0, 0, 0, 0, 0, 0, 0, 0, 0, 0, 0, 1, 0, 0, 0, 0, 0, 0, 0]	[0, 0, 0, 1, 0]	LSSSDRYSPCGMDSFSEPR	4,Phospho[S];4,Phospho[S];9,Phospho[P];	LSSSDRYSPCGMDSFSEPR	4,Phospho[S];4,Phospho[S];9,Phospho[P];	LSSSDRYSDSADDSFSEPR	4,Phospho[S];4,Phospho[S];13,Phospho[D];
20150615_HepG2_Phos_control_70ug_1.16817.16817.2.6.dta	LSSSDRYSDASDDSFSEPR	11,Phospho[S];16,Phospho[S];17,Phospho[E];	-1.000000	5.554205	0.073333	0.107904	0.524427	0.000000	0.014316	0.5789473684210527	[0, 0, 0, 0, 0, 0, 0, 0, 0, 0, 0, 0, 0, 0, 0, 0, 0, 0, 1, 0, 0, 0, 0, 0, 0, 0]	[0, 0, 0, 1, 0]	LSSSDRYSDASDDSFSEPR	9,Phospho[D];16,Phospho[S];17,Phospho[E];	LSSSDRYSDASDDSFSEPR	9,Phospho[D];16,Phospho[S];17,Phospho[E];	LSSSDRYSDASDDSFSEPR	9,Phospho[D];16,Phospho[S];17,Phospho[E];
20150615_HepG2_Phos_control_70ug_1.16817.16817.2.6.dta	LSSSDRYSDASDDSFSEPR	11,Phospho[S];16,Phospho[S];17,Phospho[E];	-1.000000	5.554205	0.073333	0.107904	-1.091212	-0.020000	-0.014883	0.8421052631578947	[0, 0, 0, 0, 0, 0, 0, 0, 0, 0, 0, 0, 0, 0, 0, 0, 0, 0, 1, 0, 0, 0, 0, 0, 0, 0]	[0, 0, 0, 1, 0]	LSSSDRYSDASDDAYDTPR	11,Phospho[S];14,Phospho[A];15,Phospho[Y];	LSSSDRYSDASDDAYDTPR	11,Phospho[S];14,Phospho[A];15,Phospho[Y];	LSSSDRYSDASDDAYDTPR	11,Phospho[S];14,Phospho[A];15,Phospho[Y];
20150615_HepG2_Phos_control_70ug_1.16817.16817.2.6.dta	LSSSDRYSDASDDSFSEPR	11,Phospho[S];16,Phospho[S];17,Phospho[E];	-1.000000	5.554205	0.073333	0.107904	-1.091212	-0.020000	-0.014883	0.8947368421052632	[0, 0, 0, 0, 1, 0, 0, 0, 0, 0, 0, 0, 0, 0, 0, 0, 0, 0, 0, 0, 0, 0, 0, 0, 0, 0]	[0, 0, 0, 1, 0]	LSSSDRYSDASDDAYDTPR	11,Phospho[S];14,Phospho[A];15,Phospho[Y];	LSSSDRYSDASDDAYDTPR	11,Phospho[S];14,Phospho[A];15,Phospho[Y];	LSSSDRYSDASDDAYDTPR	11,Phospho[S];14,Phospho[A];15,Phospho[Y];
20150615_HepG2_Phos_control_70ug_1.16817.16817.2.6.dta	LSSSDRYSDASDDSFSEPR	4,Phospho[S];16,Phospho[S];16,Phospho[S];	-1.000000	3.435364	0.053333	0.068673	0.000000	0.000000	0.000000	0.21052631578947367	[0, 0, 0, 0, 0, 0, 0, 0, 0, 0, 0, 0, 0, 0, 0, 0, 0, 0, 1, 0, 0, 0, 0, 0, 0, 0]	[0, 0, 0, 1, 0]	SSLSDRYSDASDDSFSEPR	2,Phospho[S];16,Phospho[S];	SSLSDRYSDASDDSFSEPR	2,Phospho[S];16,Phospho[S];	SSLSDRYSDASDDSFSEPR	2,Phospho[S];16,Phospho[S];
20150615_HepG2_Phos_control_70ug_1.16817.16817.2.6.dta	LSSSDRYSDASDDSFSEPR	4,Phospho[S];16,Phospho[S];16,Phospho[S];	-1.000000	3.435364	0.053333	0.068673	-1.579298	-0.020000	-0.019344	0.8421052631578947	[0, 0, 0, 0, 0, 0, 0, 0, 0, 0, 0, 0, 0, 0, 0, 0, 0, 0, 1, 0, 0, 0, 0, 0, 0, 0]	[0, 0, 0, 1, 0]	LSSSDRYSDASDDSFSEPR	4,Phospho[S];13,Phospho[D];15,Phospho[F];	LSSSDRYSDASDGYESEPR	4,Phospho[S];13,Phospho[G];14,Phospho[Y];	LSSSDRYSDASDDFSSEPR	4,Phospho[S];13,Phospho[D];15,Phospho[S];
20150615_HepG2_Phos_control_70ug_1.16817.16817.2.6.dta	LSSSDRYSDASDDSFSEPR	4,Phospho[S];16,Phospho[S];16,Phospho[S];	-1.000000	3.435364	0.053333	0.068673	-1.579298	-0.020000	-0.019344	0.8421052631578947	[0, 0, 0, 0, 0, 0, 0, 0, 0, 0, 0, 0, 0, 0, 0, 0, 0, 0, 1, 0, 0, 0, 0, 0, 0, 0]	[0, 0, 0, 1, 0]	LSSSDRYSDASDDSFSEPR	4,Phospho[S];13,Phospho[D];15,Phospho[F];	LSSSDRYSDASDGYESEPR	4,Phospho[S];13,Phospho[G];14,Phospho[Y];	LSSSDRYSDASDDFSSEPR	4,Phospho[S];13,Phospho[D];15,Phospho[S];
20150615_HepG2_Phos_control_70ug_1.16817.16817.2.6.dta	LSSSDRYSDASDDSFSEPR	3,Phospho[S];4,Phospho[S];11,Phospho[S];	-1.000000	6.184198	0.086667	0.105081	0.014503	0.000000	0.000000	0.15789473684210525	[0, 0, 0, 0, 0, 0, 0, 0, 0, 0, 0, 0, 0, 0, 0, 0, 0, 0, 1, 0, 0, 0, 0, 0, 0, 0]	[0, 0, 0, 1, 0]	LSDSSRYSDASDDSFSEPR	5,Phospho[S];2,Phospho[S];11,Phospho[S];	SSLSDRYSDASDDSFSEPR	1,Phospho[S];2,Phospho[S];11,Phospho[S];	SSLSDRYSDASDDSFSEPR	1,Phospho[S];2,Phospho[S];11,Phospho[S];
20150615_HepG2_Phos_control_70ug_1.16817.16817.2.6.dta	LSSSDRYSDASDDSFSEPR	3,Phospho[S];4,Phospho[S];11,Phospho[S];	-1.000000	6.184198	0.086667	0.105081	0.014503	0.000000	0.000000	0.21052631578947367	[0, 0, 0, 0, 0, 0, 0, 0, 0, 0, 0, 0, 0, 0, 0, 0, 0, 0, 1, 0, 0, 0, 0, 0, 0, 0]	[0, 0, 0, 1, 0]	LSDSSRYSDASDDSFSEPR	5,Phospho[S];2,Phospho[S];11,Phospho[S];	SSLSDRYSDASDDSFSEPR	1,Phospho[S];2,Phospho[S];11,Phospho[S];	SSLSDRYSDASDDSFSEPR	1,Phospho[S];2,Phospho[S];11,Phospho[S];
20150615_HepG2_Phos_control_70ug_1.16817.16817.2.6.dta	LSSSDRYSDASDDSFSEPR	3,Phospho[S];4,Phospho[S];11,Phospho[S];	-1.000000	6.184198	0.086667	0.105081	-0.841173	-0.006667	-0.008855	0.5789473684210527	[0, 0, 0, 0, 0, 0, 0, 0, 0, 0, 0, 0, 0, 0, 0, 0, 0, 0, 1, 0, 0, 0, 0, 0, 0, 0]	[0, 0, 0, 1, 0]	LSSSDRYSPCGMDSFSEPR	3,Phospho[S];4,Phospho[S];9,Phospho[P];	LSSSDRYSPCGMDSFSEPR	3,Phospho[S];4,Phospho[S];9,Phospho[P];	LSSSDRYSDSADDSFSEPR	3,Phospho[S];4,Phospho[S];13,Phospho[D];
20150615_HepG2_Phos_control_70ug_1.16817.16817.2.6.dta	LSSSDRYSDASDDSFSEPR	4,Phospho[S];16,Phospho[S];19,Phospho[R];	-1.000000	1.077425	0.020000	0.017897	0.000000	0.000000	0.000000	0.21052631578947367	[0, 0, 0, 0, 0, 0, 0, 0, 0, 0, 0, 0, 0, 0, 0, 0, 0, 0, 1, 0, 0, 0, 0, 0, 0, 0]	[0, 0, 0, 1, 0]	SSLSDRYSDASDDSFSEPR	2,Phospho[S];16,Phospho[S];19,Phospho[R];	SSLSDRYSDASDDSFSEPR	2,Phospho[S];16,Phospho[S];19,Phospho[R];	SSLSDRYSDASDDSFSEPR	2,Phospho[S];16,Phospho[S];19,Phospho[R];
20150615_HepG2_Phos_control_70ug_1.16817.16817.2.6.dta	LSSSDRYSDASDDSFSEPR	4,Phospho[S];16,Phospho[S];19,Phospho[R];	-1.000000	1.077425	0.020000	0.017897	-1.382011	-0.013333	-0.035562	0.8421052631578947	[0, 0, 0, 0, 0, 0, 0, 0, 0, 0, 0, 0, 0, 0, 0, 0, 0, 0, 1, 0, 0, 0, 0, 0, 0, 0]	[0, 0, 0, 1, 0]	LSSSDRYSDASDDSFTDPR	4,Phospho[S];16,Phospho[T];17,Phospho[D];	LSSSDRYSDASDDSFTDPR	4,Phospho[S];16,Phospho[T];17,Phospho[D];	LSSSDRYSDASDDSFTDPR	4,Phospho[S];16,Phospho[T];17,Phospho[D];
20150615_HepG2_Phos_control_70ug_1.16817.16817.2.6.dta	LSSSDRYSDASDDSFSEPR	4,Phospho[S];16,Phospho[S];19,Phospho[R];	-1.000000	1.077425	0.020000	0.017897	-1.382011	-0.013333	-0.035562	1.0	[0, 0, 0, 0, 0, 0, 0, 0, 0, 0, 0, 0, 0, 0, 0, 0, 0, 1, 0, 0, 0, 0, 0, 0, 0, 0]	[0, 0, 0, 1, 0]	LSSSDRYSDASDDSFTDPR	4,Phospho[S];16,Phospho[T];17,Phospho[D];	LSSSDRYSDASDDSFTDPR	4,Phospho[S];16,Phospho[T];17,Phospho[D];	LSSSDRYSDASDDSFTDPR	4,Phospho[S];16,Phospho[T];17,Phospho[D];
20150615_HepG2_Phos_control_70ug_1.16817.16817.2.6.dta	LSSSDRYSDASDDSFSEPR	7,Phospho[Y];11,Phospho[S];15,Phospho[F];	-1.000000	6.595116	0.106667	0.110709	-1.211572	-0.020000	-0.018660	0.3684210526315789	[0, 0, 0, 0, 0, 0, 0, 0, 0, 0, 0, 0, 0, 0, 0, 0, 0, 0, 0, 0, 0, 0, 0, 0, 1, 0]	[0, 0, 0, 1, 0]	LSSSDRYSEGSDDSFSEPR	10,Phospho[G];11,Phospho[S];15,Phospho[F];	LSSSDRYSGESDDSFSEPR	9,Phospho[G];11,Phospho[S];15,Phospho[F];	LSSSDRYSEGSDDSFSEPR	9,Phospho[E];11,Phospho[S];15,Phospho[F];
20150615_HepG2_Phos_control_70ug_1.16817.16817.2.6.dta	LSSSDRYSDASDDSFSEPR	7,Phospho[Y];11,Phospho[S];15,Phospho[F];	-1.000000	6.595116	0.106667	0.110709	0.331250	0.006667	0.004384	0.5789473684210527	[0, 0, 0, 0, 0, 0, 0, 0, 0, 0, 0, 0, 0, 0, 0, 0, 0, 0, 1, 0, 0, 0, 0, 0, 0, 0]	[0, 0, 0, 1, 0]	LSSSDRYDSTGDDSFSEPR	7,Phospho[Y];10,Phospho[T];15,Phospho[F];	LSSSDRYDSSADDSFSEPR	7,Phospho[Y];11,Phospho[A];15,Phospho[F];	LSSSDRYDSSADDSFSEPR	7,Phospho[Y];11,Phospho[A];15,Phospho[F];
20150615_HepG2_Phos_control_70ug_1.16817.16817.2.6.dta	LSSSDRYSDASDDSFSEPR	7,Phospho[Y];11,Phospho[S];15,Phospho[F];	-1.000000	6.595116	0.106667	0.110709	-0.774715	0.000000	-0.010905	0.7894736842105263	[0, 0, 0, 0, 0, 1, 0, 0, 0, 0, 0, 0, 0, 0, 0, 0, 0, 0, 0, 0, 0, 0, 0, 0, 0, 0]	[0, 0, 0, 1, 0]	LSSSDRYSDASDSDFSEPR	7,Phospho[Y];11,Phospho[S];14,Phospho[D];	LSSSDRYSDASDDSSFEPR	7,Phospho[Y];11,Phospho[S];13,Phospho[D];	LSSSDRYSDASDSDFSEPR	7,Phospho[Y];11,Phospho[S];14,Phospho[D];
20150615_HepG2_Phos_control_70ug_1.16817.16817.2.6.dta	LSSSDRYSDASDDSFSEPR	7,Phospho[Y];8,Phospho[S];18,Phospho[P];	-1.000000	2.089409	0.040000	0.030530	-1.231865	-0.013333	-0.014200	0.3684210526315789	[0, 0, 0, 0, 0, 0, 0, 0, 0, 0, 0, 0, 0, 0, 0, 0, 0, 0, 0, 0, 0, 0, 0, 0, 1, 0]	[0, 0, 0, 1, 0]	LSSSDRSYADSDDSFSEPR	9,Phospho[A];10,Phospho[D];18,Phospho[P];	LSSSDRYSDASDDSFSEPR	8,Phospho[S];9,Phospho[D];18,Phospho[P];	LSSSDRSYEGSDDSFSEPR	9,Phospho[E];10,Phospho[G];18,Phospho[P];
20150615_HepG2_Phos_control_70ug_1.16817.16817.2.6.dta	LSSSDRYSDASDDSFSEPR	7,Phospho[Y];8,Phospho[S];18,Phospho[P];	-1.000000	2.089409	0.040000	0.030530	-1.231865	-0.013333	-0.014200	0.42105263157894735	[0, 0, 0, 0, 0, 0, 0, 0, 0, 0, 0, 0, 0, 0, 0, 0, 0, 0, 1, 0, 0, 0, 0, 0, 0, 0]	[0, 0, 0, 1, 0]	LSSSDRSYADSDDSFSEPR	9,Phospho[A];10,Phospho[D];18,Phospho[P];	LSSSDRYSDASDDSFSEPR	8,Phospho[S];9,Phospho[D];18,Phospho[P];	LSSSDRSYEGSDDSFSEPR	9,Phospho[E];10,Phospho[G];18,Phospho[P];
20150615_HepG2_Phos_control_70ug_1.16817.16817.2.6.dta	LSSSDRYSDASDDSFSEPR	7,Phospho[Y];8,Phospho[S];18,Phospho[P];	-1.000000	2.089409	0.040000	0.030530	-2.434043	-0.033333	-0.052950	0.9473684210526315	[0, 0, 0, 0, 0, 0, 0, 0, 0, 0, 0, 0, 0, 0, 0, 1, 0, 0, 0, 0, 0, 0, 0, 0, 0, 0]	[0, 0, 0, 1, 0]	LSSSDRYSDASDDSYAEPR	7,Phospho[Y];8,Phospho[S];15,Phospho[Y];	LSSSDRYSDASDDSAYEPR	7,Phospho[Y];8,Phospho[S];16,Phospho[Y];	LSSSDRYSDASDDSFDTPR	7,Phospho[Y];8,Phospho[S];15,Phospho[F];
20150615_HepG2_Phos_control_70ug_1.16817.16817.2.6.dta	LSSSDRYSDASDDSFSEPR	8,Phospho[S];14,Phospho[S];19,Phospho[R];	-1.000000	2.368187	0.053333	0.047202	-1.223846	-0.006667	-0.018700	0.42105263157894735	[0, 0, 0, 0, 0, 0, 0, 0, 0, 0, 0, 0, 0, 0, 0, 0, 0, 0, 1, 0, 0, 0, 0, 0, 0, 0]	[0, 0, 0, 1, 0]	LSSSDRYSDASDDSFSEPR	9,Phospho[D];14,Phospho[S];19,Phospho[R];	LSSSDRYSEGSDDSFSEPR	9,Phospho[E];14,Phospho[S];19,Phospho[R];	LSSSDRYDSASDDSFSEPR	10,Phospho[A];14,Phospho[S];19,Phospho[R];
20150615_HepG2_Phos_control_70ug_1.16817.16817.2.6.dta	LSSSDRYSDASDDSFSEPR	8,Phospho[S];14,Phospho[S];19,Phospho[R];	-1.000000	2.368187	0.053333	0.047202	-0.828489	-0.013333	-0.009859	0.7368421052631579	[0, 0, 0, 0, 0, 0, 0, 0, 0, 0, 0, 0, 0, 0, 0, 0, 0, 0, 1, 0, 0, 0, 0, 0, 0, 0]	[0, 0, 0, 1, 0]	LSSSDRYSDASNNRSEPR	8,Phospho[S];13,Phospho[N];14,Phospho[R];18,Phospho[R];	LSSSDRYSDASDDSFSEPR	8,Phospho[S];12,Phospho[D];19,Phospho[R];	LSSSDRYSDASDDSFSEPR	8,Phospho[S];12,Phospho[D];19,Phospho[R];
20150615_HepG2_Phos_control_70ug_1.16817.16817.2.6.dta	LSSSDRYSDASDDSFSEPR	8,Phospho[S];14,Phospho[S];19,Phospho[R];	-1.000000	2.368187	0.053333	0.047202	-1.428464	-0.006667	-0.032186	1.0	[0, 0, 0, 0, 0, 0, 0, 0, 0, 0, 0, 0, 0, 0, 0, 0, 0, 1, 0, 0, 0, 0, 0, 0, 0, 0]	[0, 0, 0, 1, 0]	LSSSDRYSDASDDSFDTRP	8,Phospho[S];14,Phospho[S];17,Phospho[T];	LSSSDRYSDASDDSFDTRP	8,Phospho[S];14,Phospho[S];17,Phospho[T];	LSSSDRYSDASDDSFDTRP	8,Phospho[S];14,Phospho[S];17,Phospho[T];
20150615_HepG2_Phos_control_70ug_1.16817.16817.2.6.dta	LSSSDRYSDASDDSFSEPR	7,Phospho[Y];14,Phospho[S];15,Phospho[F];	-1.000000	5.228911	0.086667	0.097392	-1.215045	-0.020000	-0.018660	0.3684210526315789	[0, 0, 0, 0, 0, 0, 0, 0, 0, 0, 0, 0, 0, 0, 0, 0, 0, 0, 0, 0, 0, 0, 0, 0, 1, 0]	[0, 0, 0, 1, 0]	LSSSDRYSEGSDDSFSEPR	10,Phospho[G];14,Phospho[S];15,Phospho[F];	LSSSDRYSGESDDSFSEPR	9,Phospho[G];14,Phospho[S];15,Phospho[F];	LSSSDRYSEGSDDSFSEPR	9,Phospho[E];14,Phospho[S];15,Phospho[F];
20150615_HepG2_Phos_control_70ug_1.16817.16817.2.6.dta	LSSSDRYSDASDDSFSEPR	7,Phospho[Y];14,Phospho[S];15,Phospho[F];	-1.000000	5.228911	0.086667	0.097392	-1.275369	-0.013333	-0.013317	0.7368421052631579	[0, 0, 0, 0, 0, 0, 0, 0, 0, 0, 0, 0, 0, 0, 0, 0, 0, 0, 1, 0, 0, 0, 0, 0, 0, 0]	[0, 0, 0, 1, 0]	LSSSDRYSDASDSDFSEPR	7,Phospho[Y];13,Phospho[S];14,Phospho[D];	LSSSDRYSDASDSDFSEPR	7,Phospho[Y];13,Phospho[S];14,Phospho[D];	LSSSDRYSDASDDSFSEPR	7,Phospho[Y];11,Phospho[S];15,Phospho[F];
20150615_HepG2_Phos_control_70ug_1.16817.16817.2.6.dta	LSSSDRYSDASDDSFSEPR	7,Phospho[Y];14,Phospho[S];15,Phospho[F];	-1.000000	5.228911	0.086667	0.097392	-0.951153	-0.013333	-0.009859	0.7894736842105263	[0, 0, 0, 0, 0, 1, 0, 0, 0, 0, 0, 0, 0, 0, 0, 0, 0, 0, 0, 0, 0, 0, 0, 0, 0, 0]	[0, 0, 0, 1, 0]	LSSSDRYSDASDDFSSEPR	7,Phospho[Y];12,Phospho[D];15,Phospho[S];	LSSSDRYSDASDSDFSEPR	7,Phospho[Y];13,Phospho[S];14,Phospho[D];	LSSSDRYSDASDDAYSEPR	7,Phospho[Y];12,Phospho[D];14,Phospho[A];
20150615_HepG2_Phos_control_70ug_1.16817.16817.2.6.dta	LSSSDRYSDASDDSFSEPR	6,Phospho[R];7,Phospho[Y];8,Phospho[S];	-1.000000	6.184198	0.086667	0.105081	-0.379925	-0.006667	-0.002940	0.3157894736842105	[0, 0, 0, 0, 0, 0, 0, 0, 0, 0, 0, 0, 0, 0, 0, 0, 0, 1, 0, 0, 0, 0, 0, 0, 0, 0]	[0, 0, 0, 1, 0]	LSSSDYDSRASDDSFSEPR	6,Phospho[Y];7,Phospho[D];8,Phospho[S];	LSSSDYDSRASDDSFSEPR	6,Phospho[Y];7,Phospho[D];8,Phospho[S];	LSSSDYDSRASDDSFSEPR	6,Phospho[Y];7,Phospho[D];8,Phospho[S];
20150615_HepG2_Phos_control_70ug_1.16817.16817.2.6.dta	LSSSDRYSDASDDSFSEPR	6,Phospho[R];7,Phospho[Y];8,Phospho[S];	-1.000000	6.184198	0.086667	0.105081	-0.379925	-0.006667	-0.002940	0.3684210526315789	[0, 0, 0, 0, 0, 0, 0, 0, 0, 0, 0, 0, 0, 0, 0, 0, 0, 0, 0, 0, 0, 0, 0, 0, 1, 0]	[0, 0, 0, 1, 0]	LSSSDYDSRASDDSFSEPR	6,Phospho[Y];7,Phospho[D];8,Phospho[S];	LSSSDYDSRASDDSFSEPR	6,Phospho[Y];7,Phospho[D];8,Phospho[S];	LSSSDYDSRASDDSFSEPR	6,Phospho[Y];7,Phospho[D];8,Phospho[S];
20150615_HepG2_Phos_control_70ug_1.16817.16817.2.6.dta	LSSSDRYSDASDDSFSEPR	6,Phospho[R];7,Phospho[Y];8,Phospho[S];	-1.000000	6.184198	0.086667	0.105081	-0.379925	-0.006667	-0.002940	0.42105263157894735	[0, 0, 0, 0, 0, 0, 0, 0, 0, 0, 0, 0, 0, 0, 0, 0, 0, 0, 1, 0, 0, 0, 0, 0, 0, 0]	[0, 0, 0, 1, 0]	LSSSDYDSRASDDSFSEPR	6,Phospho[Y];7,Phospho[D];8,Phospho[S];	LSSSDYDSRASDDSFSEPR	6,Phospho[Y];7,Phospho[D];8,Phospho[S];	LSSSDYDSRASDDSFSEPR	6,Phospho[Y];7,Phospho[D];8,Phospho[S];
20150615_HepG2_Phos_control_70ug_1.16817.16817.2.6.dta	LSSSDRYSDASDDSFSEPR	8,Phospho[S];16,Phospho[S];19,Phospho[R];	-1.000000	2.364061	0.046667	0.043825	-1.223785	-0.013333	-0.018700	0.42105263157894735	[0, 0, 0, 0, 0, 0, 0, 0, 0, 0, 0, 0, 0, 0, 0, 0, 0, 0, 1, 0, 0, 0, 0, 0, 0, 0]	[0, 0, 0, 1, 0]	LSSSDRYSDASDDSFSEPR	9,Phospho[D];16,Phospho[S];19,Phospho[R];	LSSSDRYSEGSDDSFSEPR	10,Phospho[G];16,Phospho[S];19,Phospho[R];	LSSSDRYDSASDDSFSEPR	10,Phospho[A];16,Phospho[S];19,Phospho[R];
20150615_HepG2_Phos_control_70ug_1.16817.16817.2.6.dta	LSSSDRYSDASDDSFSEPR	8,Phospho[S];16,Phospho[S];19,Phospho[R];	-1.000000	2.364061	0.046667	0.043825	-1.432591	-0.013333	-0.035562	0.8421052631578947	[0, 0, 0, 0, 0, 0, 0, 0, 0, 0, 0, 0, 0, 0, 0, 0, 0, 0, 1, 0, 0, 0, 0, 0, 0, 0]	[0, 0, 0, 1, 0]	LSSSDRYSDASDDSFTDPR	8,Phospho[S];16,Phospho[T];17,Phospho[D];	LSSSDRYSDASDDSFTDPR	8,Phospho[S];16,Phospho[T];17,Phospho[D];	LSSSDRYSDASDDSFTDPR	8,Phospho[S];16,Phospho[T];17,Phospho[D];
20150615_HepG2_Phos_control_70ug_1.16817.16817.2.6.dta	LSSSDRYSDASDDSFSEPR	8,Phospho[S];16,Phospho[S];19,Phospho[R];	-1.000000	2.364061	0.046667	0.043825	-1.432591	-0.013333	-0.035562	1.0	[0, 0, 0, 0, 0, 0, 0, 0, 0, 0, 0, 0, 0, 0, 0, 0, 0, 1, 0, 0, 0, 0, 0, 0, 0, 0]	[0, 0, 0, 1, 0]	LSSSDRYSDASDDSFTDPR	8,Phospho[S];16,Phospho[T];17,Phospho[D];	LSSSDRYSDASDDSFTDPR	8,Phospho[S];16,Phospho[T];17,Phospho[D];	LSSSDRYSDASDDSFTDPR	8,Phospho[S];16,Phospho[T];17,Phospho[D];
20150615_HepG2_Phos_control_70ug_1.16817.16817.2.6.dta	LSSSDRYSDASDDSFSEPR	7,Phospho[Y];7,Phospho[Y];8,Phospho[S];	-1.000000	6.892898	0.100000	0.118917	0.328775	0.006667	0.010896	0.3684210526315789	[0, 0, 0, 0, 0, 0, 0, 0, 0, 0, 0, 0, 0, 0, 0, 0, 0, 0, 0, 0, 0, 0, 0, 0, 1, 0]	[0, 0, 0, 1, 0]	LSSSDYDSRASDDSFSEPR	6,Phospho[Y];7,Phospho[D];8,Phospho[S];	LSSSDYDSRASDDSFSEPR	6,Phospho[Y];7,Phospho[D];8,Phospho[S];	LSSSDYDSRASDDSFSEPR	6,Phospho[Y];7,Phospho[D];8,Phospho[S];
20150615_HepG2_Phos_control_70ug_1.16817.16817.2.6.dta	LSSSDRYSDASDDSFSEPR	7,Phospho[Y];7,Phospho[Y];8,Phospho[S];	-1.000000	6.892898	0.100000	0.118917	0.328775	0.006667	0.010896	0.3684210526315789	[0, 0, 0, 0, 0, 0, 0, 0, 0, 0, 0, 0, 0, 0, 0, 0, 0, 0, 0, 0, 0, 0, 0, 0, 1, 0]	[0, 0, 0, 1, 0]	LSSSDYDSRASDDSFSEPR	6,Phospho[Y];7,Phospho[D];8,Phospho[S];	LSSSDYDSRASDDSFSEPR	6,Phospho[Y];7,Phospho[D];8,Phospho[S];	LSSSDYDSRASDDSFSEPR	6,Phospho[Y];7,Phospho[D];8,Phospho[S];
20150615_HepG2_Phos_control_70ug_1.16817.16817.2.6.dta	LSSSDRYSDASDDSFSEPR	7,Phospho[Y];7,Phospho[Y];8,Phospho[S];	-1.000000	6.892898	0.100000	0.118917	0.328775	0.006667	0.010896	0.42105263157894735	[0, 0, 0, 0, 0, 0, 0, 0, 0, 0, 0, 0, 0, 0, 0, 0, 0, 0, 1, 0, 0, 0, 0, 0, 0, 0]	[0, 0, 0, 1, 0]	LSSSDYDSRASDDSFSEPR	6,Phospho[Y];7,Phospho[D];8,Phospho[S];	LSSSDYDSRASDDSFSEPR	6,Phospho[Y];7,Phospho[D];8,Phospho[S];	LSSSDYDSRASDDSFSEPR	6,Phospho[Y];7,Phospho[D];8,Phospho[S];
20150615_HepG2_Phos_control_70ug_1.16817.16817.2.6.dta	LSSSDRYSDASDDSFSEPR	7,Phospho[Y];7,Phospho[Y];11,Phospho[S];	-1.000000	6.892898	0.100000	0.118917	-1.233101	-0.013333	-0.014200	0.3684210526315789	[0, 0, 0, 0, 0, 0, 0, 0, 0, 0, 0, 0, 0, 0, 0, 0, 0, 0, 0, 0, 0, 0, 0, 0, 1, 0]	[0, 0, 0, 1, 0]	LSSSDRSYADSDDSFSEPR	9,Phospho[A];10,Phospho[D];11,Phospho[S];	LSSSDRYSDASDDSFSEPR	8,Phospho[S];9,Phospho[D];11,Phospho[S];	LSSSDRSYADSDDSFSEPR	9,Phospho[A];10,Phospho[D];11,Phospho[S];
20150615_HepG2_Phos_control_70ug_1.16817.16817.2.6.dta	LSSSDRYSDASDDSFSEPR	7,Phospho[Y];7,Phospho[Y];11,Phospho[S];	-1.000000	6.892898	0.100000	0.118917	-1.233101	-0.013333	-0.014200	0.3684210526315789	[0, 0, 0, 0, 0, 0, 0, 0, 0, 0, 0, 0, 0, 0, 0, 0, 0, 0, 0, 0, 0, 0, 0, 0, 1, 0]	[0, 0, 0, 1, 0]	LSSSDRSYADSDDSFSEPR	9,Phospho[A];10,Phospho[D];11,Phospho[S];	LSSSDRYSDASDDSFSEPR	8,Phospho[S];9,Phospho[D];11,Phospho[S];	LSSSDRSYADSDDSFSEPR	9,Phospho[A];10,Phospho[D];11,Phospho[S];
20150615_HepG2_Phos_control_70ug_1.16817.16817.2.6.dta	LSSSDRYSDASDDSFSEPR	7,Phospho[Y];7,Phospho[Y];11,Phospho[S];	-1.000000	6.892898	0.100000	0.118917	-0.839864	-0.006667	-0.008855	0.5789473684210527	[0, 0, 0, 0, 0, 0, 0, 0, 0, 0, 0, 0, 0, 0, 0, 0, 0, 0, 1, 0, 0, 0, 0, 0, 0, 0]	[0, 0, 0, 1, 0]	LSSSDRYSPCGMDSFSEPR	7,Phospho[Y];7,Phospho[Y];9,Phospho[P];	LSSSDRYSPCGMDSFSEPR	7,Phospho[Y];7,Phospho[Y];9,Phospho[P];	LSSSDRYSDSADDSFSEPR	7,Phospho[Y];7,Phospho[Y];13,Phospho[D];
20150615_HepG2_Phos_control_70ug_1.16817.16817.2.6.dta	LSSSDRYSDASDDSFSEPR	7,Phospho[Y];16,Phospho[S];18,Phospho[P];	-1.000000	1.753671	0.026667	0.025851	-1.172048	-0.020000	-0.018660	0.3684210526315789	[0, 0, 0, 0, 0, 0, 0, 0, 0, 0, 0, 0, 0, 0, 0, 0, 0, 0, 0, 0, 0, 0, 0, 0, 1, 0]	[0, 0, 0, 1, 0]	LSSSDRYSEGSDDSFSEPR	9,Phospho[E];16,Phospho[S];18,Phospho[P];	LSSSDRSYDASDDSFSEPR	10,Phospho[A];16,Phospho[S];18,Phospho[P];	LSSSDRYSEGSDDSFSEPR	9,Phospho[E];16,Phospho[S];18,Phospho[P];
20150615_HepG2_Phos_control_70ug_1.16817.16817.2.6.dta	LSSSDRYSDASDDSFSEPR	7,Phospho[Y];16,Phospho[S];18,Phospho[P];	-1.000000	1.753671	0.026667	0.025851	-1.417817	-0.020000	-0.041444	0.8421052631578947	[0, 0, 0, 0, 0, 0, 0, 0, 0, 0, 0, 0, 0, 0, 0, 0, 0, 0, 1, 0, 0, 0, 0, 0, 0, 0]	[0, 0, 0, 1, 0]	LSSSDRYSDASDDSFTDPR	7,Phospho[Y];16,Phospho[T];17,Phospho[D];	LSSSDRYSDASDDSFESPR	7,Phospho[Y];16,Phospho[E];17,Phospho[S];	LSSSDRYSDASDDSFTDRP	7,Phospho[Y];16,Phospho[T];17,Phospho[D];
20150615_HepG2_Phos_control_70ug_1.16817.16817.2.6.dta	LSSSDRYSDASDDSFSEPR	7,Phospho[Y];16,Phospho[S];18,Phospho[P];	-1.000000	1.753671	0.026667	0.025851	-1.417817	-0.020000	-0.041444	0.9473684210526315	[0, 0, 0, 0, 0, 0, 0, 0, 0, 0, 0, 0, 0, 0, 0, 1, 0, 0, 0, 0, 0, 0, 0, 0, 0, 0]	[0, 0, 0, 1, 0]	LSSSDRYSDASDDSFTDRP	7,Phospho[Y];16,Phospho[T];17,Phospho[D];	LSSSDRYSDASDDSFDTPR	7,Phospho[Y];16,Phospho[D];17,Phospho[T];	LSSSDRYSDASDDSFDTPR	7,Phospho[Y];16,Phospho[D];17,Phospho[T];
20150615_HepG2_Phos_control_70ug_1.16817.16817.2.6.dta	LSSSDRYSDASDDSFSEPR	7,Phospho[Y];10,Phospho[A];11,Phospho[S];	-1.000000	7.540712	0.106667	0.126548	-0.635842	-0.013333	-0.012092	0.3684210526315789	[0, 0, 0, 0, 0, 0, 0, 0, 0, 0, 0, 0, 0, 0, 0, 0, 0, 0, 0, 0, 0, 0, 0, 0, 1, 0]	[0, 0, 0, 1, 0]	LSSSDRYSDASDDSFSEPR	8,Phospho[S];10,Phospho[A];11,Phospho[S];	LSSSDRYSDASDDSFSEPR	8,Phospho[S];10,Phospho[A];11,Phospho[S];	LSSSDRYSDASDDSFSEPR	8,Phospho[S];10,Phospho[A];11,Phospho[S];
20150615_HepG2_Phos_control_70ug_1.16817.16817.2.6.dta	LSSSDRYSDASDDSFSEPR	7,Phospho[Y];10,Phospho[A];11,Phospho[S];	-1.000000	7.540712	0.106667	0.126548	-0.853257	-0.013333	-0.008855	0.5263157894736842	[1, 0, 0, 0, 0, 0, 0, 0, 0, 0, 0, 0, 0, 0, 0, 0, 0, 0, 0, 0, 0, 0, 0, 0, 0, 0]	[0, 0, 0, 1, 0]	LSSSDRYSDTGDDSFSEPR	7,Phospho[Y];11,Phospho[G];13,Phospho[D];	LSSSDRYSDTGDDSFSEPR	7,Phospho[Y];11,Phospho[G];13,Phospho[D];	LSSSDRYSDGTDDSFSEPR	7,Phospho[Y];10,Phospho[G];13,Phospho[D];
20150615_HepG2_Phos_control_70ug_1.16817.16817.2.6.dta	LSSSDRYSDASDDSFSEPR	7,Phospho[Y];10,Phospho[A];11,Phospho[S];	-1.000000	7.540712	0.106667	0.126548	-0.763687	-0.013333	-0.008855	0.5789473684210527	[0, 0, 0, 0, 0, 0, 0, 0, 0, 0, 0, 0, 0, 0, 0, 0, 0, 0, 1, 0, 0, 0, 0, 0, 0, 0]	[0, 0, 0, 1, 0]	LSSSDRYSDADSDSFSEPR	7,Phospho[Y];12,Phospho[S];13,Phospho[D];	LSSSDRYSDASDDSFSEPR	7,Phospho[Y];12,Phospho[D];13,Phospho[D];	LSSSDRYSDGTDDSFSEPR	7,Phospho[Y];11,Phospho[T];13,Phospho[D];
20150615_HepG2_Phos_control_70ug_1.16817.16817.2.6.dta	LSSSDRYSDASDDSFSEPR	7,Phospho[Y];7,Phospho[Y];16,Phospho[S];	-1.000000	4.523452	0.073333	0.083811	-1.235538	-0.013333	-0.014200	0.3684210526315789	[0, 0, 0, 0, 0, 0, 0, 0, 0, 0, 0, 0, 0, 0, 0, 0, 0, 0, 0, 0, 0, 0, 0, 0, 1, 0]	[0, 0, 0, 1, 0]	LSSSDRSYEGSDDSFSEPR	9,Phospho[E];10,Phospho[G];16,Phospho[S];	LSSSDRYSDASDDSFSEPR	8,Phospho[S];9,Phospho[D];16,Phospho[S];	LSSSDRSYADSDDSFSEPR	9,Phospho[A];10,Phospho[D];16,Phospho[S];
20150615_HepG2_Phos_control_70ug_1.16817.16817.2.6.dta	LSSSDRYSDASDDSFSEPR	7,Phospho[Y];7,Phospho[Y];16,Phospho[S];	-1.000000	4.523452	0.073333	0.083811	-1.235538	-0.013333	-0.014200	0.3684210526315789	[0, 0, 0, 0, 0, 0, 0, 0, 0, 0, 0, 0, 0, 0, 0, 0, 0, 0, 0, 0, 0, 0, 0, 0, 1, 0]	[0, 0, 0, 1, 0]	LSSSDRSYEGSDDSFSEPR	9,Phospho[E];10,Phospho[G];16,Phospho[S];	LSSSDRYSDASDDSFSEPR	8,Phospho[S];9,Phospho[D];16,Phospho[S];	LSSSDRSYADSDDSFSEPR	9,Phospho[A];10,Phospho[D];16,Phospho[S];
20150615_HepG2_Phos_control_70ug_1.16817.16817.2.6.dta	LSSSDRYSDASDDSFSEPR	7,Phospho[Y];7,Phospho[Y];16,Phospho[S];	-1.000000	4.523452	0.073333	0.083811	-1.867058	-0.020000	-0.025787	0.8421052631578947	[0, 0, 0, 0, 0, 0, 0, 0, 0, 0, 0, 0, 0, 0, 0, 0, 0, 0, 1, 0, 0, 0, 0, 0, 0, 0]	[0, 0, 0, 1, 0]	LSSSDRYSDASDSDFSEPR	7,Phospho[Y];7,Phospho[Y];13,Phospho[S];	LSSSDRYSDASDDSYAEPR	7,Phospho[Y];7,Phospho[Y];13,Phospho[D];	LSSSDRYSDASDSDFSEPR	7,Phospho[Y];7,Phospho[Y];13,Phospho[S];
20150615_HepG2_Phos_control_70ug_1.16817.16817.2.6.dta	LSSSDRYSDASDDSFSEPR	4,Phospho[S];7,Phospho[Y];14,Phospho[S];	-1.000000	6.180635	0.093333	0.100223	0.000000	0.000000	0.000000	0.21052631578947367	[0, 0, 0, 0, 0, 0, 0, 0, 0, 0, 0, 0, 0, 0, 0, 0, 0, 0, 1, 0, 0, 0, 0, 0, 0, 0]	[0, 0, 0, 1, 0]	SSLSDRYSDASDDSFSEPR	2,Phospho[S];7,Phospho[Y];14,Phospho[S];	SSLSDRYSDASDDSFSEPR	2,Phospho[S];7,Phospho[Y];14,Phospho[S];	SSLSDRYSDASDDSFSEPR	2,Phospho[S];7,Phospho[Y];14,Phospho[S];
20150615_HepG2_Phos_control_70ug_1.16817.16817.2.6.dta	LSSSDRYSDASDDSFSEPR	4,Phospho[S];7,Phospho[Y];14,Phospho[S];	-1.000000	6.180635	0.093333	0.100223	-0.377590	-0.006667	-0.002940	0.3684210526315789	[0, 0, 0, 0, 0, 0, 0, 0, 0, 0, 0, 0, 0, 0, 0, 0, 0, 0, 0, 0, 0, 0, 0, 0, 1, 0]	[0, 0, 0, 1, 0]	LSSSDYDSRASDDSFSEPR	4,Phospho[S];6,Phospho[Y];14,Phospho[S];	LSSSDYDSRASDDSFSEPR	4,Phospho[S];6,Phospho[Y];14,Phospho[S];	LSSSDYDSRASDDSFSEPR	4,Phospho[S];6,Phospho[Y];14,Phospho[S];
20150615_HepG2_Phos_control_70ug_1.16817.16817.2.6.dta	LSSSDRYSDASDDSFSEPR	4,Phospho[S];7,Phospho[Y];14,Phospho[S];	-1.000000	6.180635	0.093333	0.100223	0.427900	0.006667	0.004461	0.7368421052631579	[0, 0, 0, 0, 0, 0, 0, 0, 0, 0, 0, 0, 0, 0, 0, 0, 0, 0, 1, 0, 0, 0, 0, 0, 0, 0]	[0, 0, 0, 1, 0]	LSSSDRYSDASDDYASEPR	4,Phospho[S];7,Phospho[Y];13,Phospho[D];	LSSSDRYSDASDSDFSEPR	4,Phospho[S];7,Phospho[Y];14,Phospho[D];	LSSSDRYSDASDSDFSEPR	4,Phospho[S];7,Phospho[Y];14,Phospho[D];
20150615_HepG2_Phos_control_70ug_1.16817.16817.2.6.dta	LSSSDRYSDASDDSFSEPR	11,Phospho[S];14,Phospho[S];19,Phospho[R];	-1.000000	4.101044	0.066667	0.075718	0.000000	0.000000	0.000000	0.5789473684210527	[0, 0, 0, 0, 0, 0, 0, 0, 0, 0, 0, 0, 0, 0, 0, 0, 0, 0, 1, 0, 0, 0, 0, 0, 0, 0]	[0, 0, 0, 1, 0]	LSSSDRYSDGTDDSFSEPR	11,Phospho[T];14,Phospho[S];19,Phospho[R];	LSSSDRYSDADSDSFSEPR	9,Phospho[D];14,Phospho[S];19,Phospho[R];	LSSSDRYSDTGDDSFSEPR	11,Phospho[G];14,Phospho[S];19,Phospho[R];
20150615_HepG2_Phos_control_70ug_1.16817.16817.2.6.dta	LSSSDRYSDASDDSFSEPR	11,Phospho[S];14,Phospho[S];19,Phospho[R];	-1.000000	4.101044	0.066667	0.075718	-0.499357	-0.006667	-0.005398	0.7368421052631579	[0, 0, 0, 0, 0, 0, 0, 0, 0, 0, 0, 0, 0, 0, 0, 0, 0, 0, 1, 0, 0, 0, 0, 0, 0, 0]	[0, 0, 0, 1, 0]	LSSSDRYSDASDDYASEPR	11,Phospho[S];13,Phospho[D];19,Phospho[R];	LSSSDRYSDASDDSFSEPR	11,Phospho[S];13,Phospho[D];19,Phospho[R];	LSSSDRYSDADSSDFSEPR	11,Phospho[D];12,Phospho[S];19,Phospho[R];
20150615_HepG2_Phos_control_70ug_1.16817.16817.2.6.dta	LSSSDRYSDASDDSFSEPR	11,Phospho[S];14,Phospho[S];19,Phospho[R];	-1.000000	4.101044	0.066667	0.075718	-1.453161	-0.006667	-0.032186	1.0	[0, 0, 0, 0, 0, 0, 0, 0, 0, 0, 0, 0, 0, 0, 0, 0, 0, 1, 0, 0, 0, 0, 0, 0, 0, 0]	[0, 0, 0, 1, 0]	LSSSDRYSDASDDSFDTRP	11,Phospho[S];14,Phospho[S];17,Phospho[T];	LSSSDRYSDASDDSFDTRP	11,Phospho[S];14,Phospho[S];17,Phospho[T];	LSSSDRYSDASDDSFDTRP	11,Phospho[S];14,Phospho[S];17,Phospho[T];
20150615_HepG2_Phos_control_70ug_1.16817.16817.2.6.dta	LSSSDRYSDASDDSFSEPR	2,Phospho[S];8,Phospho[S];11,Phospho[S];	-1.000000	6.184198	0.086667	0.105081	0.014503	0.000000	0.000000	0.10526315789473684	[0, 0, 0, 0, 0, 0, 0, 0, 0, 0, 0, 0, 0, 0, 0, 0, 0, 0, 1, 0, 0, 0, 0, 0, 0, 0]	[0, 0, 0, 1, 0]	LSDSSRYSDASDDSFSEPR	4,Phospho[S];8,Phospho[S];11,Phospho[S];	SSLSDRYSDASDDSFSEPR	4,Phospho[S];8,Phospho[S];11,Phospho[S];	SSLSDRYSDASDDSFSEPR	4,Phospho[S];8,Phospho[S];11,Phospho[S];
20150615_HepG2_Phos_control_70ug_1.16817.16817.2.6.dta	LSSSDRYSDASDDSFSEPR	2,Phospho[S];8,Phospho[S];11,Phospho[S];	-1.000000	6.184198	0.086667	0.105081	-0.379925	-0.006667	-0.002940	0.42105263157894735	[0, 0, 0, 0, 0, 0, 0, 0, 0, 0, 0, 0, 0, 0, 0, 0, 0, 0, 1, 0, 0, 0, 0, 0, 0, 0]	[0, 0, 0, 1, 0]	LSSSDYDSRASDDSFSEPR	2,Phospho[S];7,Phospho[D];11,Phospho[S];	LSSSDRYDSSADDSFSEPR	2,Phospho[S];10,Phospho[S];11,Phospho[A];	LSSSDDYRSASDDSFSEPR	2,Phospho[S];6,Phospho[D];11,Phospho[S];
20150615_HepG2_Phos_control_70ug_1.16817.16817.2.6.dta	LSSSDRYSDASDDSFSEPR	2,Phospho[S];8,Phospho[S];11,Phospho[S];	-1.000000	6.184198	0.086667	0.105081	-0.841173	-0.006667	-0.008855	0.5789473684210527	[0, 0, 0, 0, 0, 0, 0, 0, 0, 0, 0, 0, 0, 0, 0, 0, 0, 0, 1, 0, 0, 0, 0, 0, 0, 0]	[0, 0, 0, 1, 0]	LSSSDRYSCPMGDSFSEPR	2,Phospho[S];8,Phospho[S];9,Phospho[C];	LSSSDRYDSGTDDSFSEPR	2,Phospho[S];10,Phospho[G];11,Phospho[T];	LSSSDRYSDSADDSFSEPR	2,Phospho[S];8,Phospho[S];13,Phospho[D];
20150615_HepG2_Phos_control_70ug_1.16817.16817.2.6.dta	LSSSDRYSDASDDSFSEPR	5,Phospho[D];8,Phospho[S];16,Phospho[S];	-1.000000	3.810541	0.060000	0.069975	-0.505040	-0.006667	-0.004603	0.2631578947368421	[0, 0, 0, 1, 0, 0, 0, 0, 0, 0, 0, 0, 0, 0, 0, 0, 0, 0, 0, 0, 0, 0, 0, 0, 0, 0]	[0, 0, 0, 1, 0]	LSSSSRDYDASDDSFSEPR	7,Phospho[D];8,Phospho[Y];16,Phospho[S];	LSSSSRYDDASDDSFSEPR	7,Phospho[Y];8,Phospho[D];16,Phospho[S];	LSSSSRYDDASDDSFSEPR	7,Phospho[Y];8,Phospho[D];16,Phospho[S];
20150615_HepG2_Phos_control_70ug_1.16817.16817.2.6.dta	LSSSDRYSDASDDSFSEPR	5,Phospho[D];8,Phospho[S];16,Phospho[S];	-1.000000	3.810541	0.060000	0.069975	-0.652818	-0.006667	-0.007632	0.42105263157894735	[0, 0, 0, 0, 0, 0, 0, 0, 0, 0, 0, 0, 0, 0, 0, 0, 0, 0, 1, 0, 0, 0, 0, 0, 0, 0]	[0, 0, 0, 1, 0]	LSSSDRYDSSADDSFSEPR	5,Phospho[D];11,Phospho[A];16,Phospho[S];	LSSSDRYDSSADDSFSEPR	5,Phospho[D];11,Phospho[A];16,Phospho[S];	LSSSDRYDSSADDSFSEPR	5,Phospho[D];11,Phospho[A];16,Phospho[S];
20150615_HepG2_Phos_control_70ug_1.16817.16817.2.6.dta	LSSSDRYSDASDDSFSEPR	5,Phospho[D];8,Phospho[S];16,Phospho[S];	-1.000000	3.810541	0.060000	0.069975	-1.868678	-0.020000	-0.025787	0.8421052631578947	[0, 0, 0, 0, 0, 0, 0, 0, 0, 0, 0, 0, 0, 0, 0, 0, 0, 0, 1, 0, 0, 0, 0, 0, 0, 0]	[0, 0, 0, 1, 0]	LSSSDRYSDASDSDFSEPR	5,Phospho[D];8,Phospho[S];13,Phospho[S];	LSSSDRYSDASDDSYAEPR	5,Phospho[D];8,Phospho[S];13,Phospho[D];	LSSSDRYSDASDSDFSEPR	5,Phospho[D];8,Phospho[S];13,Phospho[S];
20150615_HepG2_Phos_control_70ug_1.16817.16817.2.6.dta	LSSSDRYSDASDDSFSEPR	8,Phospho[S];9,Phospho[D];11,Phospho[S];	-1.000000	7.529079	0.113333	0.131009	-0.647475	-0.006667	-0.007632	0.42105263157894735	[0, 0, 0, 0, 0, 0, 0, 0, 0, 0, 0, 0, 0, 0, 0, 0, 0, 0, 1, 0, 0, 0, 0, 0, 0, 0]	[0, 0, 0, 1, 0]	LSSSDRYDSASDDSFSEPR	9,Phospho[S];10,Phospho[A];11,Phospho[S];	LSSSDRYDSSADDSFSEPR	8,Phospho[D];10,Phospho[S];11,Phospho[A];	LSSSDRYDSASDDSFSEPR	9,Phospho[S];10,Phospho[A];11,Phospho[S];
20150615_HepG2_Phos_control_70ug_1.16817.16817.2.6.dta	LSSSDRYSDASDDSFSEPR	8,Phospho[S];9,Phospho[D];11,Phospho[S];	-1.000000	7.529079	0.113333	0.131009	-1.072599	-0.013333	-0.011089	0.47368421052631576	[0, 0, 0, 1, 0, 0, 0, 0, 0, 0, 0, 0, 0, 0, 0, 0, 0, 0, 0, 0, 0, 0, 0, 0, 0, 0]	[0, 0, 0, 1, 0]	LSSSDRYSDASDDSFSEPR	8,Phospho[S];10,Phospho[A];12,Phospho[D];	LSSSDRYSDTGDDSFSEPR	8,Phospho[S];10,Phospho[T];12,Phospho[D];	LSSSDRYSDASDDSFSEPR	8,Phospho[S];10,Phospho[A];12,Phospho[D];
20150615_HepG2_Phos_control_70ug_1.16817.16817.2.6.dta	LSSSDRYSDASDDSFSEPR	8,Phospho[S];9,Phospho[D];11,Phospho[S];	-1.000000	7.529079	0.113333	0.131009	-1.072599	-0.013333	-0.011089	0.5789473684210527	[0, 0, 0, 0, 0, 0, 0, 0, 0, 0, 0, 0, 0, 0, 0, 0, 0, 0, 1, 0, 0, 0, 0, 0, 0, 0]	[0, 0, 0, 1, 0]	LSSSDRYSDGTDDSFSEPR	8,Phospho[S];10,Phospho[G];12,Phospho[D];	LSSSDRYSDASDDSFSEPR	8,Phospho[S];10,Phospho[A];12,Phospho[D];	LSSSDRYSDASDDSFSEPR	8,Phospho[S];10,Phospho[A];12,Phospho[D];
20150615_HepG2_Phos_control_70ug_1.16817.16817.2.6.dta	LSSSDRYSDASDDSFSEPR	1,Phospho[L];14,Phospho[S];16,Phospho[S];	-1.000000	3.435364	0.053333	0.068673	-0.007190	-0.006667	-0.010163	0.05263157894736842	[0, 0, 0, 0, 0, 0, 0, 0, 0, 0, 0, 1, 0, 0, 0, 0, 0, 0, 0, 0, 0, 0, 0, 0, 0, 0]	[0, 0, 0, 1, 0]	SSLSDRYSDASDDSFSEPR	3,Phospho[L];14,Phospho[S];16,Phospho[S];	SSLSDRYSDASDDSFSEPR	3,Phospho[L];14,Phospho[S];16,Phospho[S];	SSLSDRYSDASDDSFSEPR	3,Phospho[L];14,Phospho[S];16,Phospho[S];
20150615_HepG2_Phos_control_70ug_1.16817.16817.2.6.dta	LSSSDRYSDASDDSFSEPR	1,Phospho[L];14,Phospho[S];16,Phospho[S];	-1.000000	3.435364	0.053333	0.068673	-1.579298	-0.020000	-0.019344	0.7368421052631579	[0, 0, 0, 0, 0, 0, 0, 0, 0, 0, 0, 0, 0, 0, 0, 0, 0, 0, 1, 0, 0, 0, 0, 0, 0, 0]	[0, 0, 0, 1, 0]	LSSSDRYSDASDDSFSEPR	1,Phospho[L];13,Phospho[D];15,Phospho[F];	LSSSDRYSDASDDSFSEPR	1,Phospho[L];11,Phospho[S];16,Phospho[S];	LSSSDRYSDASDDFSSEPR	1,Phospho[L];13,Phospho[D];15,Phospho[S];
20150615_HepG2_Phos_control_70ug_1.16817.16817.2.6.dta	LSSSDRYSDASDDSFSEPR	1,Phospho[L];14,Phospho[S];16,Phospho[S];	-1.000000	3.435364	0.053333	0.068673	-1.579298	-0.020000	-0.019344	0.8421052631578947	[0, 0, 0, 0, 0, 0, 0, 0, 0, 0, 0, 0, 0, 0, 0, 0, 0, 0, 1, 0, 0, 0, 0, 0, 0, 0]	[0, 0, 0, 1, 0]	LSSSDRYSDASDDSFSEPR	1,Phospho[L];13,Phospho[D];15,Phospho[F];	LSSSDRYSDASDGYESEPR	1,Phospho[L];13,Phospho[G];14,Phospho[Y];	LSSSDRYSDASDDFSSEPR	1,Phospho[L];13,Phospho[D];15,Phospho[S];
20150615_HepG2_Phos_control_70ug_1.16817.16817.2.6.dta	LSSSDRYSDASDDSFSEPR	8,Phospho[S];8,Phospho[S];16,Phospho[S];	-1.000000	5.157100	0.086667	0.095903	-1.887980	-0.020000	-0.021831	0.42105263157894735	[0, 0, 0, 0, 0, 0, 0, 0, 0, 0, 0, 0, 0, 0, 0, 0, 0, 0, 1, 0, 0, 0, 0, 0, 0, 0]	[0, 0, 0, 1, 0]	LSSSDRYSDGTDDSFSEPR	9,Phospho[D];11,Phospho[T];16,Phospho[S];	LSSSDRYSDSADDSFSEPR	9,Phospho[D];11,Phospho[A];16,Phospho[S];	LSSSDRYSDTGDDSFSEPR	9,Phospho[D];10,Phospho[T];16,Phospho[S];
20150615_HepG2_Phos_control_70ug_1.16817.16817.2.6.dta	LSSSDRYSDASDDSFSEPR	8,Phospho[S];8,Phospho[S];16,Phospho[S];	-1.000000	5.157100	0.086667	0.095903	-1.887980	-0.020000	-0.021831	0.42105263157894735	[0, 0, 0, 0, 0, 0, 0, 0, 0, 0, 0, 0, 0, 0, 0, 0, 0, 0, 1, 0, 0, 0, 0, 0, 0, 0]	[0, 0, 0, 1, 0]	LSSSDRYSDGTDDSFSEPR	9,Phospho[D];11,Phospho[T];16,Phospho[S];	LSSSDRYSDSADDSFSEPR	9,Phospho[D];11,Phospho[A];16,Phospho[S];	LSSSDRYSDTGDDSFSEPR	9,Phospho[D];10,Phospho[T];16,Phospho[S];
20150615_HepG2_Phos_control_70ug_1.16817.16817.2.6.dta	LSSSDRYSDASDDSFSEPR	8,Phospho[S];8,Phospho[S];16,Phospho[S];	-1.000000	5.157100	0.086667	0.095903	-1.868582	-0.020000	-0.025787	0.8421052631578947	[0, 0, 0, 0, 0, 0, 0, 0, 0, 0, 0, 0, 0, 0, 0, 0, 0, 0, 1, 0, 0, 0, 0, 0, 0, 0]	[0, 0, 0, 1, 0]	LSSSDRYSDASDSDFSEPR	8,Phospho[S];8,Phospho[S];13,Phospho[S];	LSSSDRYSDASDDSYAEPR	8,Phospho[S];8,Phospho[S];13,Phospho[D];	LSSSDRYSDASDSDFSEPR	8,Phospho[S];8,Phospho[S];13,Phospho[S];
20150615_HepG2_Phos_control_70ug_1.16817.16817.2.6.dta	LSSSDRYSDASDDSFSEPR	5,Phospho[D];14,Phospho[S];16,Phospho[S];	-1.000000	3.435364	0.053333	0.068673	-0.713652	-0.013333	-0.009706	0.2631578947368421	[0, 0, 0, 1, 0, 0, 0, 0, 0, 0, 0, 0, 0, 0, 0, 0, 0, 0, 0, 0, 0, 0, 0, 0, 0, 0]	[0, 0, 0, 1, 0]	LSSSRDYSDASDDSFSEPR	7,Phospho[Y];14,Phospho[S];16,Phospho[S];	LSSSRSYDDASDDSFSEPR	8,Phospho[D];14,Phospho[S];16,Phospho[S];	LSSSRSYDDASDDSFSEPR	8,Phospho[D];14,Phospho[S];16,Phospho[S];
20150615_HepG2_Phos_control_70ug_1.16817.16817.2.6.dta	LSSSDRYSDASDDSFSEPR	5,Phospho[D];14,Phospho[S];16,Phospho[S];	-1.000000	3.435364	0.053333	0.068673	-1.579298	-0.020000	-0.019344	0.7368421052631579	[0, 0, 0, 0, 0, 0, 0, 0, 0, 0, 0, 0, 0, 0, 0, 0, 0, 0, 1, 0, 0, 0, 0, 0, 0, 0]	[0, 0, 0, 1, 0]	LSSSDRYSDASDDSFSEPR	5,Phospho[D];13,Phospho[D];15,Phospho[F];	LSSSDRYSDASDDSFSEPR	5,Phospho[D];11,Phospho[S];16,Phospho[S];	LSSSDRYSDASDDFSSEPR	5,Phospho[D];13,Phospho[D];15,Phospho[S];
20150615_HepG2_Phos_control_70ug_1.16817.16817.2.6.dta	LSSSDRYSDASDDSFSEPR	5,Phospho[D];14,Phospho[S];16,Phospho[S];	-1.000000	3.435364	0.053333	0.068673	-1.579298	-0.020000	-0.019344	0.8421052631578947	[0, 0, 0, 0, 0, 0, 0, 0, 0, 0, 0, 0, 0, 0, 0, 0, 0, 0, 1, 0, 0, 0, 0, 0, 0, 0]	[0, 0, 0, 1, 0]	LSSSDRYSDASDDSFSEPR	5,Phospho[D];13,Phospho[D];15,Phospho[F];	LSSSDRYSDASDGYESEPR	5,Phospho[D];13,Phospho[G];14,Phospho[Y];	LSSSDRYSDASDDFSSEPR	5,Phospho[D];13,Phospho[D];15,Phospho[S];
20150615_HepG2_Phos_control_70ug_1.16817.16817.2.6.dta	LSSSDRYSDASDDSFSEPR	4,Phospho[S];11,Phospho[S];14,Phospho[S];	-1.000000	7.154067	0.106667	0.112239	0.000000	0.000000	0.000000	0.21052631578947367	[0, 0, 0, 0, 0, 0, 0, 0, 0, 0, 0, 0, 0, 0, 0, 0, 0, 0, 1, 0, 0, 0, 0, 0, 0, 0]	[0, 0, 0, 1, 0]	SSLSDRYSDASDDSFSEPR	2,Phospho[S];11,Phospho[S];14,Phospho[S];	SSLSDRYSDASDDSFSEPR	2,Phospho[S];11,Phospho[S];14,Phospho[S];	SSLSDRYSDASDDSFSEPR	2,Phospho[S];11,Phospho[S];14,Phospho[S];
20150615_HepG2_Phos_control_70ug_1.16817.16817.2.6.dta	LSSSDRYSDASDDSFSEPR	4,Phospho[S];11,Phospho[S];14,Phospho[S];	-1.000000	7.154067	0.106667	0.112239	0.323856	0.006667	0.004384	0.5789473684210527	[0, 0, 0, 0, 0, 0, 0, 0, 0, 0, 0, 0, 0, 0, 0, 0, 0, 0, 1, 0, 0, 0, 0, 0, 0, 0]	[0, 0, 0, 1, 0]	LSSSDRYSDASDDSFSEPR	4,Phospho[S];10,Phospho[A];14,Phospho[S];	LSSSDRYSDTGDDSFSEPR	4,Phospho[S];11,Phospho[G];14,Phospho[S];	LSSSDRYSDTGDDSFSEPR	4,Phospho[S];11,Phospho[G];14,Phospho[S];
20150615_HepG2_Phos_control_70ug_1.16817.16817.2.6.dta	LSSSDRYSDASDDSFSEPR	4,Phospho[S];11,Phospho[S];14,Phospho[S];	-1.000000	7.154067	0.106667	0.112239	0.418382	0.006667	0.004461	0.7368421052631579	[0, 0, 0, 0, 0, 0, 0, 0, 0, 0, 0, 0, 0, 0, 0, 0, 0, 0, 1, 0, 0, 0, 0, 0, 0, 0]	[0, 0, 0, 1, 0]	LSSSDRYSDASDDFSSEPR	4,Phospho[S];11,Phospho[S];13,Phospho[D];	LSSSDRYSDASDDYASEPR	4,Phospho[S];11,Phospho[S];13,Phospho[D];	LSSSDRYSDASDSDFSEPR	4,Phospho[S];11,Phospho[S];14,Phospho[D];
20150615_HepG2_Phos_control_70ug_1.17180.17180.3.5.dta	ERHPSWRSEETQER	5,Phospho[S];8,Phospho[S];	1.000000	7.672752	0.106667	0.116897	0.346389	0.000000	-0.001588	0.35714285714285715	[0, 0, 0, 0, 0, 0, 0, 0, 0, 0, 0, 0, 0, 0, 0, 0, 0, 0, 1, 0, 0, 0, 0, 0, 0, 0]	[0, 0, 1, 0, 0]	ERHPEIHHEETQER	6,Phospho[I];8,Phospho[H];	ERHPLEHHEETQER	5,Phospho[L];8,Phospho[H];	ERHPLEHHEETQER	5,Phospho[L];7,Phospho[H];
20150615_HepG2_Phos_control_70ug_1.17180.17180.3.5.dta	ERHPSWRSEETQER	5,Phospho[S];8,Phospho[S];	1.000000	7.672752	0.106667	0.116897	0.346389	0.000000	-0.011110	0.5714285714285714	[0, 0, 0, 0, 0, 0, 0, 0, 0, 0, 0, 0, 0, 0, 0, 0, 0, 0, 1, 0, 0, 0, 0, 0, 0, 0]	[0, 0, 1, 0, 0]	ERHPEIHHEETQER	6,Phospho[I];7,Phospho[H];	ERHPSRWSEETQER	5,Phospho[S];6,Phospho[R];	ERHPSRWSEETQER	5,Phospho[S];6,Phospho[R];
20150615_HepG2_Phos_control_70ug_1.17180.17180.3.5.dta	ERHPSWRSEETQER	5,Phospho[S];11,Phospho[T];	0.000000	4.514276	0.073333	0.076110	0.207322	0.000000	-0.001588	0.35714285714285715	[0, 0, 0, 0, 0, 0, 0, 0, 0, 0, 0, 0, 0, 0, 0, 0, 0, 0, 1, 0, 0, 0, 0, 0, 0, 0]	[0, 0, 1, 0, 0]	ERHPEHLHEETQER	7,Phospho[L];11,Phospho[T];	ERHPLEHHEETQER	5,Phospho[L];11,Phospho[T];	ERHPLEHHEETQER	5,Phospho[L];11,Phospho[T];
20150615_HepG2_Phos_control_70ug_1.17180.17180.3.5.dta	ERHPSWRSEETQER	5,Phospho[S];11,Phospho[T];	0.000000	4.514276	0.073333	0.076110	-1.796524	-0.020000	-0.025544	0.7857142857142857	[0, 0, 0, 0, 0, 0, 0, 0, 0, 0, 0, 0, 0, 0, 0, 0, 0, 0, 0, 1, 0, 0, 0, 0, 0, 0]	[0, 0, 1, 0, 0]	ERHPSWRSEETAGER	5,Phospho[S];9,Phospho[E];	ERHPSWRESETQER	5,Phospho[S];9,Phospho[S];	ERHPSWRDTETQER	5,Phospho[S];9,Phospho[T];
20150615_HepG2_Phos_control_70ug_1.17180.17180.3.5.dta	ERHPSWRSEETQER	8,Phospho[S];11,Phospho[T];	0.000000	4.791168	0.073333	0.081287	-1.262149	-0.013333	-0.025544	0.5714285714285714	[0, 0, 0, 0, 0, 0, 0, 0, 0, 0, 0, 0, 0, 0, 0, 0, 0, 0, 1, 0, 0, 0, 0, 0, 0, 0]	[0, 0, 1, 0, 0]	ERHPSWRDTTEQER	8,Phospho[D];9,Phospho[T];	ERHPSWRTEDTQER	9,Phospho[E];10,Phospho[D];	ERHPSWRDTETQER	8,Phospho[D];9,Phospho[T];
20150615_HepG2_Phos_control_70ug_1.17180.17180.3.5.dta	ERHPSWRSEETQER	8,Phospho[S];11,Phospho[T];	0.000000	4.791168	0.073333	0.081287	-1.496011	-0.020000	-0.017536	0.7857142857142857	[0, 0, 0, 0, 0, 0, 0, 0, 0, 0, 0, 0, 0, 0, 0, 0, 0, 0, 0, 1, 0, 0, 0, 0, 0, 0]	[0, 0, 1, 0, 0]	ERHPSWRTEDTQER	9,Phospho[E];10,Phospho[D];	ERHPSWRDTETQER	8,Phospho[D];9,Phospho[T];	ERHPSWRMAMPQER	8,Phospho[M];9,Phospho[A];10,Oxidation[M];
20150615_HepG2_Phos_control_70ug_1.17180.17180.3.5.dta	ERHPSWRSEETQER	8,Phospho[S];13,Phospho[E];	-1.000000	4.339717	0.066667	0.077348	-0.816005	-0.020000	-0.016115	0.5714285714285714	[0, 0, 0, 0, 0, 0, 0, 0, 0, 0, 0, 0, 0, 0, 0, 0, 0, 0, 1, 0, 0, 0, 0, 0, 0, 0]	[0, 0, 1, 0, 0]	ERHPSWRETSEQER	9,Phospho[T];13,Phospho[E];	ERHPSWRMPSMQER	11,Phospho[M];13,Phospho[E];	ERHPSWRMPSMQER	11,Phospho[M];13,Phospho[E];
20150615_HepG2_Phos_control_70ug_1.17180.17180.3.5.dta	ERHPSWRSEETQER	8,Phospho[S];13,Phospho[E];	-1.000000	4.339717	0.066667	0.077348	-0.451451	-0.006667	-0.003940	0.9285714285714286	[0, 0, 0, 0, 1, 0, 0, 0, 0, 0, 0, 0, 0, 0, 0, 0, 0, 0, 0, 0, 0, 0, 0, 0, 0, 0]	[0, 0, 1, 0, 0]	ERHPSWRSEETQRE	8,Phospho[S];11,Phospho[T];	ERHPSWRSEETQRE	8,Phospho[S];11,Phospho[T];	ERHPSWRSEETQRE	8,Phospho[S];11,Phospho[T];
20150615_HepG2_Phos_control_70ug_1.17180.17180.3.5.dta	ERHPSWRSEETQER	1,Phospho[E];5,Phospho[S];	-1.000000	7.322462	0.086667	0.098776	-0.932169	-0.006667	-0.004489	0.07142857142857142	[0, 0, 0, 0, 1, 0, 0, 0, 0, 0, 0, 0, 0, 0, 0, 0, 0, 0, 0, 0, 0, 0, 0, 0, 0, 0]	[0, 0, 1, 0, 0]	PHRESWRSEETQER	3,Phospho[R];5,Phospho[S];	HPRESWRSEETQER	3,Phospho[R];5,Phospho[S];	EPHRSWRSEETQER	3,Phospho[H];5,Phospho[S];
20150615_HepG2_Phos_control_70ug_1.17180.17180.3.5.dta	ERHPSWRSEETQER	1,Phospho[E];5,Phospho[S];	-1.000000	7.322462	0.086667	0.098776	0.005667	0.006667	0.006152	0.35714285714285715	[0, 0, 0, 0, 0, 0, 0, 0, 0, 0, 0, 0, 0, 0, 0, 0, 0, 0, 1, 0, 0, 0, 0, 0, 0, 0]	[0, 0, 1, 0, 0]	ERHSPRWSEETQER	1,Phospho[E];4,Phospho[S];	ERHSPRWSEETQER	1,Phospho[E];4,Phospho[S];	ERHSPRWSEETQER	1,Phospho[E];4,Phospho[S];
20150615_HepG2_Phos_control_70ug_1.17180.17180.3.5.dta	ERHPSWRSEETQER	10,Phospho[E];11,Phospho[T];	-1.000000	4.791168	0.073333	0.081287	-1.496011	-0.013333	-0.026591	0.7142857142857143	[0, 0, 0, 0, 1, 0, 0, 0, 0, 0, 0, 0, 0, 0, 0, 0, 0, 0, 0, 0, 0, 0, 0, 0, 0, 0]	[0, 0, 1, 0, 0]	ERHPSWRETDTQER	8,Phospho[E];10,Phospho[D];	ERHPSWRETDTQER	9,Phospho[T];10,Phospho[D];	ERHPSWRCVMPQER	8,Phospho[C];9,Phospho[V];10,Oxidation[M];
20150615_HepG2_Phos_control_70ug_1.17180.17180.3.5.dta	ERHPSWRSEETQER	10,Phospho[E];11,Phospho[T];	-1.000000	4.791168	0.073333	0.081287	-1.496011	-0.020000	-0.016227	0.7857142857142857	[0, 0, 0, 0, 0, 0, 0, 0, 0, 0, 0, 0, 0, 0, 0, 0, 0, 0, 0, 1, 0, 0, 0, 0, 0, 0]	[0, 0, 1, 0, 0]	ERHPSWRETDTQER	8,Phospho[E];10,Phospho[D];	ERHPSWRSEETQER	8,Phospho[S];9,Phospho[E];	ERHPSWRSETEQER	8,Phospho[S];9,Phospho[E];
20150615_HepG2_Phos_control_70ug_1.17180.17180.3.5.dta	ERHPSWRSEETQER	5,Phospho[S];5,Phospho[S];	-1.000000	9.296714	0.120000	0.140542	1.296377	0.026667	0.027120	0.35714285714285715	[0, 0, 0, 0, 0, 0, 0, 0, 0, 0, 0, 0, 0, 0, 0, 0, 0, 0, 1, 0, 0, 0, 0, 0, 0, 0]	[0, 0, 1, 0, 0]	ERSHPWRSEETQER	4,Phospho[H];5,Phospho[P];	ERSHPWRSEETQER	4,Phospho[H];5,Phospho[P];	ERSHPWRSEETQER	4,Phospho[H];5,Phospho[P];
20150615_HepG2_Phos_control_70ug_1.17180.17180.3.5.dta	ERHPSWRSEETQER	5,Phospho[S];5,Phospho[S];	-1.000000	9.296714	0.120000	0.140542	1.296377	0.026667	0.027120	0.35714285714285715	[0, 0, 0, 0, 0, 0, 0, 0, 0, 0, 0, 0, 0, 0, 0, 0, 0, 0, 1, 0, 0, 0, 0, 0, 0, 0]	[0, 0, 1, 0, 0]	ERSHPWRSEETQER	4,Phospho[H];5,Phospho[P];	ERSHPWRSEETQER	4,Phospho[H];5,Phospho[P];	ERSHPWRSEETQER	4,Phospho[H];5,Phospho[P];
20150615_HepG2_Phos_control_70ug_1.17180.17180.3.5.dta	ERHPSWRSEETQER	3,Phospho[H];11,Phospho[T];	-1.000000	3.213810	0.046667	0.048990	-0.611191	-0.006667	-0.000170	0.21428571428571427	[0, 0, 0, 0, 0, 0, 0, 1, 0, 0, 0, 0, 0, 0, 0, 0, 0, 0, 0, 0, 0, 0, 0, 0, 0, 0]	[0, 0, 1, 0, 0]	EHRSPWRSEETQER	5,Phospho[P];11,Phospho[T];	EHRSPWRSEETQER	5,Phospho[P];11,Phospho[T];	EHRPSWRSEETQER	4,Phospho[P];11,Phospho[T];
20150615_HepG2_Phos_control_70ug_1.17180.17180.3.5.dta	ERHPSWRSEETQER	3,Phospho[H];11,Phospho[T];	-1.000000	3.213810	0.046667	0.048990	-1.824041	-0.020000	-0.025544	0.7857142857142857	[0, 0, 0, 0, 0, 0, 0, 0, 0, 0, 0, 0, 0, 0, 0, 0, 0, 0, 0, 1, 0, 0, 0, 0, 0, 0]	[0, 0, 1, 0, 0]	ERHPSWRSEETAGER	3,Phospho[H];9,Phospho[E];	ERHPSWRESETQER	3,Phospho[H];9,Phospho[S];	ERHPSWRESETQER	3,Phospho[H];9,Phospho[S];
20150615_HepG2_Phos_control_70ug_1.17180.17180.3.5.dta	ERHPSWRSEETQER	5,Phospho[S];8,Phospho[S];	-1.000000	7.672752	0.106667	0.116897	0.346389	0.000000	-0.001588	0.35714285714285715	[0, 0, 0, 0, 0, 0, 0, 0, 0, 0, 0, 0, 0, 0, 0, 0, 0, 0, 1, 0, 0, 0, 0, 0, 0, 0]	[0, 0, 1, 0, 0]	ERHPEIHHEETQER	6,Phospho[I];8,Phospho[H];	ERHPLEHHEETQER	5,Phospho[L];8,Phospho[H];	ERHPLEHHEETQER	5,Phospho[L];7,Phospho[H];
20150615_HepG2_Phos_control_70ug_1.17180.17180.3.5.dta	ERHPSWRSEETQER	5,Phospho[S];8,Phospho[S];	-1.000000	7.672752	0.106667	0.116897	0.346389	0.000000	-0.011110	0.5714285714285714	[0, 0, 0, 0, 0, 0, 0, 0, 0, 0, 0, 0, 0, 0, 0, 0, 0, 0, 1, 0, 0, 0, 0, 0, 0, 0]	[0, 0, 1, 0, 0]	ERHPEIHHEETQER	6,Phospho[I];7,Phospho[H];	ERHPSRWSEETQER	5,Phospho[S];6,Phospho[R];	ERHPSRWSEETQER	5,Phospho[S];6,Phospho[R];
20150615_HepG2_Phos_control_70ug_1.17282.17282.2.3.dta	SRSFDYNYR	1,Phospho[S];3,Phospho[S];	1.000000	6.947232	0.113333	0.134594	1.879305	0.020000	0.018079	0.1111111111111111	[0, 0, 0, 0, 0, 0, 0, 0, 0, 0, 0, 0, 0, 0, 0, 0, 0, 0, 1, 0, 0, 0, 0, 0, 0, 0]	[0, 1, 0, 0, 0]	SRFSDYNYR	3,Phospho[F];4,Phospho[S];	RSSFDYNYR	3,Phospho[S];4,Phospho[F];	RSSFDYNYR	3,Phospho[S];4,Phospho[F];
20150615_HepG2_Phos_control_70ug_1.17282.17282.2.3.dta	SRSFDYNYR	1,Phospho[S];3,Phospho[S];	1.000000	6.947232	0.113333	0.134594	1.366593	0.013333	0.018079	0.3333333333333333	[0, 0, 0, 0, 0, 0, 0, 0, 0, 0, 0, 0, 0, 0, 0, 0, 0, 0, 1, 0, 0, 0, 0, 0, 0, 0]	[0, 1, 0, 0, 0]	SRYADYNYR	1,Phospho[S];3,Phospho[Y];	SRAYDYNYR	1,Phospho[S];4,Phospho[Y];	SRAYDYNYR	3,Phospho[A];4,Phospho[Y];
20150615_HepG2_Phos_control_70ug_1.17282.17282.2.3.dta	SRSFDYNYR	1,Phospho[S];6,Phospho[Y];	0.000000	3.350612	0.073333	0.067862	0.536311	0.013333	0.002828	0.1111111111111111	[0, 0, 0, 0, 0, 0, 0, 0, 0, 0, 0, 0, 0, 0, 0, 0, 0, 0, 1, 0, 0, 0, 0, 0, 0, 0]	[0, 1, 0, 0, 0]	RSYADYNYR	3,Phospho[Y];6,Phospho[Y];	RSFSDYNYR	4,Phospho[S];6,Phospho[Y];	RSFSDYNYR	4,Phospho[S];6,Phospho[Y];
20150615_HepG2_Phos_control_70ug_1.17282.17282.2.3.dta	SRSFDYNYR	1,Phospho[S];6,Phospho[Y];	0.000000	3.350612	0.073333	0.067862	-2.230027	-0.020000	-0.036286	0.6666666666666666	[0, 0, 0, 0, 0, 0, 0, 0, 0, 0, 0, 0, 0, 0, 0, 0, 0, 0, 0, 0, 0, 0, 0, 0, 1, 0]	[0, 1, 0, 0, 0]	SRFSDYNYR	1,Phospho[S];3,Phospho[F];	SRSDFYNYR	1,Phospho[S];3,Phospho[S];	SRSFYDNYR	1,Phospho[S];3,Phospho[S];
20150615_HepG2_Phos_control_70ug_1.17282.17282.2.3.dta	SRSFDYNYR	1,Phospho[S];8,Phospho[Y];	0.000000	1.847807	0.046667	0.030495	0.543316	0.013333	0.009414	0.1111111111111111	[0, 0, 0, 0, 0, 0, 0, 0, 0, 0, 0, 0, 0, 0, 0, 0, 0, 0, 1, 0, 0, 0, 0, 0, 0, 0]	[0, 1, 0, 0, 0]	RSYADYNYR	2,Phospho[S];8,Phospho[Y];	RSYADYNYR	2,Phospho[S];8,Phospho[Y];	RSYADYNYR	2,Phospho[S];8,Phospho[Y];
20150615_HepG2_Phos_control_70ug_1.17282.17282.2.3.dta	SRSFDYNYR	1,Phospho[S];8,Phospho[Y];	0.000000	1.847807	0.046667	0.030495	-1.502805	-0.026667	-0.037367	0.8888888888888888	[0, 0, 0, 0, 0, 0, 0, 0, 0, 0, 0, 0, 0, 0, 0, 0, 0, 0, 0, 0, 0, 0, 0, 0, 1, 0]	[0, 1, 0, 0, 0]	SRSFDYNYR	1,Phospho[S];6,Phospho[Y];	SRSFYDGGYR	1,Phospho[S];5,Phospho[Y];	SRSFYDGGYR	1,Phospho[S];5,Phospho[Y];
20150615_HepG2_Phos_control_70ug_1.17282.17282.2.3.dta	SRSFDYNYR	3,Phospho[S];6,Phospho[Y];	0.000000	2.818587	0.066667	0.068153	-0.526597	0.000000	0.003118	0.3333333333333333	[0, 0, 0, 0, 0, 0, 0, 0, 0, 0, 0, 0, 0, 0, 0, 0, 0, 0, 1, 0, 0, 0, 0, 0, 0, 0]	[0, 1, 0, 0, 0]	SRFSDYNYR	1,Phospho[S];6,Phospho[Y];	RSYADYNYR	1,Phospho[R];6,Phospho[Y];	SRYADYNYR	4,Phospho[A];6,Phospho[Y];
20150615_HepG2_Phos_control_70ug_1.17282.17282.2.3.dta	SRSFDYNYR	3,Phospho[S];6,Phospho[Y];	0.000000	2.818587	0.066667	0.068153	-1.289654	-0.013333	-0.017916	0.6666666666666666	[0, 0, 0, 0, 0, 0, 0, 0, 0, 0, 0, 0, 0, 0, 0, 0, 0, 0, 0, 0, 0, 0, 0, 0, 1, 0]	[0, 1, 0, 0, 0]	SRFSYDNYR	3,Phospho[F];4,Phospho[S];	SRFSYDNYR	3,Phospho[F];4,Phospho[S];	SRFSYDNYR	3,Phospho[F];4,Phospho[S];
20150615_HepG2_Phos_control_70ug_1.17282.17282.2.3.dta	SRSFDYNYR	3,Phospho[S];8,Phospho[Y];	0.000000	1.287510	0.040000	0.030786	-0.198692	0.000000	0.005086	0.3333333333333333	[0, 0, 0, 0, 0, 0, 0, 0, 0, 0, 0, 0, 0, 0, 0, 0, 0, 0, 1, 0, 0, 0, 0, 0, 0, 0]	[0, 1, 0, 0, 0]	SPEAHAYNYR	2,Phospho[P];9,Phospho[Y];	SRYADYNYR	1,Phospho[S];8,Phospho[Y];	SRYADYNYR	1,Phospho[S];8,Phospho[Y];
20150615_HepG2_Phos_control_70ug_1.17282.17282.2.3.dta	SRSFDYNYR	3,Phospho[S];8,Phospho[Y];	0.000000	1.287510	0.040000	0.030786	-1.674623	-0.026667	-0.037367	0.8888888888888888	[0, 0, 0, 0, 0, 0, 0, 0, 0, 0, 0, 0, 0, 0, 0, 0, 0, 0, 0, 0, 0, 0, 0, 0, 1, 0]	[0, 1, 0, 0, 0]	SRSFDYYNR	3,Phospho[S];5,Phospho[D];	SRSFYDGGYR	3,Phospho[S];5,Phospho[Y];	SRSFYDGGYR	3,Phospho[S];5,Phospho[Y];
20150615_HepG2_Phos_control_70ug_1.17282.17282.2.3.dta	SRSFDYNYR	6,Phospho[Y];8,Phospho[Y];	0.000000	1.271771	0.020000	0.017058	-2.279369	-0.046667	-0.048434	0.6666666666666666	[0, 0, 0, 0, 0, 0, 0, 0, 0, 0, 0, 0, 0, 0, 0, 0, 0, 0, 0, 0, 0, 0, 0, 0, 1, 0]	[0, 1, 0, 0, 0]	SRSFDHAYPQ	9,Phospho[P];10,Phospho[Q];	SRSFDHAYQP	9,Phospho[Q];10,Phospho[P];	SRSFDHFSQP	8,Phospho[S];9,Phospho[Q];
20150615_HepG2_Phos_control_70ug_1.17282.17282.2.3.dta	SRSFDYNYR	6,Phospho[Y];8,Phospho[Y];	0.000000	1.271771	0.020000	0.017058	-2.279369	-0.046667	-0.048434	0.8888888888888888	[0, 0, 0, 0, 0, 0, 0, 0, 0, 0, 0, 0, 0, 0, 0, 0, 0, 0, 0, 0, 0, 0, 0, 0, 1, 0]	[0, 1, 0, 0, 0]	SRSFDHAYPQ	9,Phospho[P];10,Phospho[Q];	SRSFDHAYQP	9,Phospho[Q];10,Phospho[P];	SRSFDHFSQP	8,Phospho[S];9,Phospho[Q];
20150615_HepG2_Phos_control_70ug_1.17282.17282.2.3.dta	SRSFDYNYR	3,Phospho[S];8,Phospho[Y];	-1.000000	1.287510	0.040000	0.030786	-0.198692	0.000000	0.005086	0.3333333333333333	[0, 0, 0, 0, 0, 0, 0, 0, 0, 0, 0, 0, 0, 0, 0, 0, 0, 0, 1, 0, 0, 0, 0, 0, 0, 0]	[0, 1, 0, 0, 0]	SPEAHAYNYR	2,Phospho[P];9,Phospho[Y];	SRYADYNYR	1,Phospho[S];8,Phospho[Y];	SRYADYNYR	1,Phospho[S];8,Phospho[Y];
20150615_HepG2_Phos_control_70ug_1.17282.17282.2.3.dta	SRSFDYNYR	3,Phospho[S];8,Phospho[Y];	-1.000000	1.287510	0.040000	0.030786	-1.674623	-0.026667	-0.037367	0.8888888888888888	[0, 0, 0, 0, 0, 0, 0, 0, 0, 0, 0, 0, 0, 0, 0, 0, 0, 0, 0, 0, 0, 0, 0, 0, 1, 0]	[0, 1, 0, 0, 0]	SRSFDYYNR	3,Phospho[S];5,Phospho[D];	SRSFYDGGYR	3,Phospho[S];5,Phospho[Y];	SRSFYDGGYR	3,Phospho[S];5,Phospho[Y];
20150615_HepG2_Phos_control_70ug_1.17282.17282.2.3.dta	SRSFDYNYR	1,Phospho[S];8,Phospho[Y];	-1.000000	1.847807	0.046667	0.030495	0.543316	0.013333	0.009414	0.1111111111111111	[0, 0, 0, 0, 0, 0, 0, 0, 0, 0, 0, 0, 0, 0, 0, 0, 0, 0, 1, 0, 0, 0, 0, 0, 0, 0]	[0, 1, 0, 0, 0]	RSYADYNYR	2,Phospho[S];8,Phospho[Y];	RSYADYNYR	2,Phospho[S];8,Phospho[Y];	RSYADYNYR	2,Phospho[S];8,Phospho[Y];
20150615_HepG2_Phos_control_70ug_1.17282.17282.2.3.dta	SRSFDYNYR	1,Phospho[S];8,Phospho[Y];	-1.000000	1.847807	0.046667	0.030495	-1.502805	-0.026667	-0.037367	0.8888888888888888	[0, 0, 0, 0, 0, 0, 0, 0, 0, 0, 0, 0, 0, 0, 0, 0, 0, 0, 0, 0, 0, 0, 0, 0, 1, 0]	[0, 1, 0, 0, 0]	SRSFDYNYR	1,Phospho[S];6,Phospho[Y];	SRSFYDGGYR	1,Phospho[S];5,Phospho[Y];	SRSFYDGGYR	1,Phospho[S];5,Phospho[Y];
20150615_HepG2_Phos_control_70ug_1.17282.17282.2.3.dta	SRSFDYNYR	6,Phospho[Y];9,Phospho[R];	-1.000000	2.175770	0.046667	0.035451	-1.375371	-0.020000	-0.028170	0.6666666666666666	[0, 0, 0, 0, 0, 0, 0, 0, 0, 0, 0, 0, 0, 0, 0, 0, 0, 0, 0, 0, 0, 0, 0, 0, 1, 0]	[0, 1, 0, 0, 0]	SRSFDHAYQP	9,Phospho[Q];10,Phospho[P];	SRSFDHAYQP	9,Phospho[Q];10,Phospho[P];	SRSFDHSFPQ	9,Phospho[P];10,Phospho[Q];
20150615_HepG2_Phos_control_70ug_1.17282.17282.2.3.dta	SRSFDYNYR	6,Phospho[Y];9,Phospho[R];	-1.000000	2.175770	0.046667	0.035451	-1.375371	-0.020000	-0.028170	1.0	[0, 0, 0, 0, 0, 0, 0, 0, 0, 0, 0, 0, 0, 0, 0, 0, 0, 1, 0, 0, 0, 0, 0, 0, 0, 0]	[0, 1, 0, 0, 0]	SRSFDHAYQP	9,Phospho[Q];10,Phospho[P];	SRSFDHAYQP	9,Phospho[Q];10,Phospho[P];	SRSFDHSFPQ	9,Phospho[P];10,Phospho[Q];
20150615_HepG2_Phos_control_70ug_1.17282.17282.2.3.dta	SRSFDYNYR	1,Phospho[S];9,Phospho[R];	-1.000000	2.737125	0.060000	0.038278	0.545186	0.013333	0.009414	0.1111111111111111	[0, 0, 0, 0, 0, 0, 0, 0, 0, 0, 0, 0, 0, 0, 0, 0, 0, 0, 1, 0, 0, 0, 0, 0, 0, 0]	[0, 1, 0, 0, 0]	SRFSDYNYR	2,Phospho[R];9,Phospho[R];	RSYADYNYR	2,Phospho[S];9,Phospho[R];	RSYADYNYR	2,Phospho[S];9,Phospho[R];
20150615_HepG2_Phos_control_70ug_1.17282.17282.2.3.dta	SRSFDYNYR	1,Phospho[S];9,Phospho[R];	-1.000000	2.737125	0.060000	0.038278	0.104624	0.000000	-0.009676	1.0	[0, 0, 0, 0, 0, 0, 0, 0, 0, 0, 0, 0, 0, 0, 0, 0, 0, 1, 0, 0, 0, 0, 0, 0, 0, 0]	[0, 1, 0, 0, 0]	SRSFDNYYR	1,Phospho[S];7,Phospho[Y];	SRSFDYAHQP	1,Phospho[S];6,Phospho[Y];	SRSFDYHAQP	1,Phospho[S];6,Phospho[Y];
20150615_HepG2_Phos_control_70ug_1.17282.17282.2.3.dta	SRSFDYNYR	7,Phospho[N];8,Phospho[Y];	-1.000000	1.271771	0.020000	0.017058	-2.279369	-0.046667	-0.048434	0.7777777777777778	[0, 0, 0, 0, 0, 0, 0, 0, 0, 0, 0, 0, 0, 1, 0, 0, 0, 0, 0, 0, 0, 0, 0, 0, 0, 0]	[0, 1, 0, 0, 0]	SRSFDHAYPQ	9,Phospho[P];10,Phospho[Q];	SRSFDHAYQP	9,Phospho[Q];10,Phospho[P];	SRSFDHFSQP	8,Phospho[S];9,Phospho[Q];
20150615_HepG2_Phos_control_70ug_1.17282.17282.2.3.dta	SRSFDYNYR	7,Phospho[N];8,Phospho[Y];	-1.000000	1.271771	0.020000	0.017058	-2.279369	-0.046667	-0.048434	0.8888888888888888	[0, 0, 0, 0, 0, 0, 0, 0, 0, 0, 0, 0, 0, 0, 0, 0, 0, 0, 0, 0, 0, 0, 0, 0, 1, 0]	[0, 1, 0, 0, 0]	SRSFDHAYPQ	9,Phospho[P];10,Phospho[Q];	SRSFDHAYQP	9,Phospho[Q];10,Phospho[P];	SRSFDHFSQP	8,Phospho[S];9,Phospho[Q];
20150615_HepG2_Phos_control_70ug_1.17282.17282.2.3.dta	SRSFDYNYR	1,Phospho[S];2,Phospho[R];	-1.000000	7.287422	0.113333	0.152769	2.219495	0.020000	0.036255	0.1111111111111111	[0, 0, 0, 0, 0, 0, 0, 0, 0, 0, 0, 0, 0, 0, 0, 0, 0, 0, 1, 0, 0, 0, 0, 0, 0, 0]	[0, 1, 0, 0, 0]	SRFSDYNYR	3,Phospho[F];4,Phospho[S];	RSSFDYNYR	3,Phospho[S];4,Phospho[F];	RSSFDYNYR	3,Phospho[S];4,Phospho[F];
20150615_HepG2_Phos_control_70ug_1.17282.17282.2.3.dta	SRSFDYNYR	1,Phospho[S];2,Phospho[R];	-1.000000	7.287422	0.113333	0.152769	1.706783	0.013333	0.036255	0.2222222222222222	[0, 0, 0, 0, 0, 0, 0, 0, 0, 0, 0, 0, 0, 0, 0, 0, 0, 1, 0, 0, 0, 0, 0, 0, 0, 0]	[0, 1, 0, 0, 0]	SRYADYNYR	1,Phospho[S];3,Phospho[Y];	SRYADYNYR	1,Phospho[S];3,Phospho[Y];	SRFSDYNYR	3,Phospho[F];4,Phospho[S];
20150615_HepG2_Phos_control_70ug_1.17282.17282.2.3.dta	SRSFDYNYR	6,Phospho[Y];8,Phospho[Y];	-1.000000	1.271771	0.020000	0.017058	-2.279369	-0.046667	-0.048434	0.6666666666666666	[0, 0, 0, 0, 0, 0, 0, 0, 0, 0, 0, 0, 0, 0, 0, 0, 0, 0, 0, 0, 0, 0, 0, 0, 1, 0]	[0, 1, 0, 0, 0]	SRSFDHAYPQ	9,Phospho[P];10,Phospho[Q];	SRSFDHAYQP	9,Phospho[Q];10,Phospho[P];	SRSFDHFSQP	8,Phospho[S];9,Phospho[Q];
20150615_HepG2_Phos_control_70ug_1.17282.17282.2.3.dta	SRSFDYNYR	6,Phospho[Y];8,Phospho[Y];	-1.000000	1.271771	0.020000	0.017058	-2.279369	-0.046667	-0.048434	0.8888888888888888	[0, 0, 0, 0, 0, 0, 0, 0, 0, 0, 0, 0, 0, 0, 0, 0, 0, 0, 0, 0, 0, 0, 0, 0, 1, 0]	[0, 1, 0, 0, 0]	SRSFDHAYPQ	9,Phospho[P];10,Phospho[Q];	SRSFDHAYQP	9,Phospho[Q];10,Phospho[P];	SRSFDHFSQP	8,Phospho[S];9,Phospho[Q];
20150615_HepG2_Phos_control_70ug_1.17282.17282.2.3.dta	SRSFDYNYR	3,Phospho[S];7,Phospho[N];	-1.000000	2.092116	0.040000	0.042227	0.004289	0.006667	0.003118	0.3333333333333333	[0, 0, 0, 0, 0, 0, 0, 0, 0, 0, 0, 0, 0, 0, 0, 0, 0, 0, 1, 0, 0, 0, 0, 0, 0, 0]	[0, 1, 0, 0, 0]	RSAYDYNYR	4,Phospho[Y];7,Phospho[N];	RSAYDYNYR	4,Phospho[Y];7,Phospho[N];	RSFSDYNYR	4,Phospho[S];7,Phospho[N];
20150615_HepG2_Phos_control_70ug_1.17282.17282.2.3.dta	SRSFDYNYR	3,Phospho[S];7,Phospho[N];	-1.000000	2.092116	0.040000	0.042227	-1.593603	-0.040000	-0.046960	0.7777777777777778	[0, 0, 0, 0, 0, 0, 0, 0, 0, 0, 0, 0, 0, 1, 0, 0, 0, 0, 0, 0, 0, 0, 0, 0, 0, 0]	[0, 1, 0, 0, 0]	SRSFDYGGYR	3,Phospho[S];5,Phospho[D];	SRSDFYNYR	3,Phospho[S];5,Phospho[F];	SRSFYDNYR	3,Phospho[S];4,Phospho[F];
20150615_HepG2_Phos_control_70ug_1.17282.17282.2.3.dta	SRSFDYNYR	8,Phospho[Y];8,Phospho[Y];	-1.000000	1.283219	0.033333	0.027667	-2.267922	-0.033333	-0.037825	0.8888888888888888	[0, 0, 0, 0, 0, 0, 0, 0, 0, 0, 0, 0, 0, 0, 0, 0, 0, 0, 0, 0, 0, 0, 0, 0, 1, 0]	[0, 1, 0, 0, 0]	SRSFDHAYPQ	9,Phospho[P];10,Phospho[Q];	SRSFDHAYQP	9,Phospho[Q];10,Phospho[P];	SRSFDHFSQP	8,Phospho[S];9,Phospho[Q];
20150615_HepG2_Phos_control_70ug_1.17282.17282.2.3.dta	SRSFDYNYR	8,Phospho[Y];8,Phospho[Y];	-1.000000	1.283219	0.033333	0.027667	-2.267922	-0.033333	-0.037825	0.8888888888888888	[0, 0, 0, 0, 0, 0, 0, 0, 0, 0, 0, 0, 0, 0, 0, 0, 0, 0, 0, 0, 0, 0, 0, 0, 1, 0]	[0, 1, 0, 0, 0]	SRSFDHAYPQ	9,Phospho[P];10,Phospho[Q];	SRSFDHAYQP	9,Phospho[Q];10,Phospho[P];	SRSFDHFSQP	8,Phospho[S];9,Phospho[Q];
20150615_HepG2_Phos_control_70ug_1.17282.17282.2.3.dta	SRSFDYNYR	2,Phospho[R];3,Phospho[S];	-1.000000	6.411512	0.106667	0.129975	0.715866	0.006667	0.015427	0.2222222222222222	[0, 0, 0, 0, 0, 0, 0, 0, 0, 0, 0, 0, 0, 0, 0, 0, 0, 1, 0, 0, 0, 0, 0, 0, 0, 0]	[0, 1, 0, 0, 0]	SSRFDYNYR	1,Phospho[S];2,Phospho[S];	RSSFDYNYR	1,Phospho[R];2,Phospho[S];	SRYADYNYR	1,Phospho[S];4,Phospho[A];
20150615_HepG2_Phos_control_70ug_1.17282.17282.2.3.dta	SRSFDYNYR	2,Phospho[R];3,Phospho[S];	-1.000000	6.411512	0.106667	0.129975	0.830873	0.006667	0.013460	0.3333333333333333	[0, 0, 0, 0, 0, 0, 0, 0, 0, 0, 0, 0, 0, 0, 0, 0, 0, 0, 1, 0, 0, 0, 0, 0, 0, 0]	[0, 1, 0, 0, 0]	SRFSDYNYR	1,Phospho[S];4,Phospho[S];	SRFSDYNYR	1,Phospho[S];3,Phospho[F];	RSYADYNYR	3,Phospho[Y];4,Phospho[A];
20150615_HepG2_Phos_control_70ug_1.17282.17282.2.3.dta	SRSFDYNYR	5,Phospho[D];8,Phospho[Y];	-1.000000	1.283219	0.033333	0.027667	-0.202983	-0.020000	-0.024510	0.5555555555555556	[0, 0, 0, 1, 0, 0, 0, 0, 0, 0, 0, 0, 0, 0, 0, 0, 0, 0, 0, 0, 0, 0, 0, 0, 0, 0]	[0, 1, 0, 0, 0]	SEPAHAYNYR	2,Phospho[E];9,Phospho[Y];	SPEAAHYNYR	3,Phospho[E];9,Phospho[Y];	SPEAAHYNYR	2,Phospho[P];9,Phospho[Y];
20150615_HepG2_Phos_control_70ug_1.17282.17282.2.3.dta	SRSFDYNYR	5,Phospho[D];8,Phospho[Y];	-1.000000	1.283219	0.033333	0.027667	-1.440094	-0.013333	-0.015317	0.8888888888888888	[0, 0, 0, 0, 0, 0, 0, 0, 0, 0, 0, 0, 0, 0, 0, 0, 0, 0, 0, 0, 0, 0, 0, 0, 1, 0]	[0, 1, 0, 0, 0]	SRSFDYGGRY	5,Phospho[D];6,Phospho[Y];	SRSFDYYNR	5,Phospho[D];6,Phospho[Y];	SRSFDYYNR	5,Phospho[D];6,Phospho[Y];
20150615_HepG2_Phos_control_70ug_1.17282.17282.2.3.dta	SRSFDYNYR	1,Phospho[S];6,Phospho[Y];	-1.000000	3.350612	0.073333	0.067862	0.536311	0.013333	0.002828	0.1111111111111111	[0, 0, 0, 0, 0, 0, 0, 0, 0, 0, 0, 0, 0, 0, 0, 0, 0, 0, 1, 0, 0, 0, 0, 0, 0, 0]	[0, 1, 0, 0, 0]	RSYADYNYR	3,Phospho[Y];6,Phospho[Y];	RSFSDYNYR	4,Phospho[S];6,Phospho[Y];	RSFSDYNYR	4,Phospho[S];6,Phospho[Y];
20150615_HepG2_Phos_control_70ug_1.17282.17282.2.3.dta	SRSFDYNYR	1,Phospho[S];6,Phospho[Y];	-1.000000	3.350612	0.073333	0.067862	-2.230027	-0.020000	-0.036286	0.6666666666666666	[0, 0, 0, 0, 0, 0, 0, 0, 0, 0, 0, 0, 0, 0, 0, 0, 0, 0, 0, 0, 0, 0, 0, 0, 1, 0]	[0, 1, 0, 0, 0]	SRFSDYNYR	1,Phospho[S];3,Phospho[F];	SRSDFYNYR	1,Phospho[S];3,Phospho[S];	SRSFYDNYR	1,Phospho[S];3,Phospho[S];
20150615_HepG2_Phos_control_70ug_1.17468.17468.3.7.dta	NSSEKLPTELSKEEPSTK	2,Phospho[S];	1.000000	17.396074	0.273333	0.294910	-0.076478	-0.006667	-0.005428	0.1111111111111111	[0, 0, 0, 0, 0, 0, 0, 0, 0, 0, 0, 0, 0, 0, 0, 0, 0, 0, 1, 0, 0, 0, 0, 0, 0, 0]	[0, 0, 0, 1, 0]	NAASTTLPTELSKEEPSTK	6,Phospho[T];	NAASTTLPTELSKEEPSTK	6,Phospho[T];	NAASTTLPTELSKEEPSTK	6,Phospho[T];
20150615_HepG2_Phos_control_70ug_1.17468.17468.3.7.dta	NSSEKLPTELSKEEPSTK	3,Phospho[S];	0.000000	17.396074	0.273333	0.294910	0.000000	0.000000	0.000000	0.16666666666666666	[0, 0, 0, 0, 0, 0, 0, 0, 0, 0, 0, 0, 0, 0, 0, 0, 0, 0, 1, 0, 0, 0, 0, 0, 0, 0]	[0, 0, 0, 1, 0]	NSDTKIPTELSKEEPSTK	4,Phospho[T];	NSDTKIPTELSKEEPSTK	4,Phospho[T];	NSDTKIPTELSKEEPSTK	4,Phospho[T];
20150615_HepG2_Phos_control_70ug_1.17468.17468.3.7.dta	NSSEKLPTELSKEEPSTK	8,Phospho[T];	0.000000	12.706712	0.220000	0.223813	-2.388440	-0.020000	-0.035366	0.4444444444444444	[0, 0, 0, 0, 0, 0, 0, 0, 0, 0, 0, 0, 0, 0, 0, 0, 0, 0, 0, 1, 0, 0, 0, 0, 0, 0]	[0, 0, 0, 1, 0]	NSSEIKTPELSKEEPSTK	6,Phospho[K];	NSSELKTPELSKEEPSTK	5,Phospho[L];	NSSEKITPELSKEEPSTK	6,Phospho[I];
20150615_HepG2_Phos_control_70ug_1.17468.17468.3.7.dta	NSSEKLPTELSKEEPSTK	11,Phospho[S];	0.000000	7.912297	0.160000	0.162277	-2.110915	-0.026667	-0.032624	0.6111111111111112	[0, 0, 0, 0, 0, 0, 0, 0, 0, 0, 0, 0, 0, 0, 0, 0, 0, 0, 1, 0, 0, 0, 0, 0, 0, 0]	[0, 0, 0, 1, 0]	NSSEKLPTEISKEEPSTK	10,Phospho[I];	NSSEKLPTEVTKEEPSTK	8,Phospho[T];	NSSEKLPTIESKEEPSTK	9,Phospho[I];
20150615_HepG2_Phos_control_70ug_1.17468.17468.3.7.dta	NSSEKLPTELSKEEPSTK	16,Phospho[S];	0.000000	1.671717	0.120000	0.107173	-0.630027	0.020000	0.019250	0.8888888888888888	[0, 0, 0, 0, 0, 0, 0, 0, 0, 0, 0, 0, 0, 0, 0, 0, 0, 0, 1, 0, 0, 0, 0, 0, 0, 0]	[0, 0, 0, 1, 0]	NSSEKLPTELSKEEPTSK	15,Phospho[P];	NSSEKLPTELSKEETPSK	14,Phospho[E];	NSSEKLPTELSKEEGVEK	17,Phospho[E];
20150615_HepG2_Phos_control_70ug_1.17468.17468.3.7.dta	NSSEKLPTELSKEEPSTK	17,Phospho[T];	0.000000	0.812250	0.120000	0.102943	-1.478966	0.020000	0.016887	0.9444444444444444	[0, 0, 0, 0, 0, 0, 0, 0, 0, 0, 0, 0, 0, 0, 0, 0, 0, 0, 0, 1, 0, 0, 0, 0, 0, 0]	[0, 0, 0, 1, 0]	NSSEKLPTELSKEPETSK	14,Phospho[P];	NSSEKLPTELSKEEPTSK	14,Phospho[E];	NSSEKLPTELSKEGVEEK	17,Phospho[E];
20150615_HepG2_Phos_control_70ug_1.17468.17468.3.7.dta	NSSEKLPTELSKEEPSTK	12,Phospho[K];	-1.000000	6.544312	0.146667	0.146374	-3.376743	-0.033333	-0.039536	0.6666666666666666	[0, 0, 0, 0, 0, 0, 0, 0, 0, 0, 1, 0, 0, 0, 0, 0, 0, 0, 0, 0, 0, 0, 0, 0, 0, 0]	[0, 0, 0, 1, 0]	NSSEKLPTEVTKEEPSTK	9,Phospho[E];	NSSEKLPTEVTKEEPSTK	9,Phospho[E];	NSSEKLPTIEKSEEPSTK	10,Phospho[E];
20150615_HepG2_Phos_control_70ug_1.17468.17468.3.7.dta	NSSEKLPTELSKEEPSTK	11,Phospho[S];	-1.000000	7.912297	0.160000	0.162277	-2.110915	-0.026667	-0.032624	0.6111111111111112	[0, 0, 0, 0, 0, 0, 0, 0, 0, 0, 0, 0, 0, 0, 0, 0, 0, 0, 1, 0, 0, 0, 0, 0, 0, 0]	[0, 0, 0, 1, 0]	NSSEKLPTEISKEEPSTK	10,Phospho[I];	NSSEKLPTEVTKEEPSTK	8,Phospho[T];	NSSEKLPTIESKEEPSTK	9,Phospho[I];
20150615_HepG2_Phos_control_70ug_1.17468.17468.3.7.dta	NSSEKLPTELSKEEPSTK	3,Phospho[S];	-1.000000	17.396074	0.273333	0.294910	0.000000	0.000000	0.000000	0.16666666666666666	[0, 0, 0, 0, 0, 0, 0, 0, 0, 0, 0, 0, 0, 0, 0, 0, 0, 0, 1, 0, 0, 0, 0, 0, 0, 0]	[0, 0, 0, 1, 0]	NSDTKIPTELSKEEPSTK	4,Phospho[T];	NSDTKIPTELSKEEPSTK	4,Phospho[T];	NSDTKIPTELSKEEPSTK	4,Phospho[T];
20150615_HepG2_Phos_control_70ug_1.17468.17468.3.7.dta	NSSEKLPTELSKEEPSTK	1,Phospho[N];	-1.000000	17.383314	0.266667	0.285409	0.000000	0.000000	0.000000	0.05555555555555555	[0, 0, 0, 0, 0, 0, 0, 0, 0, 0, 0, 0, 0, 1, 0, 0, 0, 0, 0, 0, 0, 0, 0, 0, 0, 0]	[0, 0, 0, 1, 0]	SENSKLPTELSKEEPSTK	3,Phospho[N];	SENSKLPTELSKEEPSTK	3,Phospho[N];	SENSKLPTELSKEEPSTK	3,Phospho[N];
20150615_HepG2_Phos_control_70ug_1.17468.17468.3.7.dta	NSSEKLPTELSKEEPSTK	5,Phospho[K];	-1.000000	16.653267	0.266667	0.287306	-0.742807	-0.006667	-0.007604	0.2777777777777778	[0, 0, 0, 0, 0, 0, 0, 0, 0, 0, 1, 0, 0, 0, 0, 0, 0, 0, 0, 0, 0, 0, 0, 0, 0, 0]	[0, 0, 0, 1, 0]	NSESKIPTELSKEEPSTK	4,Phospho[S];	NSDTKIPTELSKEEPSTK	4,Phospho[T];	NSDTKIPTELSKEEPSTK	4,Phospho[T];
20150615_HepG2_Phos_control_70ug_1.17468.17468.3.7.dta	NSSEKLPTELSKEEPSTK	8,Phospho[T];	-1.000000	12.706712	0.220000	0.223813	-2.388440	-0.020000	-0.035366	0.4444444444444444	[0, 0, 0, 0, 0, 0, 0, 0, 0, 0, 0, 0, 0, 0, 0, 0, 0, 0, 0, 1, 0, 0, 0, 0, 0, 0]	[0, 0, 0, 1, 0]	NSSEIKTPELSKEEPSTK	6,Phospho[K];	NSSELKTPELSKEEPSTK	5,Phospho[L];	NSSEKITPELSKEEPSTK	6,Phospho[I];
20150615_HepG2_Phos_control_70ug_1.17985.17985.3.4.dta	GTDTQTPAVLSPSKTQATLKPK	2,Phospho[T];	0.000000	9.045719	0.146667	0.166749	-3.876353	-0.033333	-0.039739	0.09090909090909091	[0, 0, 0, 0, 0, 0, 0, 0, 0, 0, 0, 0, 0, 0, 0, 0, 0, 0, 0, 1, 0, 0, 0, 0, 0, 0]	[0, 0, 0, 0, 1]	GTDTAGTPAVLSPSKTQATLKPK	5,Phospho[A];	GDTTGATPAVLSPSKTQATLKPK	5,Phospho[G];	GTDTGATPAVLSPSKTQATLKPK	5,Phospho[G];
20150615_HepG2_Phos_control_70ug_1.17985.17985.3.4.dta	GTDTQTPAVLSPSKTQATLKPK	4,Phospho[T];	0.000000	11.468286	0.166667	0.188717	-3.585619	-0.026667	-0.030002	0.18181818181818182	[0, 0, 0, 0, 0, 0, 0, 0, 0, 0, 0, 0, 0, 0, 0, 0, 0, 0, 0, 1, 0, 0, 0, 0, 0, 0]	[0, 0, 0, 0, 1]	GTDTTGAPAVLSPSKTQATLKPK	8,Phospho[P];	GTDTTQPAVLSPSKTQATLKPK	7,Phospho[P];	GTDTATGPAVLSPSKTQATLKPK	8,Phospho[P];
20150615_HepG2_Phos_control_70ug_1.17985.17985.3.4.dta	GTDTQTPAVLSPSKTQATLKPK	6,Phospho[T];	0.000000	14.566771	0.193333	0.222641	-1.940242	-0.013333	-0.006961	0.2727272727272727	[0, 0, 0, 0, 0, 0, 0, 0, 0, 0, 0, 0, 0, 0, 0, 0, 0, 0, 0, 1, 0, 0, 0, 0, 0, 0]	[0, 0, 0, 0, 1]	GTDTGATAPVLSPSKTQATLKPK	9,Phospho[P];	GTDTQTPAVLSPSKTQATLKPK	7,Phospho[P];	GTDTQTPAVLSPSKTQATLKPK	7,Phospho[P];
20150615_HepG2_Phos_control_70ug_1.17985.17985.3.4.dta	GTDTQTPAVLSPSKTQATLKPK	11,Phospho[S];	1.000000	16.556783	0.220000	0.242945	-0.150237	0.006667	0.003980	0.5	[0, 0, 0, 0, 0, 0, 0, 0, 0, 0, 0, 0, 0, 0, 0, 0, 0, 0, 1, 0, 0, 0, 0, 0, 0, 0]	[0, 0, 0, 0, 1]	GTDTQTPAIVSPSKTQATLKPK	9,Phospho[I];	GTDTQTPAIVSPSKTQATLKPK	10,Phospho[V];	GTDTQTPAVVTPSKTQATLKPK	10,Phospho[V];
20150615_HepG2_Phos_control_70ug_1.17985.17985.3.4.dta	GTDTQTPAVLSPSKTQATLKPK	13,Phospho[S];	0.000000	13.957629	0.193333	0.216678	-2.023464	-0.020000	-0.024115	0.5909090909090909	[0, 0, 0, 0, 0, 0, 0, 0, 0, 0, 0, 0, 0, 0, 0, 0, 0, 0, 1, 0, 0, 0, 0, 0, 0, 0]	[0, 0, 0, 0, 1]	GTDTQTPAVSIPSKTQATLKPK	10,Phospho[S];	GTDTQTPAVVTPSKTQATLKPK	11,Phospho[T];	GTDTQTPAVVTSPKTQATLKPK	10,Phospho[V];
20150615_HepG2_Phos_control_70ug_1.17985.17985.3.4.dta	GTDTQTPAVLSPSKTQATLKPK	15,Phospho[T];	0.000000	12.616520	0.180000	0.204813	-1.015383	-0.013333	-0.011865	0.6818181818181818	[0, 0, 0, 0, 0, 0, 0, 0, 0, 0, 0, 0, 0, 0, 0, 0, 0, 0, 0, 1, 0, 0, 0, 0, 0, 0]	[0, 0, 0, 0, 1]	GTDTQTPAVLSDIKGQATLKPK	15,Phospho[G];	GTDTQTPAVLSPSKTQATLKPK	12,Phospho[P];	GTDTQTPAVLSPSKTQATLKPK	13,Phospho[S];
20150615_HepG2_Phos_control_70ug_1.17985.17985.3.4.dta	GTDTQTPAVLSPSKTQATLKPK	18,Phospho[T];	0.000000	11.983689	0.173333	0.200096	-0.564224	-0.006667	-0.004275	0.8181818181818182	[0, 0, 0, 0, 0, 0, 0, 0, 0, 0, 0, 0, 0, 0, 0, 0, 0, 0, 0, 1, 0, 0, 0, 0, 0, 0]	[0, 0, 0, 0, 1]	GTDTQTPAVLSPSKKSDALKPK	18,Phospho[A];	GTDTQTPAVLSPSKKSDALKPK	18,Phospho[A];	GTDTQTPAVLSPSKKSDALKPK	18,Phospho[A];
20150615_HepG2_Phos_control_70ug_1.17985.17985.3.4.dta	GTDTQTPAVLSPSKTQATLKPK	11,Phospho[S];	-1.000000	16.556783	0.220000	0.242945	-0.150237	0.006667	0.003980	0.5	[0, 0, 0, 0, 0, 0, 0, 0, 0, 0, 0, 0, 0, 0, 0, 0, 0, 0, 1, 0, 0, 0, 0, 0, 0, 0]	[0, 0, 0, 0, 1]	GTDTQTPAIVSPSKTQATLKPK	9,Phospho[I];	GTDTQTPAIVSPSKTQATLKPK	10,Phospho[V];	GTDTQTPAVVTPSKTQATLKPK	10,Phospho[V];
20150615_HepG2_Phos_control_70ug_1.17985.17985.3.4.dta	GTDTQTPAVLSPSKTQATLKPK	22,Phospho[K];	-1.000000	9.424440	0.160000	0.174150	-1.765654	0.000000	-0.012104	1.0	[0, 0, 0, 0, 0, 0, 0, 0, 0, 0, 1, 0, 0, 0, 0, 0, 0, 0, 0, 0, 0, 0, 0, 0, 0, 0]	[0, 0, 0, 0, 1]	GTDTQTPAVLSPSKTQATIKKP	20,Phospho[K];	GTDTQTPAVLSPSKTQATIKKP	20,Phospho[K];	GTDTQTPAVLSPSKTQATIKKP	20,Phospho[K];
20150615_HepG2_Phos_control_70ug_1.17985.17985.3.4.dta	GTDTQTPAVLSPSKTQATLKPK	18,Phospho[T];	-1.000000	11.983689	0.173333	0.200096	-0.564224	-0.006667	-0.004275	0.8181818181818182	[0, 0, 0, 0, 0, 0, 0, 0, 0, 0, 0, 0, 0, 0, 0, 0, 0, 0, 0, 1, 0, 0, 0, 0, 0, 0]	[0, 0, 0, 0, 1]	GTDTQTPAVLSPSKKSDALKPK	18,Phospho[A];	GTDTQTPAVLSPSKKSDALKPK	18,Phospho[A];	GTDTQTPAVLSPSKKSDALKPK	18,Phospho[A];
20150615_HepG2_Phos_control_70ug_1.17985.17985.3.4.dta	GTDTQTPAVLSPSKTQATLKPK	20,Phospho[K];	-1.000000	11.190093	0.160000	0.186254	-0.156670	-0.006667	-0.008395	0.9090909090909091	[0, 0, 0, 0, 0, 0, 0, 0, 0, 0, 1, 0, 0, 0, 0, 0, 0, 0, 0, 0, 0, 0, 0, 0, 0, 0]	[0, 0, 0, 0, 1]	GTDTQTPAVLSPSKTQAIKTPK	20,Phospho[T];	GTDTQTPAVLSPSKTQAITKPK	19,Phospho[T];	GTDTQTPAVLSPSKTQAITKPK	19,Phospho[T];
20150615_HepG2_Phos_control_70ug_1.17985.17985.3.4.dta	GTDTQTPAVLSPSKTQATLKPK	1,Phospho[G];	-1.000000	9.045719	0.146667	0.166749	-1.580099	-0.006667	-0.005741	0.045454545454545456	[0, 0, 0, 0, 0, 0, 1, 0, 0, 0, 0, 0, 0, 0, 0, 0, 0, 0, 0, 0, 0, 0, 0, 0, 0, 0]	[0, 0, 0, 0, 1]	TDASQTPAVLSPSKTQATLKPK	3,Phospho[A];	ASDTQTPAVLSPSKTQATLKPK	4,Phospho[T];	ASDTQTPAVLSPSKTQATLKPK	4,Phospho[T];
20150615_HepG2_Phos_control_70ug_1.17985.17985.3.4.dta	GTDTQTPAVLSPSKTQATLKPK	12,Phospho[P];	-1.000000	14.565502	0.193333	0.215493	-1.898483	-0.020000	-0.023472	0.5454545454545454	[0, 0, 0, 0, 0, 0, 0, 0, 0, 0, 0, 0, 0, 0, 0, 1, 0, 0, 0, 0, 0, 0, 0, 0, 0, 0]	[0, 0, 0, 0, 1]	GTDTQTPAVISSPKTQATLKPK	10,Phospho[I];	GTDTQTPAIVSPSKTQATLKPK	10,Phospho[V];	GTDTQTPAVVTPSKTQATLKPK	10,Phospho[V];
20150615_HepG2_Phos_control_70ug_1.18444.18444.2.8.dta	NATDLQNSSMSEEELTK	3,Phospho[T];	0.000000	11.840146	0.180000	0.217145	-4.105779	-0.046667	-0.056294	0.17647058823529413	[0, 0, 0, 0, 0, 0, 0, 0, 0, 0, 0, 0, 0, 0, 0, 0, 0, 0, 0, 1, 0, 0, 0, 0, 0, 0]	[0, 0, 0, 1, 0]	NATDIQNSSMSEEELTK	5,Phospho[I];	NTADIQNSSMSEEELTK	5,Phospho[I];	NASEIQNSSMSEEELTK	6,Phospho[Q];
20150615_HepG2_Phos_control_70ug_1.18444.18444.2.8.dta	NATDLQNSSMSEEELTK	8,Phospho[S];	1.000000	18.698706	0.293333	0.349378	0.170783	0.006667	0.005226	0.47058823529411764	[0, 0, 0, 0, 0, 0, 0, 0, 0, 0, 0, 0, 0, 0, 0, 0, 0, 0, 1, 0, 0, 0, 0, 0, 0, 0]	[0, 0, 0, 1, 0]	NATDIGASNSMSEEELTK	9,Phospho[N];	NATDIGASNSMSEEELTK	8,Phospho[S];	NATDIAGSNSMSEEELTK	8,Phospho[S];
20150615_HepG2_Phos_control_70ug_1.18444.18444.2.8.dta	NATDLQNSSMSEEELTK	9,Phospho[S];	0.000000	18.698706	0.293333	0.349378	0.873307	0.006667	0.016057	0.5294117647058824	[0, 0, 0, 0, 0, 0, 0, 0, 0, 0, 0, 0, 0, 0, 0, 0, 0, 0, 1, 0, 0, 0, 0, 0, 0, 0]	[0, 0, 0, 1, 0]	NATDLQSCTASEEELTK	8,Carbamidomethyl[C];9,Phospho[T];	NATDLQNSSMSEEELTK	10,Phospho[M];	NATDLQNSSMAEEELTK	8,Phospho[S];10,Oxidation[M];
20150615_HepG2_Phos_control_70ug_1.18444.18444.2.8.dta	NATDLQNSSMSEEELTK	11,Phospho[S];	0.000000	16.723173	0.266667	0.312799	-1.260811	-0.013333	-0.015855	0.6470588235294118	[0, 0, 0, 0, 0, 0, 0, 0, 0, 0, 0, 0, 0, 0, 0, 0, 0, 0, 1, 0, 0, 0, 0, 0, 0, 0]	[0, 0, 0, 1, 0]	NATDLQNSAMSEEELTK	9,Phospho[A];10,Oxidation[M];	NATDLQNSSMAEEELTK	10,Oxidation[M];11,Phospho[A];	NATDLQNSSSMEEELTK	9,Phospho[S];
20150615_HepG2_Phos_control_70ug_1.18444.18444.2.8.dta	NATDLQNSSMSEEELTK	16,Phospho[T];	0.000000	9.049956	0.220000	0.244596	-1.718510	0.000000	-0.006703	0.9411764705882353	[0, 0, 0, 0, 0, 0, 0, 0, 0, 0, 0, 0, 0, 0, 0, 0, 0, 0, 0, 1, 0, 0, 0, 0, 0, 0]	[0, 0, 0, 1, 0]	NATDLQNSSMSEEELKT	15,Phospho[L];	NATDLQNSSMSEEELTK	15,Phospho[L];	NATDLQNSSMSEEELTK	15,Phospho[L];
20150615_HepG2_Phos_control_70ug_1.18444.18444.2.8.dta	NATDLQNSSMSEEELTK	16,Phospho[T];	-1.000000	9.049956	0.220000	0.244596	-1.718510	0.000000	-0.006703	0.9411764705882353	[0, 0, 0, 0, 0, 0, 0, 0, 0, 0, 0, 0, 0, 0, 0, 0, 0, 0, 0, 1, 0, 0, 0, 0, 0, 0]	[0, 0, 0, 1, 0]	NATDLQNSSMSEEELKT	15,Phospho[L];	NATDLQNSSMSEEELTK	15,Phospho[L];	NATDLQNSSMSEEELTK	15,Phospho[L];
20150615_HepG2_Phos_control_70ug_1.18444.18444.2.8.dta	NATDLQNSSMSEEELTK	3,Phospho[T];	-1.000000	11.840146	0.180000	0.217145	-4.105779	-0.046667	-0.056294	0.17647058823529413	[0, 0, 0, 0, 0, 0, 0, 0, 0, 0, 0, 0, 0, 0, 0, 0, 0, 0, 0, 1, 0, 0, 0, 0, 0, 0]	[0, 0, 0, 1, 0]	NATDIQNSSMSEEELTK	5,Phospho[I];	NTADIQNSSMSEEELTK	5,Phospho[I];	NASEIQNSSMSEEELTK	6,Phospho[Q];
20150615_HepG2_Phos_control_70ug_1.18444.18444.2.8.dta	NATDLQNSSMSEEELTK	2,Phospho[A];	-1.000000	10.851752	0.186667	0.211960	-3.914123	-0.026667	-0.035730	0.11764705882352941	[1, 0, 0, 0, 0, 0, 0, 0, 0, 0, 0, 0, 0, 0, 0, 0, 0, 0, 0, 0, 0, 0, 0, 0, 0, 0]	[0, 0, 0, 1, 0]	NESALQNSSMSEEELTK	5,Phospho[L];	NESAIQNSSMSEEELTK	5,Phospho[I];	NESALQNSSMSEEELTK	5,Phospho[L];
20150615_HepG2_Phos_control_70ug_1.18444.18444.2.8.dta	NATDLQNSSMSEEELTK	11,Phospho[S];	-1.000000	16.723173	0.266667	0.312799	-1.260811	-0.013333	-0.015855	0.6470588235294118	[0, 0, 0, 0, 0, 0, 0, 0, 0, 0, 0, 0, 0, 0, 0, 0, 0, 0, 1, 0, 0, 0, 0, 0, 0, 0]	[0, 0, 0, 1, 0]	NATDLQNSAMSEEELTK	9,Phospho[A];10,Oxidation[M];	NATDLQNSSMAEEELTK	10,Oxidation[M];11,Phospho[A];	NATDLQNSSSMEEELTK	9,Phospho[S];
20150615_HepG2_Phos_control_70ug_1.18882.18882.2.6.dta	SPSLSPSPPSPLEK	1,Phospho[S];	0.000000	4.494950	0.080000	0.118418	-1.631831	0.020000	0.020944	0.07142857142857142	[0, 0, 0, 0, 0, 0, 0, 0, 0, 0, 0, 0, 0, 0, 0, 0, 0, 0, 1, 0, 0, 0, 0, 0, 0, 0]	[0, 0, 1, 0, 0]	ISSPSPSPPSPLEK	4,Phospho[P];	VTSPSPSPPSPLEK	4,Phospho[P];	SISPSPSPPSPLEK	4,Phospho[P];
20150615_HepG2_Phos_control_70ug_1.18882.18882.2.6.dta	SPSLSPSPPSPLEK	3,Phospho[S];	0.000000	6.033980	0.073333	0.105744	-4.393543	-0.020000	-0.032236	0.21428571428571427	[0, 0, 0, 0, 0, 0, 0, 0, 0, 0, 0, 0, 0, 0, 0, 0, 0, 0, 1, 0, 0, 0, 0, 0, 0, 0]	[0, 0, 1, 0, 0]	SPSIPSSPPSPLEK	6,Phospho[S];	SPSIPSSPPSPLEK	5,Phospho[P];	SPSISPSPPSPLEK	5,Phospho[S];
20150615_HepG2_Phos_control_70ug_1.18882.18882.2.6.dta	SPSLSPSPPSPLEK	5,Phospho[S];	0.000000	10.427523	0.093333	0.137979	-2.213294	-0.033333	-0.038970	0.35714285714285715	[0, 0, 0, 0, 0, 0, 0, 0, 0, 0, 0, 0, 0, 0, 0, 0, 0, 0, 1, 0, 0, 0, 0, 0, 0, 0]	[0, 0, 1, 0, 0]	SPSSIPSPPSPLEK	6,Phospho[P];	SPSISSPPPSPLEK	7,Phospho[P];	SPSISPSPPSPLEK	6,Phospho[P];
20150615_HepG2_Phos_control_70ug_1.18882.18882.2.6.dta	SPSLSPSPPSPLEK	7,Phospho[S];	0.000000	14.173062	0.133333	0.180418	1.532245	0.006667	0.003468	0.5	[0, 0, 0, 0, 0, 0, 0, 0, 0, 0, 0, 0, 0, 0, 0, 0, 0, 0, 1, 0, 0, 0, 0, 0, 0, 0]	[0, 0, 1, 0, 0]	SPSSISPPPSPLEK	7,Phospho[P];	SPSISPSPPSPLEK	6,Phospho[P];	SPSISPSPPSPLEK	6,Phospho[P];
20150615_HepG2_Phos_control_70ug_1.18882.18882.2.6.dta	SPSLSPSPPSPLEK	10,Phospho[S];	1.000000	15.929829	0.160000	0.190805	3.032031	0.033333	0.032679	0.7142857142857143	[0, 0, 0, 0, 0, 0, 0, 0, 0, 0, 0, 0, 0, 0, 0, 0, 0, 0, 1, 0, 0, 0, 0, 0, 0, 0]	[0, 0, 1, 0, 0]	SPSLSPPSSPPLEK	8,Phospho[S];	SPSLSPPSSPPLEK	8,Phospho[S];	SPSLSPPSSPPLEK	8,Phospho[S];
20150615_HepG2_Phos_control_70ug_1.18882.18882.2.6.dta	SPSLSPSPPSPLEK	6,Phospho[P];	-1.000000	13.586429	0.126667	0.176950	0.945611	0.000000	0.000000	0.42857142857142855	[0, 0, 0, 0, 0, 0, 0, 0, 0, 0, 0, 0, 0, 0, 0, 1, 0, 0, 0, 0, 0, 0, 0, 0, 0, 0]	[0, 0, 1, 0, 0]	SPSSISPPPSPLEK	7,Phospho[P];	SPSISSPPPSPLEK	6,Phospho[S];	SPSISSPPPSPLEK	6,Phospho[S];
20150615_HepG2_Phos_control_70ug_1.18882.18882.2.6.dta	SPSLSPSPPSPLEK	14,Phospho[K];	-1.000000	13.310036	0.133333	0.158491	-0.232870	-0.006667	-0.004071	1.0	[0, 0, 0, 0, 0, 0, 0, 0, 0, 0, 1, 0, 0, 0, 0, 0, 0, 0, 0, 0, 0, 0, 0, 0, 0, 0]	[0, 0, 1, 0, 0]	SPSLSPSPPSEIPK	13,Phospho[P];	SPSLSPSPPSEIPK	13,Phospho[P];	SPSLSPSPPSEIPK	13,Phospho[P];
20150615_HepG2_Phos_control_70ug_1.18882.18882.2.6.dta	SPSLSPSPPSPLEK	10,Phospho[S];	-1.000000	15.929829	0.160000	0.190805	3.032031	0.033333	0.032679	0.7142857142857143	[0, 0, 0, 0, 0, 0, 0, 0, 0, 0, 0, 0, 0, 0, 0, 0, 0, 0, 1, 0, 0, 0, 0, 0, 0, 0]	[0, 0, 1, 0, 0]	SPSLSPPSSPPLEK	8,Phospho[S];	SPSLSPPSSPPLEK	8,Phospho[S];	SPSLSPPSSPPLEK	8,Phospho[S];
20150615_HepG2_Phos_control_70ug_1.18882.18882.2.6.dta	SPSLSPSPPSPLEK	2,Phospho[P];	-1.000000	5.105667	0.086667	0.121643	-3.428361	0.006667	0.006973	0.14285714285714285	[0, 0, 0, 0, 0, 0, 0, 0, 0, 0, 0, 0, 0, 0, 0, 1, 0, 0, 0, 0, 0, 0, 0, 0, 0, 0]	[0, 0, 1, 0, 0]	SPISSPSPPSPLEK	5,Phospho[S];	SPSSIPSPPSPLEK	5,Phospho[I];	SPSSIPSPPSPLEK	5,Phospho[I];
20150615_HepG2_Phos_control_70ug_1.18882.18882.2.6.dta	SPSLSPSPPSPLEK	3,Phospho[S];	-1.000000	6.033980	0.073333	0.105744	-4.393543	-0.020000	-0.032236	0.21428571428571427	[0, 0, 0, 0, 0, 0, 0, 0, 0, 0, 0, 0, 0, 0, 0, 0, 0, 0, 1, 0, 0, 0, 0, 0, 0, 0]	[0, 0, 1, 0, 0]	SPSIPSSPPSPLEK	6,Phospho[S];	SPSIPSSPPSPLEK	5,Phospho[P];	SPSISPSPPSPLEK	5,Phospho[S];
20150615_HepG2_Phos_control_70ug_1.19038.19038.2.6.dta	KDSLTQAQEQGNLLN	3,Phospho[S];	1.000000	11.517178	0.180000	0.224355	-1.382219	-0.013333	-0.005119	0.2	[0, 0, 0, 0, 0, 0, 0, 0, 0, 0, 0, 0, 0, 0, 0, 0, 0, 0, 1, 0, 0, 0, 0, 0, 0, 0]	[0, 0, 1, 0, 0]	KDITSQAQEQGNLLN	5,Phospho[S];	VTGVSTQAQEQGNLLN	5,Phospho[S];	SIGVSTQAQEQGNLLN	5,Phospho[S];
20150615_HepG2_Phos_control_70ug_1.19038.19038.2.6.dta	KDSLTQAQEQGNLLN	5,Phospho[T];	0.000000	11.508175	0.173333	0.216527	-1.300333	-0.013333	-0.012947	0.3333333333333333	[0, 0, 0, 0, 0, 0, 0, 0, 0, 0, 0, 0, 0, 0, 0, 0, 0, 0, 0, 1, 0, 0, 0, 0, 0, 0]	[0, 0, 1, 0, 0]	KDISASAAQEQGNLLN	6,Phospho[S];	KDITSQAQEQGNLLN	4,Phospho[T];	KEVSTQAQEQGNLLN	4,Phospho[S];
20150615_HepG2_Phos_control_70ug_1.19038.19038.2.6.dta	KDSLTQAQEQGNLLN	9,Phospho[E];	-1.000000	5.757262	0.140000	0.172195	-3.975348	-0.033333	-0.043885	0.6	[0, 0, 0, 0, 1, 0, 0, 0, 0, 0, 0, 0, 0, 0, 0, 0, 0, 0, 0, 0, 0, 0, 0, 0, 0, 0]	[0, 0, 1, 0, 0]	KDSLTAGAAGEQGNLLN	6,Phospho[A];	KDSLTGAAQEQGNLLN	7,Phospho[A];	KDSLTQAGAEQGNLLN	6,Phospho[Q];
20150615_HepG2_Phos_control_70ug_1.19038.19038.2.6.dta	KDSLTQAQEQGNLLN	12,Phospho[N];	-1.000000	3.986990	0.100000	0.128752	-3.855858	-0.026667	-0.022740	0.8	[0, 0, 0, 0, 0, 0, 0, 0, 0, 0, 0, 0, 0, 1, 0, 0, 0, 0, 0, 0, 0, 0, 0, 0, 0, 0]	[0, 0, 1, 0, 0]	KDSLTQAQGGAGGELLN	14,Phospho[E];	KDSLTQAQGGAGDALLN	14,Phospho[A];	KDSLTQAQNAENLLN	11,Phospho[E];
20150615_HepG2_Phos_control_70ug_1.20517.20517.2.5.dta	GRNDSGEENVPLDLTR	5,Phospho[S];	1.000000	9.912793	0.253333	0.270599	1.077321	0.020000	0.024761	0.3125	[0, 0, 0, 0, 0, 0, 0, 0, 0, 0, 0, 0, 0, 0, 0, 0, 0, 0, 1, 0, 0, 0, 0, 0, 0, 0]	[0, 0, 0, 1, 0]	GRDNGSEENVPLDLTR	5,Phospho[G];	GRGGSDGEENVPLDLTR	6,Phospho[D];	GRNSDGEENVPLDLTR	4,Phospho[S];
20150615_HepG2_Phos_control_70ug_1.20517.20517.2.5.dta	GRNDSGEENVPLDLTR	15,Phospho[T];	0.000000	4.281154	0.140000	0.147336	-0.560797	0.006667	0.003590	0.9375	[0, 0, 0, 0, 0, 0, 0, 0, 0, 0, 0, 0, 0, 0, 0, 0, 0, 0, 0, 1, 0, 0, 0, 0, 0, 0]	[0, 0, 0, 1, 0]	GRNDSGEENVPLDITR	14,Phospho[I];	GRNDSGEENVPIDTIR	15,Phospho[I];	GRNDSGEENVPIDTIR	15,Phospho[I];
20150615_HepG2_Phos_control_70ug_1.20517.20517.2.5.dta	GRNDSGEENVPLDLTR	12,Phospho[L];	-1.000000	5.363649	0.140000	0.149696	-0.656928	-0.053333	-0.053496	0.75	[0, 0, 0, 0, 0, 0, 0, 0, 0, 0, 0, 1, 0, 0, 0, 0, 0, 0, 0, 0, 0, 0, 0, 0, 0, 0]	[0, 0, 0, 1, 0]	GRNDSGEEVNIPDLTR	9,Phospho[V];	GRNDSGEEVNPIDLTR	9,Phospho[V];	GRNDSGEEVNIPDLTR	9,Phospho[V];
20150615_HepG2_Phos_control_70ug_1.20517.20517.2.5.dta	GRNDSGEENVPLDLTR	6,Phospho[G];	-1.000000	9.201056	0.240000	0.252306	0.207434	0.000000	0.000000	0.375	[0, 0, 0, 0, 0, 0, 1, 0, 0, 0, 0, 0, 0, 0, 0, 0, 0, 0, 0, 0, 0, 0, 0, 0, 0, 0]	[0, 0, 0, 1, 0]	GRGGDGSEENVPLDLTR	7,Phospho[S];	GRNDSEGENVPLDLTR	5,Phospho[S];	GRNDGSEENVPLDLTR	6,Phospho[S];
20150615_HepG2_Phos_control_70ug_1.22870.22870.3.7.dta	STLTTLPFPGAEANSPGKAEAEKPR	1,Phospho[S];	0.000000	13.491832	0.233333	0.310263	-1.409227	-0.006667	-0.006645	0.04	[0, 0, 0, 0, 0, 0, 0, 0, 0, 0, 0, 0, 0, 0, 0, 0, 0, 0, 1, 0, 0, 0, 0, 0, 0, 0]	[0, 0, 0, 0, 1]	ITSTTLPFPGAEANSPGKAEAEKPR	3,Phospho[S];	TITSTLPFPGAEANSPGKAEAEKPR	3,Phospho[T];	ITSTTLPFPGAEANSPGKAEAEKPR	3,Phospho[S];
20150615_HepG2_Phos_control_70ug_1.22870.22870.3.7.dta	STLTTLPFPGAEANSPGKAEAEKPR	2,Phospho[T];	0.000000	13.491832	0.233333	0.310263	-1.532071	-0.006667	-0.007612	0.08	[0, 0, 0, 0, 0, 0, 0, 0, 0, 0, 0, 0, 0, 0, 0, 0, 0, 0, 0, 1, 0, 0, 0, 0, 0, 0]	[0, 0, 0, 0, 1]	TVTTTLPFPGAEANSPGKAEAEKPR	4,Phospho[T];	ITSTTLPFPGAEANSPGKAEAEKPR	3,Phospho[S];	TVTTTLPFPGAEANSPGKAEAEKPR	4,Phospho[T];
20150615_HepG2_Phos_control_70ug_1.22870.22870.3.7.dta	STLTTLPFPGAEANSPGKAEAEKPR	4,Phospho[T];	0.000000	15.063741	0.233333	0.318637	-1.372559	-0.006667	-0.010593	0.16	[0, 0, 0, 0, 0, 0, 0, 0, 0, 0, 0, 0, 0, 0, 0, 0, 0, 0, 0, 1, 0, 0, 0, 0, 0, 0]	[0, 0, 0, 0, 1]	STLTLTPFPGAEANSPGKAEAEKPR	5,Phospho[L];	STLTLTPFPGAEANSPGKAEAEKPR	5,Phospho[L];	STLTLTPFPGAEANSPGKAEAEKPR	5,Phospho[L];
20150615_HepG2_Phos_control_70ug_1.22870.22870.3.7.dta	STLTTLPFPGAEANSPGKAEAEKPR	5,Phospho[T];	0.000000	16.441743	0.246667	0.333418	0.005444	0.000000	0.004189	0.2	[0, 0, 0, 0, 0, 0, 0, 0, 0, 0, 0, 0, 0, 0, 0, 0, 0, 0, 0, 1, 0, 0, 0, 0, 0, 0]	[0, 0, 0, 0, 1]	STITITPFPGAEANSPGKAEAEKPR	6,Phospho[T];	STLTTIPFPGAEANSPGKAEAEKPR	7,Phospho[P];	STITITPFPGAEANSPGKAEAEKPR	6,Phospho[T];
20150615_HepG2_Phos_control_70ug_1.22870.22870.3.7.dta	STLTTLPFPGAEANSPGKAEAEKPR	15,Phospho[S];	1.000000	15.386973	0.246667	0.285629	-0.973036	0.006667	0.002698	0.6	[0, 0, 0, 0, 0, 0, 0, 0, 0, 0, 0, 0, 0, 0, 0, 0, 0, 0, 1, 0, 0, 0, 0, 0, 0, 0]	[0, 0, 0, 0, 1]	STLTTLPFPGAAEGGSPGKAEAEKPR	14,Phospho[G];	STLTTLPFPGAQADSPGKAEAEKPR	12,Phospho[Q];	STLTTLPFPGAQADSPGKAEAEKPR	13,Phospho[A];
20150615_HepG2_Phos_control_70ug_1.22870.22870.3.7.dta	STLTTLPFPGAEANSPGKAEAEKPR	11,Phospho[A];	-1.000000	16.069130	0.226667	0.269434	-0.133591	0.000000	0.000000	0.44	[1, 0, 0, 0, 0, 0, 0, 0, 0, 0, 0, 0, 0, 0, 0, 0, 0, 0, 0, 0, 0, 0, 0, 0, 0, 0]	[0, 0, 0, 0, 1]	STLTTLPFPVNDNSPGKAEAEKPR	11,Phospho[N];	STLTTLPFPPGSSNSPGKAEAEKPR	10,Phospho[P];	STLTTLPFPQEANSPGKAEAEKPR	10,Phospho[Q];
20150615_HepG2_Phos_control_70ug_1.22870.22870.3.7.dta	STLTTLPFPGAEANSPGKAEAEKPR	16,Phospho[P];	-1.000000	12.889062	0.220000	0.250397	-3.206459	-0.033333	-0.047100	0.64	[0, 0, 0, 0, 0, 0, 0, 0, 0, 0, 0, 0, 0, 0, 0, 1, 0, 0, 0, 0, 0, 0, 0, 0, 0, 0]	[0, 0, 0, 0, 1]	STLTTLPFPGAEGQSPGKAEAEKPR	14,Phospho[Q];	STLTTLPFPGAENASPGKAEAEKPR	13,Phospho[N];	STLTTLPFPGAEGQSPGKAEAEKPR	14,Phospho[Q];
20150615_HepG2_Phos_control_70ug_1.22870.22870.3.7.dta	STLTTLPFPGAEANSPGKAEAEKPR	17,Phospho[G];	-1.000000	12.329075	0.220000	0.253747	-2.573356	-0.020000	-0.027377	0.68	[0, 0, 0, 0, 0, 0, 1, 0, 0, 0, 0, 0, 0, 0, 0, 0, 0, 0, 0, 0, 0, 0, 0, 0, 0, 0]	[0, 0, 0, 0, 1]	STLTTLPFPGAEANSPKGAEAEKPR	15,Phospho[S];	STLTTLPFPGAEANSPKGAEAEKPR	15,Phospho[S];	STLTTLPFPGAEANSGPKAEAEKPR	15,Phospho[S];
20150615_HepG2_Phos_control_70ug_1.22870.22870.3.7.dta	STLTTLPFPGAEANSPGKAEAEKPR	20,Phospho[E];	-1.000000	10.271359	0.193333	0.225704	-0.991805	-0.026667	-0.024191	0.8	[0, 0, 0, 0, 1, 0, 0, 0, 0, 0, 0, 0, 0, 0, 0, 0, 0, 0, 0, 0, 0, 0, 0, 0, 0, 0]	[0, 0, 0, 0, 1]	STLTTLPFPGAEANSPGIAQSEKPR	21,Phospho[S];	STLTTLPFPGAEANSPSIQGAEKPR	20,Phospho[G];	STLTTLPFPGAEANSPISQGAEKPR	20,Phospho[G];
20150615_HepG2_Phos_control_70ug_1.22944.22944.2.3.dta	SFTLDDESLK	1,Phospho[S];	1.000000	12.533329	0.220000	0.284528	0.752703	0.026667	0.025058	0.1	[0, 0, 0, 0, 0, 0, 0, 0, 0, 0, 0, 0, 0, 0, 0, 0, 0, 0, 1, 0, 0, 0, 0, 0, 0, 0]	[0, 1, 0, 0, 0]	SFTIDDESLK	3,Phospho[T];	AYTIDDESLK	3,Phospho[T];	YATIDDESLK	3,Phospho[T];
20150615_HepG2_Phos_control_70ug_1.22944.22944.2.3.dta	SFTLDDESLK	3,Phospho[T];	0.000000	11.780626	0.193333	0.259470	0.513272	0.006667	0.023936	0.3	[0, 0, 0, 0, 0, 0, 0, 0, 0, 0, 0, 0, 0, 0, 0, 0, 0, 0, 0, 1, 0, 0, 0, 0, 0, 0]	[0, 1, 0, 0, 0]	FTSIDDESLK	3,Phospho[S];	FTSIDDESLK	3,Phospho[S];	FTSIDDESLK	3,Phospho[S];
20150615_HepG2_Phos_control_70ug_1.22944.22944.2.3.dta	SFTLDDESLK	8,Phospho[S];	0.000000	4.066251	0.140000	0.137137	-1.604523	0.026667	0.018292	0.8	[0, 0, 0, 0, 0, 0, 0, 0, 0, 0, 0, 0, 0, 0, 0, 0, 0, 0, 1, 0, 0, 0, 0, 0, 0, 0]	[0, 1, 0, 0, 0]	SFTLDDSEIK	6,Phospho[D];	SFTLDDSELK	5,Phospho[D];	SFTLDEDSLK	7,Phospho[D];
20150615_HepG2_Phos_control_70ug_1.22944.22944.2.3.dta	SFTLDDESLK	7,Phospho[E];	-1.000000	5.385320	0.120000	0.120588	-2.026695	0.000000	-0.028134	0.7	[0, 0, 0, 0, 1, 0, 0, 0, 0, 0, 0, 0, 0, 0, 0, 0, 0, 0, 0, 0, 0, 0, 0, 0, 0, 0]	[0, 1, 0, 0, 0]	SFTDLDESLK	5,Phospho[L];	SFTDLDESLK	5,Phospho[L];	SFTDLDESLK	5,Phospho[L];
20150615_HepG2_Phos_control_70ug_1.22944.22944.2.3.dta	SFTLDDESLK	8,Phospho[S];	-1.000000	4.066251	0.140000	0.137137	-1.604523	0.026667	0.018292	0.8	[0, 0, 0, 0, 0, 0, 0, 0, 0, 0, 0, 0, 0, 0, 0, 0, 0, 0, 1, 0, 0, 0, 0, 0, 0, 0]	[0, 1, 0, 0, 0]	SFTLDDSEIK	6,Phospho[D];	SFTLDDSELK	5,Phospho[D];	SFTLDEDSLK	7,Phospho[D];
20150615_HepG2_Phos_control_70ug_1.22944.22944.2.3.dta	SFTLDDESLK	1,Phospho[S];	-1.000000	12.533329	0.220000	0.284528	0.752703	0.026667	0.025058	0.1	[0, 0, 0, 0, 0, 0, 0, 0, 0, 0, 0, 0, 0, 0, 0, 0, 0, 0, 1, 0, 0, 0, 0, 0, 0, 0]	[0, 1, 0, 0, 0]	SFTIDDESLK	3,Phospho[T];	AYTIDDESLK	3,Phospho[T];	YATIDDESLK	3,Phospho[T];
20150615_HepG2_Phos_control_70ug_1.23425.23425.3.3.dta	SFGTRPLSSGFSPEEAQQQDEEFEK	1,Phospho[S];	0.000000	16.138044	0.260000	0.347286	-0.746001	-0.006667	-0.003182	0.04	[0, 0, 0, 0, 0, 0, 0, 0, 0, 0, 0, 0, 0, 0, 0, 0, 0, 0, 1, 0, 0, 0, 0, 0, 0, 0]	[0, 0, 0, 0, 1]	SFGTRPLSSGFSPEEAQQQDEEFEK	3,Phospho[G];	FTGSRPLSSGFSPEEAQQQDEEFEK	2,Phospho[T];	FASSRPLSSGFSPEEAQQQDEEFEK	2,Phospho[A];
20150615_HepG2_Phos_control_70ug_1.23425.23425.3.3.dta	SFGTRPLSSGFSPEEAQQQDEEFEK	4,Phospho[T];	0.000000	16.884044	0.260000	0.347286	-0.947825	-0.006667	-0.013411	0.16	[0, 0, 0, 0, 0, 0, 0, 0, 0, 0, 0, 0, 0, 0, 0, 0, 0, 0, 0, 1, 0, 0, 0, 0, 0, 0]	[0, 0, 0, 0, 1]	SFGTRPLSSGFSPEEAQQQDEEFEK	7,Phospho[L];	SFGRTLPSSGFSPEEAQQQDEEFEK	6,Phospho[L];	SFGRTLPSSGFSPEEAQQQDEEFEK	6,Phospho[L];
20150615_HepG2_Phos_control_70ug_1.23425.23425.3.3.dta	SFGTRPLSSGFSPEEAQQQDEEFEK	8,Phospho[S];	1.000000	18.626030	0.273333	0.367869	-1.467250	-0.013333	-0.010094	0.32	[0, 0, 0, 0, 0, 0, 0, 0, 0, 0, 0, 0, 0, 0, 0, 0, 0, 0, 1, 0, 0, 0, 0, 0, 0, 0]	[0, 0, 0, 0, 1]	SFGTRPLSYAGSPEEAQQQDEEFEK	11,Phospho[G];	SFGTRPLSYAGSPEEAQQQDEEFEK	10,Phospho[A];	SFGTRPLSYAGSPEEAQQQDEEFEK	10,Phospho[A];
20150615_HepG2_Phos_control_70ug_1.23425.23425.3.3.dta	SFGTRPLSSGFSPEEAQQQDEEFEK	9,Phospho[S];	0.000000	18.626030	0.273333	0.367869	-1.467250	-0.013333	-0.010094	0.36	[0, 0, 0, 0, 0, 0, 0, 0, 0, 0, 0, 0, 0, 0, 0, 0, 0, 0, 1, 0, 0, 0, 0, 0, 0, 0]	[0, 0, 0, 0, 1]	SFGTRPLSYAGSPEEAQQQDEEFEK	10,Phospho[A];	SFGTRPLYSGASPEEAQQQDEEFEK	11,Phospho[A];	SFGTRPLYSGASPEEAQQQDEEFEK	11,Phospho[A];
20150615_HepG2_Phos_control_70ug_1.23425.23425.3.3.dta	SFGTRPLSSGFSPEEAQQQDEEFEK	12,Phospho[S];	0.000000	19.638317	0.273333	0.375270	0.000000	-0.006667	0.000000	0.48	[0, 0, 0, 0, 0, 0, 0, 0, 0, 0, 0, 0, 0, 0, 0, 0, 0, 0, 1, 0, 0, 0, 0, 0, 0, 0]	[0, 0, 0, 0, 1]	SFGTRPLSSGSFEPEAQQQDEEFEK	12,Phospho[F];	SFGTRPLSYTNPEEAQQQDEEFEK	10,Phospho[T];	SFGTRPLSSGYAEPEAQQQDEEFEK	11,Phospho[Y];
20150615_HepG2_Phos_control_70ug_1.23425.23425.3.3.dta	SFGTRPLSSGFSPEEAQQQDEEFEK	23,Phospho[F];	-1.000000	5.904867	0.126667	0.154735	-0.879825	0.006667	0.005094	0.92	[0, 0, 0, 0, 0, 1, 0, 0, 0, 0, 0, 0, 0, 0, 0, 0, 0, 0, 0, 0, 0, 0, 0, 0, 0, 0]	[0, 0, 0, 0, 1]	SFGTRPLSSGFSPEEAQQQDEFEEK	21,Phospho[E];	SFGTRPLSSGFSPEEAQQQDEFEEK	21,Phospho[E];	SFGTRPLSSGFSPEEAQQQDEFEEK	21,Phospho[E];
20150615_HepG2_Phos_control_70ug_1.23425.23425.3.3.dta	SFGTRPLSSGFSPEEAQQQDEEFEK	13,Phospho[P];	-1.000000	16.325539	0.213333	0.285452	-3.312778	-0.060000	-0.089818	0.52	[0, 0, 0, 0, 0, 0, 0, 0, 0, 0, 0, 0, 0, 0, 0, 1, 0, 0, 0, 0, 0, 0, 0, 0, 0, 0]	[0, 0, 0, 0, 1]	SFGTRPLSSGYAEPEAQQQDEEFEK	12,Phospho[A];	SFGTRPLSSGYAEPEAQQQDEEFEK	12,Phospho[A];	SFGTRPLSSGYAEPEAQQQDEEFEK	12,Phospho[A];
20150615_HepG2_Phos_control_70ug_1.23425.23425.3.3.dta	SFGTRPLSSGFSPEEAQQQDEEFEK	22,Phospho[E];	-1.000000	6.838045	0.140000	0.173397	-1.916486	-0.006667	-0.010656	0.88	[0, 0, 0, 0, 1, 0, 0, 0, 0, 0, 0, 0, 0, 0, 0, 0, 0, 0, 0, 0, 0, 0, 0, 0, 0, 0]	[0, 0, 0, 0, 1]	SFGTRPLSSGFSPEEAQQDAGEEFEK	19,Phospho[D];	SFGTRPLSSGFSPEEAQQDAGEEFEK	19,Phospho[D];	SFGTRPLSSGFSPEEAQQADGEEFEK	19,Phospho[A];
20150615_HepG2_Phos_control_70ug_1.23425.23425.3.3.dta	SFGTRPLSSGFSPEEAQQQDEEFEK	25,Phospho[K];	-1.000000	4.886168	0.126667	0.150077	0.062998	-0.006667	-0.003182	1.0	[0, 0, 0, 0, 0, 0, 0, 0, 0, 0, 1, 0, 0, 0, 0, 0, 0, 0, 0, 0, 0, 0, 0, 0, 0, 0]	[0, 0, 0, 0, 1]	SFGTRPLSSGFSPEEAQQQDEEFGTV	26,Phospho[V];	SFGTRPLSSGFSPEEAQQQDEEFGSI	26,Phospho[I];	SFGTRPLSSGFSPEEAQQQDEEFGSI	26,Phospho[I];
20150615_HepG2_Phos_control_70ug_1.23425.23425.3.3.dta	SFGTRPLSSGFSPEEAQQQDEEFEK	17,Phospho[Q];	-1.000000	12.987139	0.193333	0.264719	-1.931627	-0.013333	-0.008579	0.68	[0, 0, 0, 0, 0, 0, 0, 0, 0, 0, 0, 0, 0, 0, 0, 0, 1, 0, 0, 0, 0, 0, 0, 0, 0, 0]	[0, 0, 0, 0, 1]	SFGTRPLSSGFSPEEAAGQQDEEFEK	15,Phospho[E];	SFGTRPLSSGFSPEAEQQQDEEFEK	14,Phospho[E];	SFGTRPLSSGFSPEAEAGQQDEEFEK	14,Phospho[E];
20150615_HepG2_Phos_control_70ug_1.25738.25738.3.2.dta	TVFPGAVPVLPASPPPKDSLR	1,Phospho[T];	0.000000	13.561334	0.366667	0.465435	-1.384555	0.053333	0.073088	0.047619047619047616	[0, 0, 0, 0, 0, 0, 0, 0, 0, 0, 0, 0, 0, 0, 0, 0, 0, 0, 0, 1, 0, 0, 0, 0, 0, 0]	[0, 0, 0, 0, 1]	TVFPGAVPVLPASPPPKDSLR	3,Phospho[F];	ISPFGAVPVLPASPPPKDSLR	3,Phospho[P];	VTPFGAVPVLPASPPPKDSLR	3,Phospho[P];
20150615_HepG2_Phos_control_70ug_1.25738.25738.3.2.dta	TVFPGAVPVLPASPPPKDSLR	13,Phospho[S];	1.000000	18.026783	0.393333	0.493300	-0.576833	0.020000	0.006863	0.6190476190476191	[0, 0, 0, 0, 0, 0, 0, 0, 0, 0, 0, 0, 0, 0, 0, 0, 0, 0, 1, 0, 0, 0, 0, 0, 0, 0]	[0, 0, 0, 0, 1]	TVFPGAVPVLAPSPPPKDSLR	11,Phospho[A];	TVFPGAVPVLPASPPPKDSLR	10,Phospho[L];	TVFPGAVPVLAPSPPPKDSLR	11,Phospho[A];
20150615_HepG2_Phos_control_70ug_1.25738.25738.3.2.dta	TVFPGAVPVLPASPPPKDSLR	19,Phospho[S];	0.000000	10.447717	0.320000	0.369167	-1.391645	0.020000	-0.006147	0.9047619047619048	[0, 0, 0, 0, 0, 0, 0, 0, 0, 0, 0, 0, 0, 0, 0, 0, 0, 0, 1, 0, 0, 0, 0, 0, 0, 0]	[0, 0, 0, 0, 1]	TVFPGAVPVLPASPPPATASIR	17,Phospho[A];	TVFPGAVPVLPASPPPAATSLR	17,Phospho[A];	TVFPGAVPVLPASPPPAATSLR	17,Phospho[A];
20150615_HepG2_Phos_control_70ug_1.25738.25738.3.2.dta	TVFPGAVPVLPASPPPKDSLR	6,Phospho[A];	-1.000000	16.194700	0.313333	0.360267	-2.526190	-0.033333	-0.066059	0.2857142857142857	[1, 0, 0, 0, 0, 0, 0, 0, 0, 0, 0, 0, 0, 0, 0, 0, 0, 0, 0, 0, 0, 0, 0, 0, 0, 0]	[0, 0, 0, 0, 1]	TVFPGVAPVLPASPPPKDSLR	8,Phospho[P];	TVFPGVAPVLPASPPPKDSLR	8,Phospho[P];	TVFPVQPVLPASPPPKDSLR	7,Phospho[P];
20150615_HepG2_Phos_control_70ug_1.25738.25738.3.2.dta	TVFPGAVPVLPASPPPKDSLR	19,Phospho[S];	-1.000000	10.447717	0.320000	0.369167	-1.391645	0.020000	-0.006147	0.9047619047619048	[0, 0, 0, 0, 0, 0, 0, 0, 0, 0, 0, 0, 0, 0, 0, 0, 0, 0, 1, 0, 0, 0, 0, 0, 0, 0]	[0, 0, 0, 0, 1]	TVFPGAVPVLPASPPPATASIR	17,Phospho[A];	TVFPGAVPVLPASPPPAATSLR	17,Phospho[A];	TVFPGAVPVLPASPPPAATSLR	17,Phospho[A];
20150615_HepG2_Phos_control_70ug_1.25738.25738.3.2.dta	TVFPGAVPVLPASPPPKDSLR	13,Phospho[S];	-1.000000	18.026783	0.393333	0.493300	-0.576833	0.020000	0.006863	0.6190476190476191	[0, 0, 0, 0, 0, 0, 0, 0, 0, 0, 0, 0, 0, 0, 0, 0, 0, 0, 1, 0, 0, 0, 0, 0, 0, 0]	[0, 0, 0, 0, 1]	TVFPGAVPVLAPSPPPKDSLR	11,Phospho[A];	TVFPGAVPVLPASPPPKDSLR	10,Phospho[L];	TVFPGAVPVLAPSPPPKDSLR	11,Phospho[A];
20150615_HepG2_Phos_control_70ug_1.26249.26249.2.6.dta	YLSFTPPEKDGFPSGTPALNAK	1,Phospho[Y];	0.000000	9.977299	0.193333	0.214203	-1.282976	0.000000	0.000253	0.045454545454545456	[0, 0, 0, 0, 0, 0, 0, 0, 0, 0, 0, 0, 0, 0, 0, 0, 0, 0, 0, 0, 0, 0, 0, 0, 1, 0]	[0, 0, 0, 0, 1]	ISYFTPPEKDGFPSGTPALNAK	4,Phospho[F];	ISYFTPPEKDGFPSGTPALNAK	4,Phospho[F];	ISYFTPPEKDGFPSGTPALNAK	4,Phospho[F];
20150615_HepG2_Phos_control_70ug_1.26249.26249.2.6.dta	YLSFTPPEKDGFPSGTPALNAK	3,Phospho[S];	1.000000	9.970741	0.186667	0.207336	-1.289533	-0.006667	-0.006614	0.13636363636363635	[0, 0, 0, 0, 0, 0, 0, 0, 0, 0, 0, 0, 0, 0, 0, 0, 0, 0, 1, 0, 0, 0, 0, 0, 0, 0]	[0, 0, 0, 0, 1]	ISYFTPPEKDGFPSGTPALNAK	4,Phospho[F];	ISYFTPPEKDGFPSGTPALNAK	4,Phospho[F];	ISYFTPPEKDGFPSGTPALNAK	4,Phospho[F];
20150615_HepG2_Phos_control_70ug_1.26249.26249.2.6.dta	YLSFTPPEKDGFPSGTPALNAK	5,Phospho[T];	0.000000	9.495187	0.180000	0.203294	-0.414702	0.000000	0.003827	0.22727272727272727	[0, 0, 0, 0, 0, 0, 0, 0, 0, 0, 0, 0, 0, 0, 0, 0, 0, 0, 0, 1, 0, 0, 0, 0, 0, 0]	[0, 0, 0, 0, 1]	YSVYVPPEKDGFPSGTPALNAK	2,Phospho[S];	YLYATPPEKDGFPSGTPALNAK	4,Phospho[A];	YSVYVPPEKDGFPSGTPALNAK	2,Phospho[S];
20150615_HepG2_Phos_control_70ug_1.26249.26249.2.6.dta	YLSFTPPEKDGFPSGTPALNAK	14,Phospho[S];	0.000000	2.262275	0.086667	0.098171	-0.838421	-0.013333	-0.024571	0.6363636363636364	[0, 0, 0, 0, 0, 0, 0, 0, 0, 0, 0, 0, 0, 0, 0, 0, 0, 0, 1, 0, 0, 0, 0, 0, 0, 0]	[0, 0, 0, 0, 1]	YLSFTPPEKDGFDGIGPALNAK	15,Phospho[I];	YLSFTPPEKDGFDGIGPALNAK	15,Phospho[I];	YLSFTPPEKDGFDGIGPALNAK	15,Phospho[I];
20150615_HepG2_Phos_control_70ug_1.26249.26249.2.6.dta	YLSFTPPEKDGFPSGTPALNAK	16,Phospho[T];	0.000000	2.269203	0.093333	0.105701	-0.825164	-0.006667	-0.010863	0.7272727272727273	[0, 0, 0, 0, 0, 0, 0, 0, 0, 0, 0, 0, 0, 0, 0, 0, 0, 0, 0, 1, 0, 0, 0, 0, 0, 0]	[0, 0, 0, 0, 1]	YLSFTPPEKDGFDGVAPALNAK	15,Phospho[V];	YLSFTPPEKDGFGEVGPALNAK	15,Phospho[V];	YLSFTPPEKDGFDGGIPALNAK	15,Phospho[G];
20150615_HepG2_Phos_control_70ug_1.26249.26249.2.6.dta	YLSFTPPEKDGFPSGTPALNAK	15,Phospho[G];	-1.000000	2.269203	0.093333	0.105701	-0.825164	-0.006667	-0.004792	0.6818181818181818	[0, 0, 0, 0, 0, 0, 1, 0, 0, 0, 0, 0, 0, 0, 0, 0, 0, 0, 0, 0, 0, 0, 0, 0, 0, 0]	[0, 0, 0, 0, 1]	YLSFTPPEKDGFDGAVPALNAK	15,Phospho[A];	YLSFTPPEKDGFGDLGPALNAK	15,Phospho[L];	YLSFTPPEKDGFDAVGPALNAK	15,Phospho[V];
20150615_HepG2_Phos_control_70ug_1.26249.26249.2.6.dta	YLSFTPPEKDGFPSGTPALNAK	14,Phospho[S];	-1.000000	2.262275	0.086667	0.098171	-0.838421	-0.013333	-0.024571	0.6363636363636364	[0, 0, 0, 0, 0, 0, 0, 0, 0, 0, 0, 0, 0, 0, 0, 0, 0, 0, 1, 0, 0, 0, 0, 0, 0, 0]	[0, 0, 0, 0, 1]	YLSFTPPEKDGFDGIGPALNAK	15,Phospho[I];	YLSFTPPEKDGFDGIGPALNAK	15,Phospho[I];	YLSFTPPEKDGFDGIGPALNAK	15,Phospho[I];
20150615_HepG2_Phos_control_70ug_1.26249.26249.2.6.dta	YLSFTPPEKDGFPSGTPALNAK	21,Phospho[A];	-1.000000	0.065673	0.073333	0.078459	-1.693290	-0.020000	-0.020815	0.9545454545454546	[1, 0, 0, 0, 0, 0, 0, 0, 0, 0, 0, 0, 0, 0, 0, 0, 0, 0, 0, 0, 0, 0, 0, 0, 0, 0]	[0, 0, 0, 0, 1]	YLSFTPPEKDGFPSGTPAQIGK	18,Phospho[A];	YLSFTPPEKDGFPSGTPGPSKK	21,Phospho[K];	YLSFTPPEKDGFPSGTPAQIGK	18,Phospho[A];
20150615_HepG2_Phos_control_70ug_1.26249.26249.2.6.dta	YLSFTPPEKDGFPSGTPALNAK	9,Phospho[K];	-1.000000	5.833605	0.133333	0.139648	-1.761321	-0.006667	0.000803	0.4090909090909091	[0, 0, 0, 0, 0, 0, 0, 0, 0, 0, 1, 0, 0, 0, 0, 0, 0, 0, 0, 0, 0, 0, 0, 0, 0, 0]	[0, 0, 0, 0, 1]	YLSFTVGTPPDGFPSGTPALNAK	8,Phospho[T];	YLSFTVTGPPDGFPSGTPALNAK	8,Phospho[G];	YLSFTTVPGPDGFPSGTPALNAK	8,Phospho[P];
20150615_HepG2_Phos_control_70ug_1.28654.28654.2.6.dta	AYSFCGTVEYMAPEVVNR	2,Phospho[Y];5,Carbamidomethyl[C];	0.000000	14.235904	0.200000	0.297960	-0.773767	-0.006667	-0.004830	0.1111111111111111	[0, 0, 0, 0, 0, 0, 0, 0, 0, 0, 0, 0, 0, 0, 0, 0, 0, 0, 0, 0, 0, 0, 0, 0, 1, 0]	[0, 0, 0, 1, 0]	FSAYCGTVEYMAPEVVNR	4,Phospho[Y];5,Carbamidomethyl[C];	FSSFCGTVEYMAPEVVNR	4,Phospho[F];5,Carbamidomethyl[C];	FSSFCGTVEYMAPEVVNR	4,Phospho[F];5,Carbamidomethyl[C];
20150615_HepG2_Phos_control_70ug_1.28654.28654.2.6.dta	AYSFCGTVEYMAPEVVNR	3,Phospho[S];5,Carbamidomethyl[C];	1.000000	15.720094	0.206667	0.302790	0.717594	0.006667	0.005253	0.16666666666666666	[0, 0, 0, 0, 0, 0, 0, 0, 0, 0, 0, 0, 0, 0, 0, 0, 0, 0, 1, 0, 0, 0, 0, 0, 0, 0]	[0, 0, 0, 1, 0]	YAYACGTVEYMAPEVVNR	3,Phospho[Y];5,Carbamidomethyl[C];	YAYACGTVEYMAPEVVNR	3,Phospho[Y];5,Carbamidomethyl[C];	YAFSCGTVEYMAPEVVNR	4,Phospho[S];5,Carbamidomethyl[C];
20150615_HepG2_Phos_control_70ug_1.28654.28654.2.6.dta	AYSFCGTVEYMAPEVVNR	5,Carbamidomethyl[C];7,Phospho[T];	0.000000	10.848600	0.153333	0.234509	-2.723931	-0.033333	-0.050186	0.3888888888888889	[0, 0, 0, 0, 0, 0, 0, 0, 0, 0, 0, 0, 0, 0, 0, 0, 0, 0, 0, 1, 0, 0, 0, 0, 0, 0]	[0, 0, 0, 1, 0]	AYSFSGCAVEYMAPEVVNR	4,Phospho[F];	AYSFCGGTVEYMAPEVVNR	6,Phospho[G];	AYSFCSAVEYMAPEVVNR	4,Phospho[F];5,Carbamidomethyl[C];
20150615_HepG2_Phos_control_70ug_1.28654.28654.2.6.dta	AYSFCGTVEYMAPEVVNR	5,Carbamidomethyl[C];10,Phospho[Y];	0.000000	7.042179	0.126667	0.168813	-2.841967	-0.020000	-0.049437	0.5555555555555556	[0, 0, 0, 0, 0, 0, 0, 0, 0, 0, 0, 0, 0, 0, 0, 0, 0, 0, 0, 0, 0, 0, 0, 0, 1, 0]	[0, 0, 0, 1, 0]	AYSFCGLSEYMAPEVVNR	5,Carbamidomethyl[C];7,Phospho[L];	AYSFCGSLEYMAPEVVNR	5,Carbamidomethyl[C];8,Phospho[L];	AYSFCGLSEYMAPEVVNR	5,Carbamidomethyl[C];7,Phospho[L];
20150615_HepG2_Phos_control_70ug_1.28654.28654.2.6.dta	AYSFCGTVEYMAPEVVNR	5,Carbamidomethyl[C];7,Phospho[T];	-1.000000	10.848600	0.153333	0.234509	-2.723931	-0.033333	-0.050186	0.3888888888888889	[0, 0, 0, 0, 0, 0, 0, 0, 0, 0, 0, 0, 0, 0, 0, 0, 0, 0, 0, 1, 0, 0, 0, 0, 0, 0]	[0, 0, 0, 1, 0]	AYSFSGCAVEYMAPEVVNR	4,Phospho[F];	AYSFCGGTVEYMAPEVVNR	6,Phospho[G];	AYSFCSAVEYMAPEVVNR	4,Phospho[F];5,Carbamidomethyl[C];
20150615_HepG2_Phos_control_70ug_1.28654.28654.2.6.dta	AYSFCGTVEYMAPEVVNR	5,Carbamidomethyl[C];8,Phospho[V];	-1.000000	9.884145	0.146667	0.218250	-3.095715	-0.033333	-0.057169	0.4444444444444444	[0, 0, 0, 0, 0, 0, 0, 0, 0, 0, 0, 0, 0, 0, 0, 0, 0, 0, 0, 0, 0, 1, 0, 0, 0, 0]	[0, 0, 0, 1, 0]	AYSFGCGSIEYMAPEVVNR	5,Phospho[G];	AYSFGCEKEYMAPEVVNR	6,Phospho[C];	AYSFSGACVEYMAPEVVNR	6,Phospho[G];
20150615_HepG2_Phos_control_70ug_1.28654.28654.2.6.dta	AYSFCGTVEYMAPEVVNR	5,Carbamidomethyl[C];16,Phospho[V];	-1.000000	2.365496	0.080000	0.079760	-1.014721	0.013333	0.012438	0.8888888888888888	[0, 0, 0, 0, 0, 0, 0, 0, 0, 0, 0, 0, 0, 0, 0, 0, 0, 0, 0, 0, 0, 1, 0, 0, 0, 0]	[0, 0, 0, 1, 0]	AYSFCGTVEYMAIPDVNR	5,Carbamidomethyl[C];15,Phospho[D];	AYSFCGTVEYMAPEVVGGR	5,Carbamidomethyl[C];14,Phospho[E];	AYSFCGTVEYMAPIVDNR	5,Carbamidomethyl[C];15,Phospho[V];
20150615_HepG2_Phos_control_70ug_1.28654.28654.2.6.dta	AYSFCGTVEYMAPEVVNR	3,Phospho[S];5,Carbamidomethyl[C];	-1.000000	15.720094	0.206667	0.302790	0.717594	0.006667	0.005253	0.16666666666666666	[0, 0, 0, 0, 0, 0, 0, 0, 0, 0, 0, 0, 0, 0, 0, 0, 0, 0, 1, 0, 0, 0, 0, 0, 0, 0]	[0, 0, 0, 1, 0]	YAYACGTVEYMAPEVVNR	3,Phospho[Y];5,Carbamidomethyl[C];	YAYACGTVEYMAPEVVNR	3,Phospho[Y];5,Carbamidomethyl[C];	YAFSCGTVEYMAPEVVNR	4,Phospho[S];5,Carbamidomethyl[C];
20150615_HepG2_Phos_control_70ug_1.28872.28872.3.3.dta	ALAEEASEEELPSDVDLNDPYFAEEVK	7,Phospho[S];13,Phospho[S];	1.000000	18.109908	0.273333	0.343959	0.099821	0.006667	0.006098	0.25925925925925924	[0, 0, 0, 0, 0, 0, 0, 0, 0, 0, 0, 0, 0, 0, 0, 0, 0, 0, 1, 0, 0, 0, 0, 0, 0, 0]	[0, 0, 0, 0, 1]	ALAEETGEEELPSDVDLNDPYFAEEVK	7,Phospho[G];13,Phospho[S];	ALAEEATDEELPSDVDLNDPYFAEEVK	8,Phospho[D];13,Phospho[S];	ALATEADEEELPSDVDLNDPYFAEEVK	7,Phospho[D];13,Phospho[S];
20150615_HepG2_Phos_control_70ug_1.28872.28872.3.3.dta	ALAEEASEEELPSDVDLNDPYFAEEVK	7,Phospho[S];13,Phospho[S];	1.000000	18.109908	0.273333	0.343959	0.654219	0.013333	0.011122	0.48148148148148145	[0, 0, 0, 0, 0, 0, 0, 0, 0, 0, 0, 0, 0, 0, 0, 0, 0, 0, 1, 0, 0, 0, 0, 0, 0, 0]	[0, 0, 0, 0, 1]	ALAEEASEEELPETADLNDPYFAEEVK	7,Phospho[S];14,Phospho[T];	ALAEEASEEELPAETDLNDPYFAEEVK	7,Phospho[S];15,Phospho[T];	ALAEEASEEELPAETDLNDPYFAEEVK	7,Phospho[S];15,Phospho[T];
20150615_HepG2_Phos_control_70ug_1.28872.28872.3.3.dta	ALAEEASEEELPSDVDLNDPYFAEEVK	7,Phospho[S];21,Phospho[Y];	0.000000	10.934565	0.153333	0.177278	0.119568	0.006667	0.003617	0.25925925925925924	[0, 0, 0, 0, 0, 0, 0, 0, 0, 0, 0, 0, 0, 0, 0, 0, 0, 0, 1, 0, 0, 0, 0, 0, 0, 0]	[0, 0, 0, 0, 1]	ALAEETGEEELPSDVDLNDPYFAEEVK	7,Phospho[G];21,Phospho[Y];	ALAEEAESEELPSDVDLNDPYFAEEVK	8,Phospho[S];21,Phospho[Y];	ALAEEAESEELPSDVDLNDPYFAEEVK	8,Phospho[S];21,Phospho[Y];
20150615_HepG2_Phos_control_70ug_1.28872.28872.3.3.dta	ALAEEASEEELPSDVDLNDPYFAEEVK	7,Phospho[S];21,Phospho[Y];	0.000000	10.934565	0.153333	0.177278	-0.230322	0.006667	0.009847	0.7777777777777778	[0, 0, 0, 0, 0, 0, 0, 0, 0, 0, 0, 0, 0, 0, 0, 0, 0, 0, 0, 0, 0, 0, 0, 0, 1, 0]	[0, 0, 0, 0, 1]	ALAEEASEEELPSDVDLWTSDFAEEVK	7,Phospho[S];21,Phospho[D];	ALAEEASEEELPSDVDLGDYPGFAEEVK	7,Phospho[S];21,Phospho[P];	ALAEEASEEELPSDVDLTWSDFAEEVK	7,Phospho[S];21,Phospho[D];
20150615_HepG2_Phos_control_70ug_1.28872.28872.3.3.dta	ALAEEASEEELPSDVDLNDPYFAEEVK	13,Phospho[S];21,Phospho[Y];	0.000000	7.381587	0.120000	0.151590	-2.127256	-0.006667	-0.006744	0.48148148148148145	[0, 0, 0, 0, 0, 0, 0, 0, 0, 0, 0, 0, 0, 0, 0, 0, 0, 0, 1, 0, 0, 0, 0, 0, 0, 0]	[0, 0, 0, 0, 1]	ALAEEASEEIESPDVDLNDPYFAEEVK	11,Phospho[E];21,Phospho[Y];	ALAEEASEEIESPDVDLNDPYFAEEVK	11,Phospho[E];21,Phospho[Y];	ALAEEASEEIESPDVDLNDPYFAEEVK	11,Phospho[E];21,Phospho[Y];
20150615_HepG2_Phos_control_70ug_1.28872.28872.3.3.dta	ALAEEASEEELPSDVDLNDPYFAEEVK	13,Phospho[S];21,Phospho[Y];	0.000000	7.381587	0.120000	0.151590	-0.213209	0.006667	0.009847	0.7777777777777778	[0, 0, 0, 0, 0, 0, 0, 0, 0, 0, 0, 0, 0, 0, 0, 0, 0, 0, 0, 0, 0, 0, 0, 0, 1, 0]	[0, 0, 0, 0, 1]	ALAEEASEEELPSDVDLWTSDFAEEVK	13,Phospho[S];21,Phospho[D];	ALAEEASEEELPSDVDLGDYPGFAEEVK	13,Phospho[S];21,Phospho[P];	ALAEEASEEELPSDVDLTWSDFAEEVK	13,Phospho[S];21,Phospho[D];
20150615_HepG2_Phos_control_70ug_1.28872.28872.3.3.dta	ALAEEASEEELPSDVDLNDPYFAEEVK	13,Phospho[S];16,Phospho[D];	-1.000000	13.261410	0.206667	0.270388	-2.157072	-0.020000	-0.027649	0.48148148148148145	[0, 0, 0, 0, 0, 0, 0, 0, 0, 0, 0, 0, 0, 0, 0, 0, 0, 0, 1, 0, 0, 0, 0, 0, 0, 0]	[0, 0, 0, 0, 1]	ALAEEASEEIESPDVDLNDPYFAEEVK	11,Phospho[E];16,Phospho[D];	ALAEEASEEIESPDVDLNDPYFAEEVK	11,Phospho[E];16,Phospho[D];	ALAEEASEEIESPDVDLNDPYFAEEVK	11,Phospho[E];16,Phospho[D];
20150615_HepG2_Phos_control_70ug_1.28872.28872.3.3.dta	ALAEEASEEELPSDVDLNDPYFAEEVK	13,Phospho[S];16,Phospho[D];	-1.000000	13.261410	0.206667	0.270388	-0.409399	-0.006667	-0.007920	0.5925925925925926	[0, 0, 0, 1, 0, 0, 0, 0, 0, 0, 0, 0, 0, 0, 0, 0, 0, 0, 0, 0, 0, 0, 0, 0, 0, 0]	[0, 0, 0, 0, 1]	ALAEEASEEELPCPLCLNDPYFAEEVK	14,Phospho[P];15,Phospho[L];	ALAEEASEEELPEATDLNDPYFAEEVK	13,Phospho[E];14,Phospho[A];	ALAEEASEEELPCPCLLNDPYFAEEVK	13,Phospho[C];16,Phospho[L];
20150615_HepG2_Phos_control_70ug_1.28872.28872.3.3.dta	ALAEEASEEELPSDVDLNDPYFAEEVK	7,Phospho[S];24,Phospho[E];	-1.000000	7.702322	0.153333	0.164891	-0.005028	0.013333	0.011707	0.25925925925925924	[0, 0, 0, 0, 0, 0, 0, 0, 0, 0, 0, 0, 0, 0, 0, 0, 0, 0, 1, 0, 0, 0, 0, 0, 0, 0]	[0, 0, 0, 0, 1]	ALATEDAEEELPSDVDLNDPYFAEEVK	6,Phospho[D];24,Phospho[E];	ALAEEATEDELPSDVDLNDPYFAEEVK	9,Phospho[D];24,Phospho[E];	ALATEEGEEELPSDVDLNDPYFAEEVK	7,Phospho[G];24,Phospho[E];
20150615_HepG2_Phos_control_70ug_1.28872.28872.3.3.dta	ALAEEASEEELPSDVDLNDPYFAEEVK	7,Phospho[S];24,Phospho[E];	-1.000000	7.702322	0.153333	0.164891	-0.170437	0.006667	0.007553	0.8888888888888888	[0, 0, 0, 0, 1, 0, 0, 0, 0, 0, 0, 0, 0, 0, 0, 0, 0, 0, 0, 0, 0, 0, 0, 0, 0, 0]	[0, 0, 0, 0, 1]	ALAEEASEEELPSDVDLNDPYPEYSVK	7,Phospho[S];23,Phospho[E];	ALAEEASEEELPSDVDLNDPYTPYDVK	7,Phospho[S];24,Phospho[Y];	ALAEEASEEELPSDVDLNDPYTPYDVK	7,Phospho[S];24,Phospho[Y];
20150615_HepG2_Phos_control_70ug_1.28872.28872.3.3.dta	ALAEEASEEELPSDVDLNDPYFAEEVK	14,Phospho[D];21,Phospho[Y];	-1.000000	7.136474	0.113333	0.146156	-0.347556	0.000000	0.011925	0.5185185185185185	[0, 0, 0, 1, 0, 0, 0, 0, 0, 0, 0, 0, 0, 0, 0, 0, 0, 0, 0, 0, 0, 0, 0, 0, 0, 0]	[0, 0, 0, 0, 1]	ALAEEASEEEEPSVVDLNDPYFAEEVK	12,Phospho[P];21,Phospho[Y];	ALAEEASEEETPVDVDLNDPYFAEEVK	11,Phospho[T];21,Phospho[Y];	ALAEEASEEEPTDVVDLNDPYFAEEVK	12,Phospho[T];21,Phospho[Y];
20150615_HepG2_Phos_control_70ug_1.28872.28872.3.3.dta	ALAEEASEEELPSDVDLNDPYFAEEVK	14,Phospho[D];21,Phospho[Y];	-1.000000	7.136474	0.113333	0.146156	-0.162852	0.006667	0.009847	0.7777777777777778	[0, 0, 0, 0, 0, 0, 0, 0, 0, 0, 0, 0, 0, 0, 0, 0, 0, 0, 0, 0, 0, 0, 0, 0, 1, 0]	[0, 0, 0, 0, 1]	ALAEEASEEELPSDVDLWTSDFAEEVK	14,Phospho[D];21,Phospho[D];	ALAEEASEEELPSDVDLGDYPGFAEEVK	14,Phospho[D];21,Phospho[P];	ALAEEASEEELPSDVDLTWSDFAEEVK	14,Phospho[D];21,Phospho[D];
20150615_HepG2_Phos_control_70ug_1.28872.28872.3.3.dta	ALAEEASEEELPSDVDLNDPYFAEEVK	2,Phospho[L];7,Phospho[S];	-1.000000	11.958625	0.200000	0.263098	-1.482663	-0.013333	-0.015048	0.07407407407407407	[0, 0, 0, 0, 0, 0, 0, 0, 0, 0, 0, 1, 0, 0, 0, 0, 0, 0, 0, 0, 0, 0, 0, 0, 0, 0]	[0, 0, 0, 0, 1]	TVSPEASEEELPSDVDLNDPYFAEEVK	4,Phospho[P];7,Phospho[S];	VTSPEASEEELPSDVDLNDPYFAEEVK	3,Phospho[S];7,Phospho[S];	TVPSEASEEELPSDVDLNDPYFAEEVK	4,Phospho[S];7,Phospho[S];
20150615_HepG2_Phos_control_70ug_1.28872.28872.3.3.dta	ALAEEASEEELPSDVDLNDPYFAEEVK	2,Phospho[L];7,Phospho[S];	-1.000000	11.958625	0.200000	0.263098	-0.482572	-0.006667	-0.003617	0.25925925925925924	[0, 0, 0, 0, 0, 0, 0, 0, 0, 0, 0, 0, 0, 0, 0, 0, 0, 0, 1, 0, 0, 0, 0, 0, 0, 0]	[0, 0, 0, 0, 1]	ALAEESAEEELPSDVDLNDPYFAEEVK	2,Phospho[L];8,Phospho[E];	ALAEGMPMEELPSDVDLNDPYFAEEVK	2,Phospho[L];7,Phospho[P];	ALAEAESEEELPSDVDLNDPYFAEEVK	2,Phospho[L];8,Phospho[E];
20150615_HepG2_Phos_control_70ug_1.28872.28872.3.3.dta	ALAEEASEEELPSDVDLNDPYFAEEVK	5,Phospho[E];21,Phospho[Y];	-1.000000	9.448349	0.140000	0.163178	-0.982484	-0.006667	-0.010483	0.18518518518518517	[0, 0, 0, 0, 1, 0, 0, 0, 0, 0, 0, 0, 0, 0, 0, 0, 0, 0, 0, 0, 0, 0, 0, 0, 0, 0]	[0, 0, 0, 0, 1]	ALAEEASEEELPSDVDLNDPYFAEEVK	8,Phospho[E];21,Phospho[Y];	ALAEEASEEELPSDVDLNDPYFAEEVK	8,Phospho[E];21,Phospho[Y];	ALAEEATDEELPSDVDLNDPYFAEEVK	7,Phospho[T];21,Phospho[Y];
20150615_HepG2_Phos_control_70ug_1.28872.28872.3.3.dta	ALAEEASEEELPSDVDLNDPYFAEEVK	5,Phospho[E];21,Phospho[Y];	-1.000000	9.448349	0.140000	0.163178	-0.244312	0.006667	0.009847	0.7777777777777778	[0, 0, 0, 0, 0, 0, 0, 0, 0, 0, 0, 0, 0, 0, 0, 0, 0, 0, 0, 0, 0, 0, 0, 0, 1, 0]	[0, 0, 0, 0, 1]	ALAEEASEEELPSDVDLWTSDFAEEVK	5,Phospho[E];21,Phospho[D];	ALAEEASEEELPSDVDLGDYPGFAEEVK	5,Phospho[E];21,Phospho[P];	ALAEEASEEELPSDVDLTWSDFAEEVK	5,Phospho[E];21,Phospho[D];
20150615_HepG2_Phos_control_70ug_1.28872.28872.3.3.dta	ALAEEASEEELPSDVDLNDPYFAEEVK	5,Phospho[E];13,Phospho[S];	-1.000000	16.616654	0.260000	0.329859	-1.015646	-0.006667	-0.010483	0.18518518518518517	[0, 0, 0, 0, 1, 0, 0, 0, 0, 0, 0, 0, 0, 0, 0, 0, 0, 0, 0, 0, 0, 0, 0, 0, 0, 0]	[0, 0, 0, 0, 1]	ALAEEAESEELPSDVDLNDPYFAEEVK	7,Phospho[E];13,Phospho[S];	ALAEEASEEELPSDVDLNDPYFAEEVK	8,Phospho[E];13,Phospho[S];	ALAEEATDEELPSDVDLNDPYFAEEVK	7,Phospho[T];13,Phospho[S];
20150615_HepG2_Phos_control_70ug_1.28872.28872.3.3.dta	ALAEEASEEELPSDVDLNDPYFAEEVK	5,Phospho[E];13,Phospho[S];	-1.000000	16.616654	0.260000	0.329859	0.255775	0.006667	0.003991	0.48148148148148145	[0, 0, 0, 0, 0, 0, 0, 0, 0, 0, 0, 0, 0, 0, 0, 0, 0, 0, 1, 0, 0, 0, 0, 0, 0, 0]	[0, 0, 0, 0, 1]	ALAEEASEEELPEATDLNDPYFAEEVK	5,Phospho[E];14,Phospho[A];	ALAEEASEEELPEATDLNDPYFAEEVK	5,Phospho[E];14,Phospho[A];	ALAEEASEEELPEATDLNDPYFAEEVK	5,Phospho[E];14,Phospho[A];
20150615_HepG2_Phos_control_70ug_1.29302.29302.2.4.dta	TLDFDPLLSPASPK	1,Phospho[T];	0.000000	7.793298	0.206667	0.274019	-1.110690	0.013333	0.011592	0.07142857142857142	[0, 0, 0, 0, 0, 0, 0, 0, 0, 0, 0, 0, 0, 0, 0, 0, 0, 0, 0, 1, 0, 0, 0, 0, 0, 0]	[0, 0, 1, 0, 0]	TIDFDPLLSPASPK	3,Phospho[D];	TLDFDPLLSPASPK	2,Phospho[L];	TLDFDPLLSPASPK	2,Phospho[L];
20150615_HepG2_Phos_control_70ug_1.29302.29302.2.4.dta	TLDFDPLLSPASPK	9,Phospho[S];	0.000000	14.529664	0.273333	0.393030	0.184360	0.033333	0.019629	0.6428571428571429	[0, 0, 0, 0, 0, 0, 0, 0, 0, 0, 0, 0, 0, 0, 0, 0, 0, 0, 1, 0, 0, 0, 0, 0, 0, 0]	[0, 0, 1, 0, 0]	TLDFDPLLSAPSPK	12,Phospho[S];	TLDFDPITVPASPK	8,Phospho[T];	TLDFDIPLSPASPK	8,Phospho[L];
20150615_HepG2_Phos_control_70ug_1.29302.29302.2.4.dta	TLDFDPLLSPASPK	12,Phospho[S];	1.000000	14.388764	0.293333	0.404516	0.523130	0.020000	0.010979	0.8571428571428571	[0, 0, 0, 0, 0, 0, 0, 0, 0, 0, 0, 0, 0, 0, 0, 0, 0, 0, 1, 0, 0, 0, 0, 0, 0, 0]	[0, 0, 1, 0, 0]	TLDFDPLLSPGTKP	12,Phospho[T];	TLDFDPLLSPPASK	13,Phospho[S];	TLDFDPLLSPASKP	11,Phospho[A];
20150615_HepG2_Phos_control_70ug_1.29302.29302.2.4.dta	TLDFDPLLSPASPK	8,Phospho[L];	-1.000000	15.070675	0.253333	0.389721	1.244793	0.013333	0.031884	0.5714285714285714	[0, 0, 0, 0, 0, 0, 0, 0, 0, 0, 0, 1, 0, 0, 0, 0, 0, 0, 0, 0, 0, 0, 0, 0, 0, 0]	[0, 0, 1, 0, 0]	TLDFDPIISPASPK	10,Phospho[P];	TLDFDPITVPASPK	9,Phospho[V];	TLDFDPLVTPASPK	8,Phospho[V];
20150615_HepG2_Phos_control_70ug_1.29302.29302.2.4.dta	TLDFDPLLSPASPK	1,Phospho[T];	-1.000000	7.793298	0.206667	0.274019	-1.110690	0.013333	0.011592	0.07142857142857142	[0, 0, 0, 0, 0, 0, 0, 0, 0, 0, 0, 0, 0, 0, 0, 0, 0, 0, 0, 1, 0, 0, 0, 0, 0, 0]	[0, 0, 1, 0, 0]	TIDFDPLLSPASPK	3,Phospho[D];	TLDFDPLLSPASPK	2,Phospho[L];	TLDFDPLLSPASPK	2,Phospho[L];
20150615_HepG2_Phos_control_70ug_1.29302.29302.2.4.dta	TLDFDPLLSPASPK	2,Phospho[L];	-1.000000	7.781923	0.193333	0.262427	-1.498771	0.000000	-0.004142	0.14285714285714285	[0, 0, 0, 0, 0, 0, 0, 0, 0, 0, 0, 1, 0, 0, 0, 0, 0, 0, 0, 0, 0, 0, 0, 0, 0, 0]	[0, 0, 1, 0, 0]	TEVFDPLLSPASPK	4,Phospho[F];	DTIFDPLLSPASPK	4,Phospho[F];	TIFDDPLLSPASPK	1,Phospho[T];
